# Blender 3.5.0
# www.blender.org
mtllib Street Lamp.mtl
o Lamp
v 0.114321 4.289341 -0.152579
v 0.279044 4.919953 -0.323135
v 0.132154 4.289049 -0.147396
v 0.299861 4.919591 -0.317000
v 0.147396 4.289049 -0.132154
v 0.152579 4.289341 -0.114321
v 0.323135 4.919953 -0.279044
v 0.317000 4.919591 -0.299861
v 0.281944 4.923290 -0.281944
v 0.122502 4.292237 -0.122502
v 0.281944 4.923290 0.281944
v 0.122502 4.292237 0.122502
v -0.281944 4.923290 -0.281944
v -0.122502 4.292237 -0.122502
v -0.281944 4.923290 0.281944
v -0.121834 4.292237 0.121834
v -0.132154 4.289049 0.147396
v -0.114321 4.289341 0.152579
v -0.279044 4.919953 0.323135
v -0.299861 4.919591 0.317000
v -0.147396 4.289049 0.132154
v -0.317000 4.919591 0.299861
v -0.152579 4.289341 0.114321
v -0.323135 4.919953 0.279044
v 0.299861 4.919591 0.317000
v 0.279044 4.919953 0.323135
v 0.114321 4.289341 0.152579
v 0.132154 4.289049 0.147396
v 0.317000 4.919591 0.299861
v 0.147396 4.289049 0.132154
v 0.323135 4.919953 0.279044
v 0.152579 4.289341 0.114321
v -0.299861 4.919591 -0.317000
v -0.279044 4.919953 -0.323135
v -0.114321 4.289341 -0.152579
v -0.132154 4.289049 -0.147396
v -0.317000 4.919591 -0.299861
v -0.147396 4.289049 -0.132154
v -0.323135 4.919953 -0.279044
v -0.152579 4.289341 -0.114321
v 0.000000 4.928245 0.285606
v 0.000000 4.292237 0.130857
v 0.000000 4.292237 -0.130857
v 0.000000 4.928245 -0.285606
v -0.285606 4.928245 -0.000000
v -0.130857 4.292237 0.000000
v 0.130857 4.292237 0.000000
v 0.285606 4.928245 -0.000000
v 0.307173 4.923290 -0.294021
v 0.311986 4.923290 -0.276056
v 0.294021 4.923290 -0.307173
v 0.276056 4.923290 -0.311986
v -0.276056 4.923290 0.311986
v -0.294021 4.923290 0.307173
v -0.307173 4.923290 0.294021
v -0.311986 4.923290 0.276056
v 0.294021 4.923290 0.307173
v 0.276056 4.923290 0.311986
v 0.307173 4.923290 0.294021
v 0.311986 4.923290 0.276056
v -0.294021 4.923290 -0.307173
v -0.276056 4.923290 -0.311986
v -0.307173 4.923290 -0.294021
v -0.311986 4.923290 -0.276056
v 0.000000 4.924829 -0.311986
v 0.311986 4.924829 -0.000000
v -0.311986 4.924829 -0.000000
v 0.000000 4.924829 0.311986
v -0.055865 4.292237 -0.130857
v -0.055865 4.292237 0.130857
v -0.138028 4.923297 0.311986
v -0.138028 4.923297 -0.311986
v -0.140972 4.924396 0.283775
v -0.140972 4.924396 -0.283775
v -0.165388 4.958112 0.000000
v 0.138028 4.923297 -0.311986
v 0.138028 4.923297 0.311986
v 0.055865 4.292237 0.130857
v 0.055865 4.292237 -0.130857
v 0.140972 4.924396 -0.283775
v 0.140972 4.924396 0.283775
v 0.165388 4.958112 -0.000000
v 0.311986 4.923297 0.138028
v -0.311986 4.923297 0.138028
v -0.130857 4.292237 0.055865
v 0.130857 4.292237 0.055865
v 0.283775 4.924396 0.140972
v -0.283775 4.924396 0.140972
v 0.000000 4.958112 0.165388
v -0.116947 4.958112 0.116947
v 0.116947 4.958112 0.116947
v 0.130857 4.292237 -0.055865
v -0.130857 4.292237 -0.055865
v -0.311986 4.923297 -0.138028
v 0.311986 4.923297 -0.138028
v -0.283775 4.924396 -0.140972
v 0.283775 4.924396 -0.140972
v -0.000000 4.958112 -0.165388
v -0.116947 4.958112 -0.116947
v 0.116947 4.958112 -0.116947
v -0.130857 4.292237 0.027932
v 0.130857 4.292237 0.027932
v -0.152799 4.958112 0.063291
v 0.311986 4.924189 0.069014
v -0.311986 4.924189 0.069014
v 0.284691 4.927074 0.070486
v -0.284691 4.927074 0.070486
v 0.152799 4.958112 0.063291
v -0.311986 4.924189 -0.069014
v 0.311986 4.924189 -0.069014
v -0.284691 4.927074 -0.070486
v 0.284691 4.927074 -0.070486
v 0.152799 4.958112 -0.063291
v 0.130857 4.292237 -0.027932
v -0.130857 4.292237 -0.027932
v -0.152799 4.958112 -0.063291
v -0.069014 4.924189 0.311986
v -0.069014 4.924189 -0.311986
v -0.070486 4.927074 0.284691
v -0.070486 4.927074 -0.284691
v -0.027932 4.292237 -0.130857
v -0.027932 4.292237 0.130857
v -0.063291 4.958112 0.152799
v -0.063291 4.958112 -0.152799
v 0.027932 4.292237 0.130857
v 0.027932 4.292237 -0.130857
v 0.069014 4.924189 -0.311986
v 0.069014 4.924189 0.311986
v 0.070486 4.927074 -0.284691
v 0.070486 4.927074 0.284691
v 0.063291 4.958112 0.152799
v 0.063291 4.958112 -0.152799
v 0.207042 4.923290 -0.311986
v 0.207042 4.923290 0.311986
v 0.211458 4.923290 -0.282859
v 0.211458 4.923290 0.282859
v 0.214205 4.944271 -0.000000
v 0.083797 4.292237 0.130857
v 0.083797 4.292237 -0.130857
v 0.212831 4.934017 0.141430
v 0.212831 4.934017 -0.141430
v 0.213518 4.941419 0.070715
v 0.213518 4.941419 -0.070715
v -0.083797 4.292237 -0.130857
v -0.083797 4.292237 0.130857
v -0.207042 4.923290 0.311986
v -0.207042 4.923290 -0.311986
v -0.211458 4.923290 0.282859
v -0.211458 4.923290 -0.282859
v -0.214205 4.944271 -0.000000
v -0.212831 4.934017 0.141430
v -0.212831 4.934017 -0.141430
v -0.213518 4.941419 0.070715
v -0.213518 4.941419 -0.070715
v 0.130857 4.292237 -0.083797
v -0.130857 4.292237 -0.083797
v 0.000000 4.944271 -0.214205
v -0.141430 4.934017 -0.212831
v -0.311986 4.923290 -0.207042
v 0.311986 4.923290 -0.207042
v -0.282859 4.923290 -0.211458
v 0.282859 4.923290 -0.211458
v 0.141430 4.934017 -0.212831
v -0.070715 4.941419 -0.213518
v 0.070715 4.941419 -0.213518
v 0.212144 4.926163 -0.212144
v -0.212144 4.926163 -0.212144
v 0.311986 4.923290 0.207042
v -0.311986 4.923290 0.207042
v 0.282859 4.923290 0.211458
v -0.282859 4.923290 0.211458
v 0.000000 4.944271 0.214205
v 0.141430 4.934017 0.212831
v -0.130857 4.292237 0.083797
v 0.130857 4.292237 0.083797
v -0.141430 4.934017 0.212831
v -0.070715 4.941419 0.213518
v 0.070715 4.941419 0.213518
v 0.212144 4.926163 0.212144
v -0.212144 4.926163 0.212144
v -0.000000 5.065316 -0.000000
v -0.105086 5.045464 0.000000
v 0.105086 5.045464 -0.000000
v 0.000000 5.045464 0.105086
v -0.074307 5.045464 0.074307
v 0.074307 5.045464 0.074307
v -0.000000 5.045464 -0.105086
v -0.074307 5.045464 -0.074307
v 0.074307 5.045464 -0.074307
v -0.097087 5.045464 0.040215
v -0.000000 5.060620 0.045368
v 0.097087 5.045464 0.040215
v 0.097087 5.045464 -0.040215
v -0.000000 5.060620 -0.045368
v -0.097087 5.045464 -0.040215
v -0.045368 5.060620 -0.000000
v -0.040215 5.045464 0.097087
v -0.040215 5.045464 -0.097087
v -0.045222 5.056602 0.045222
v -0.045222 5.056602 -0.045222
v 0.045368 5.060620 -0.000000
v 0.040215 5.045464 0.097087
v 0.040215 5.045464 -0.097087
v 0.045222 5.056602 0.045222
v 0.045222 5.056602 -0.045222
v 0.142905 4.292237 -0.111729
v 0.138728 4.292237 -0.127317
v 0.127317 4.292237 -0.138728
v 0.111729 4.292237 -0.142905
v -0.127317 4.292237 0.138728
v -0.111729 4.292237 0.142905
v -0.138728 4.292237 0.127317
v -0.142905 4.292237 0.111729
v 0.111729 4.292237 0.142905
v 0.127317 4.292237 0.138728
v 0.138728 4.292237 0.127317
v 0.142905 4.292237 0.111729
v -0.111729 4.292237 -0.142905
v -0.127317 4.292237 -0.138728
v -0.138728 4.292237 -0.127317
v -0.142905 4.292237 -0.111729
v -0.083797 4.292237 -0.142905
v 0.142905 4.292237 -0.083797
v -0.142905 4.292237 -0.083797
v -0.083797 4.292237 0.142905
v 0.027932 4.292237 0.142905
v 0.000000 4.292237 0.142905
v 0.027932 4.292237 -0.142905
v 0.000000 4.292237 -0.142905
v -0.142905 4.292237 0.027932
v -0.142905 4.292237 0.000000
v 0.142905 4.292237 0.027932
v 0.142905 4.292237 0.000000
v -0.027932 4.292237 -0.142905
v -0.055865 4.292237 -0.142905
v -0.027932 4.292237 0.142905
v -0.055865 4.292237 0.142905
v 0.083797 4.292237 0.142905
v 0.055865 4.292237 0.142905
v 0.083797 4.292237 -0.142905
v 0.055865 4.292237 -0.142905
v -0.142905 4.292237 0.083797
v -0.142905 4.292237 0.055865
v 0.142905 4.292237 0.083797
v 0.142905 4.292237 0.055865
v 0.142905 4.292237 -0.027932
v 0.142905 4.292237 -0.055865
v -0.142905 4.292237 -0.027932
v -0.142905 4.292237 -0.055865
v 0.000000 4.292237 0.064313
v 0.000000 4.842117 0.280025
v -0.290628 4.837654 -0.248694
v -0.284811 4.837313 -0.268463
v -0.268463 4.837313 -0.284811
v 0.000000 4.292237 -0.064313
v -0.248694 4.837654 -0.290628
v 0.032157 4.292237 0.055697
v 0.290628 4.837654 0.248694
v 0.284811 4.837313 0.268463
v 0.268463 4.837313 0.284811
v 0.248694 4.837654 0.290628
v -0.032157 4.292237 -0.055697
v -0.290628 4.837654 0.248694
v -0.032157 4.292237 0.055697
v -0.284811 4.837313 0.268463
v -0.268463 4.837313 0.284811
v -0.280025 4.840827 -0.245853
v -0.245853 4.840827 -0.280025
v 0.032157 4.292237 -0.055697
v 0.280025 4.840827 0.245853
v 0.045476 4.292237 0.045476
v 0.055697 4.292237 0.032157
v 0.062122 4.292237 0.016646
v -0.062122 4.292237 -0.016646
v -0.055697 4.292237 -0.032157
v -0.045476 4.292237 -0.045476
v 0.064313 4.292237 0.000000
v -0.016646 4.292237 0.062122
v 0.245853 4.840827 0.280025
v -0.280025 4.840827 0.245853
v -0.245853 4.840827 0.280025
v 0.245853 4.840827 -0.280025
v 0.016646 4.292237 -0.062122
v 0.280025 4.840827 -0.245853
v 0.016646 4.292237 0.062122
v 0.248694 4.837654 -0.290628
v 0.284811 4.837313 -0.268463
v 0.268463 4.837313 -0.284811
v -0.248694 4.837654 0.290628
v -0.016646 4.292237 -0.062122
v 0.290628 4.837654 -0.248694
v -0.045476 4.292237 0.045476
v -0.055697 4.292237 0.032157
v -0.062122 4.292237 0.016646
v 0.062122 4.292237 -0.016646
v 0.055697 4.292237 -0.032157
v 0.045476 4.292237 -0.045476
v -0.064313 4.292237 0.000000
v 0.000000 1.926851 0.096731
v -0.102510 1.904093 -0.027468
v 0.102510 1.904093 0.027468
v 0.091908 1.904093 0.053063
v 0.075043 1.904093 0.075043
v 0.000000 1.926851 -0.096731
v -0.116223 1.878302 -0.031142
v 0.048365 1.926851 0.083771
v 0.053063 1.904093 -0.091908
v 0.116223 1.878302 0.031142
v 0.104203 1.878302 0.060161
v 0.085081 1.878302 0.085081
v -0.048365 1.926851 -0.083771
v -0.122088 1.855545 -0.032713
v -0.048365 1.926851 0.083771
v -0.053063 1.904093 0.091908
v 0.060161 1.878302 -0.104203
v -0.053063 1.904093 -0.091908
v 0.122088 1.855545 0.032713
v 0.048365 1.926851 -0.083771
v 0.109461 1.855545 0.063198
v 0.068399 1.926851 0.068399
v 0.083771 1.926851 0.048365
v 0.093435 1.926851 0.025036
v -0.093435 1.926851 -0.025036
v -0.083771 1.926851 -0.048365
v -0.068399 1.926851 -0.068399
v 0.096731 1.926851 0.000000
v -0.025036 1.926851 0.093435
v 0.089375 1.855545 0.089375
v -0.108764 1.834305 -0.029143
v 0.053063 1.904093 0.091908
v -0.060161 1.878302 0.104203
v 0.025036 1.926851 -0.093435
v 0.000000 1.904093 -0.106127
v 0.025036 1.926851 0.093435
v 0.063198 1.855545 -0.109461
v -0.060161 1.878302 -0.104203
v 0.108764 1.834305 0.029143
v 0.097515 1.834305 0.056301
v -0.025036 1.926851 -0.093435
v 0.000000 1.904093 0.106127
v -0.068399 1.926851 0.068399
v -0.083771 1.926851 0.048365
v -0.093435 1.926851 0.025036
v 0.093435 1.926851 -0.025036
v 0.083771 1.926851 -0.048365
v 0.068399 1.926851 -0.068399
v -0.096731 1.926851 0.000000
v 0.000000 4.842117 -0.280025
v -0.280025 4.842117 -0.000000
v 0.280025 4.842117 -0.000000
v -0.122927 4.840834 -0.280025
v -0.122927 4.840834 0.280025
v 0.122927 4.840834 0.280025
v 0.122927 4.840834 -0.280025
v -0.280025 4.840834 0.122927
v 0.280025 4.840834 0.122927
v 0.280025 4.840834 -0.122927
v -0.280025 4.840834 -0.122927
v 0.280025 4.841580 0.061463
v -0.280025 4.841580 0.061463
v -0.280025 4.841580 -0.061463
v 0.280025 4.841580 -0.061463
v -0.061463 4.841580 0.280025
v -0.061463 4.841580 -0.280025
v 0.061463 4.841580 -0.280025
v 0.061463 4.841580 0.280025
v 0.184390 4.840827 0.280025
v 0.184390 4.840827 -0.280025
v -0.184390 4.840827 -0.280025
v -0.184390 4.840827 0.280025
v 0.280025 4.840827 -0.184390
v -0.280025 4.840827 -0.184390
v -0.280025 4.840827 0.184390
v 0.280025 4.840827 0.184390
v 0.193422 4.392744 -0.152453
v 0.183062 4.395844 -0.149677
v -0.183062 4.395844 0.149677
v 0.149677 4.395844 0.183062
v -0.149677 4.395844 -0.183062
v -0.171604 4.392426 0.187839
v -0.187839 4.392426 0.171604
v -0.193422 4.392744 0.152453
v 0.152453 4.392744 0.193422
v -0.152453 4.392744 -0.193422
v 0.000000 4.396159 0.183062
v 0.000000 4.396159 -0.183062
v -0.183062 4.396159 -0.000000
v 0.183062 4.396159 -0.000000
v -0.074839 4.395846 -0.183062
v -0.074839 4.395846 0.183062
v 0.074839 4.395846 0.183062
v 0.074839 4.395846 -0.183062
v -0.183062 4.395846 0.074839
v 0.183062 4.395846 0.074839
v 0.183062 4.395846 -0.074839
v -0.183062 4.395846 -0.074839
v 0.183062 4.396028 0.037419
v -0.183062 4.396028 0.037419
v -0.183062 4.396028 -0.037419
v 0.183062 4.396028 -0.037419
v -0.037419 4.396028 0.183062
v -0.037419 4.396028 -0.183062
v 0.037419 4.396028 -0.183062
v 0.037419 4.396028 0.183062
v 0.112258 4.395844 0.183062
v 0.112258 4.395844 -0.183062
v -0.112258 4.395844 -0.183062
v -0.112258 4.395844 0.183062
v 0.183062 4.395844 -0.112258
v -0.183062 4.395844 -0.112258
v -0.183062 4.395844 0.112258
v 0.183062 4.395844 0.112258
v -0.193422 4.392744 -0.152453
v -0.187839 4.392426 -0.171604
v -0.171604 4.392426 -0.187839
v 0.193422 4.392744 0.152453
v 0.187839 4.392426 0.171604
v 0.171604 4.392426 0.187839
v -0.183062 4.395844 -0.149677
v 0.183062 4.395844 0.149677
v -0.149677 4.395844 0.183062
v 0.149677 4.395844 -0.183062
v 0.152453 4.392744 -0.193422
v 0.187839 4.392426 -0.171604
v 0.171604 4.392426 -0.187839
v -0.152453 4.392744 0.193422
v 0.000000 1.913196 0.100145
v 0.000000 1.893473 0.111581
v 0.000000 1.867682 0.126395
v 0.000000 1.841891 0.118860
v 0.000000 1.823685 0.104253
v 0.000000 1.913196 -0.100145
v 0.000000 1.806680 0.087949
v 0.050073 1.913196 0.086728
v 0.000000 1.893473 -0.111581
v 0.000000 1.769953 0.082049
v 0.055791 1.893473 0.096632
v 0.000000 1.867682 -0.126395
v -0.050073 1.913196 -0.086728
v 0.000000 1.752070 0.087942
v -0.050073 1.913196 0.086728
v 0.063198 1.867682 0.109461
v 0.000000 1.841891 -0.118860
v -0.055791 1.893473 -0.096632
v 0.000000 1.735389 0.097760
v 0.050073 1.913196 -0.086728
v -0.055791 1.893473 0.096632
v 0.070813 1.913196 0.070813
v 0.086728 1.913196 0.050073
v 0.096733 1.913196 0.025919
v -0.096733 1.913196 -0.025919
v -0.086728 1.913196 -0.050073
v -0.070813 1.913196 -0.070813
v 0.100145 1.913196 0.000000
v -0.025919 1.913196 0.096733
v 0.059430 1.841891 0.102936
v 0.000000 1.823685 -0.104253
v -0.063198 1.867682 -0.109461
v 0.000000 1.723097 0.108690
v 0.025919 1.913196 -0.096733
v 0.055791 1.893473 -0.096632
v 0.025919 1.913196 0.096733
v -0.063198 1.867682 0.109461
v 0.078900 1.893473 0.078900
v 0.096632 1.893473 0.055791
v 0.107779 1.893473 0.028879
v -0.025919 1.913196 -0.096733
v -0.107779 1.893473 -0.028879
v -0.070813 1.913196 0.070813
v -0.086728 1.913196 0.050073
v -0.096733 1.913196 0.025919
v 0.096733 1.913196 -0.025919
v 0.086728 1.913196 -0.050073
v 0.070813 1.913196 -0.070813
v -0.100145 1.913196 0.000000
v -0.091908 1.904093 -0.053063
v -0.075043 1.904093 -0.075043
v 0.106127 1.904093 0.000000
v -0.027468 1.904093 0.102510
v 0.079621 1.834305 0.079621
v -0.092752 1.814582 -0.024853
v 0.060161 1.878302 0.104203
v -0.063198 1.855545 0.109461
v 0.027468 1.904093 -0.102510
v 0.000000 1.878302 -0.120323
v 0.027468 1.904093 0.102510
v 0.056301 1.834305 -0.097515
v -0.063198 1.855545 -0.109461
v 0.092752 1.814582 0.024853
v 0.083159 1.814582 0.048012
v -0.027468 1.904093 -0.102510
v 0.000000 1.878302 0.120323
v -0.075043 1.904093 0.075043
v -0.091908 1.904093 0.053063
v -0.102510 1.904093 0.027468
v 0.102510 1.904093 -0.027468
v 0.091908 1.904093 -0.053063
v 0.075043 1.904093 -0.075043
v -0.106127 1.904093 0.000000
v -0.096632 1.893473 -0.055791
v -0.078900 1.893473 -0.078900
v 0.111581 1.893473 0.000000
v -0.028879 1.893473 0.107779
v 0.052126 1.823685 0.090286
v 0.000000 1.806680 -0.087949
v -0.059430 1.841891 -0.102936
v 0.000000 1.709927 0.121763
v 0.028879 1.893473 -0.107779
v 0.063198 1.867682 -0.109461
v 0.028879 1.893473 0.107779
v -0.059430 1.841891 0.102936
v 0.089375 1.867682 0.089375
v 0.109461 1.867682 0.063198
v 0.122088 1.867682 0.032713
v -0.028879 1.893473 -0.107779
v -0.122088 1.867682 -0.032713
v -0.078900 1.893473 0.078900
v -0.096632 1.893473 0.055791
v -0.107779 1.893473 0.028879
v 0.107779 1.893473 -0.028879
v 0.096632 1.893473 -0.055791
v 0.078900 1.893473 -0.078900
v -0.111581 1.893473 0.000000
v -0.104203 1.878302 -0.060161
v -0.085081 1.878302 -0.085081
v 0.120323 1.878302 0.000000
v -0.031142 1.878302 0.116223
v 0.067899 1.814582 0.067899
v -0.079253 1.798779 -0.021236
v 0.063198 1.855545 0.109461
v -0.056301 1.834305 0.097515
v 0.031142 1.878302 -0.116223
v 0.000000 1.855545 -0.126395
v 0.031142 1.878302 0.116223
v 0.048012 1.814582 -0.083159
v -0.056301 1.834305 -0.097515
v 0.079253 1.798779 0.021236
v 0.071056 1.798779 0.041024
v -0.031142 1.878302 -0.116223
v 0.000000 1.855545 0.126395
v -0.085081 1.878302 0.085081
v -0.104203 1.878302 0.060161
v -0.116223 1.878302 0.031142
v 0.116223 1.878302 -0.031142
v 0.104203 1.878302 -0.060161
v 0.085081 1.878302 -0.085081
v -0.120323 1.878302 0.000000
v -0.109461 1.867682 -0.063198
v -0.089375 1.867682 -0.089375
v 0.126395 1.867682 0.000000
v -0.032713 1.867682 0.122088
v 0.043975 1.806680 0.076166
v 0.000000 1.769953 -0.082049
v -0.052126 1.823685 -0.090286
v 0.000000 1.699391 0.136912
v 0.032713 1.867682 -0.122088
v 0.059430 1.841891 -0.102936
v 0.032713 1.867682 0.122088
v -0.052126 1.823685 0.090286
v 0.084047 1.841891 0.084047
v 0.102936 1.841891 0.059430
v 0.114810 1.841891 0.030763
v -0.032713 1.867682 -0.122088
v -0.114810 1.841891 -0.030763
v -0.089375 1.867682 0.089375
v -0.109461 1.867682 0.063198
v -0.122088 1.867682 0.032713
v 0.122088 1.867682 -0.032713
v 0.109461 1.867682 -0.063198
v 0.089375 1.867682 -0.089375
v -0.126395 1.867682 0.000000
v -0.109461 1.855545 -0.063198
v -0.089375 1.855545 -0.089375
v 0.126395 1.855545 0.000000
v -0.032713 1.855545 0.122088
v 0.058017 1.798779 0.058017
v -0.081695 1.760850 -0.021890
v 0.056301 1.834305 0.097515
v -0.048012 1.814582 0.083159
v 0.032713 1.855545 -0.122088
v 0.000000 1.834305 -0.112601
v 0.032713 1.855545 0.122088
v 0.041024 1.798779 -0.071056
v -0.048012 1.814582 -0.083159
v 0.081695 1.760850 0.021890
v 0.073246 1.760850 0.042289
v -0.032713 1.855545 -0.122088
v 0.000000 1.834305 0.112601
v -0.089375 1.855545 0.089375
v -0.109461 1.855545 0.063198
v -0.122088 1.855545 0.032713
v 0.122088 1.855545 -0.032713
v 0.109461 1.855545 -0.063198
v 0.089375 1.855545 -0.089375
v -0.126395 1.855545 0.000000
v -0.102936 1.841891 -0.059430
v -0.084047 1.841891 -0.084047
v 0.118860 1.841891 0.000000
v -0.030763 1.841891 0.114810
v 0.041024 1.769953 0.071056
v 0.000000 1.752070 -0.087942
v -0.043975 1.806680 -0.076166
v 0.000000 1.685344 0.156074
v 0.030763 1.841891 -0.114810
v 0.052126 1.823685 -0.090286
v 0.030763 1.841891 0.114810
v -0.043975 1.806680 0.076166
v 0.073718 1.823685 0.073718
v 0.090286 1.823685 0.052126
v 0.100700 1.823685 0.026983
v -0.030763 1.841891 -0.114810
v -0.100700 1.823685 -0.026983
v -0.084047 1.841891 0.084047
v -0.102936 1.841891 0.059430
v -0.114810 1.841891 0.030763
v 0.114810 1.841891 -0.030763
v 0.102936 1.841891 -0.059430
v 0.084047 1.841891 -0.084047
v -0.118860 1.841891 0.000000
v -0.097515 1.834305 -0.056301
v -0.079621 1.834305 -0.079621
v 0.112601 1.834305 0.000000
v -0.029143 1.834305 0.108764
v 0.059805 1.760850 0.059805
v -0.089847 1.744168 -0.024074
v 0.048012 1.814582 0.083159
v -0.041024 1.798779 0.071056
v 0.029143 1.834305 -0.108764
v 0.000000 1.814582 -0.096024
v 0.029143 1.834305 0.108764
v 0.042289 1.760850 -0.073246
v -0.041024 1.798779 -0.071056
v 0.089847 1.744168 0.024074
v 0.080555 1.744168 0.046508
v -0.029143 1.834305 -0.108764
v 0.000000 1.814582 0.096024
v -0.079621 1.834305 0.079621
v -0.097515 1.834305 0.056301
v -0.108764 1.834305 0.029143
v 0.108764 1.834305 -0.029143
v 0.097515 1.834305 -0.056301
v 0.079621 1.834305 -0.079621
v -0.112601 1.834305 0.000000
v -0.090286 1.823685 -0.052126
v -0.073718 1.823685 -0.073718
v 0.104253 1.823685 0.000000
v -0.026983 1.823685 0.100700
v 0.043971 1.752070 0.076160
v 0.000000 1.735389 -0.097760
v -0.041024 1.769953 -0.071056
v 0.000000 1.672174 0.174024
v 0.026983 1.823685 -0.100700
v 0.043975 1.806680 -0.076166
v 0.026983 1.823685 0.100700
v -0.041024 1.769953 0.071056
v 0.062189 1.806680 0.062189
v 0.076166 1.806680 0.043975
v 0.084952 1.806680 0.022763
v -0.026983 1.823685 -0.100700
v -0.084952 1.806680 -0.022763
v -0.073718 1.823685 0.073718
v -0.090286 1.823685 0.052126
v -0.100700 1.823685 0.026983
v 0.100700 1.823685 -0.026983
v 0.090286 1.823685 -0.052126
v 0.073718 1.823685 -0.073718
v -0.104253 1.823685 0.000000
v -0.083159 1.814582 -0.048012
v -0.067899 1.814582 -0.067899
v 0.096024 1.814582 0.000000
v -0.024853 1.814582 0.092752
v 0.065773 1.744168 0.065773
v -0.099762 1.728365 -0.026731
v 0.041024 1.798779 0.071056
v -0.042289 1.760850 0.073246
v 0.024853 1.814582 -0.092752
v 0.000000 1.798779 -0.082049
v 0.024853 1.814582 0.092752
v 0.046508 1.744168 -0.080555
v -0.042289 1.760850 -0.073246
v 0.099762 1.728365 0.026731
v 0.089444 1.728365 0.051641
v -0.024853 1.814582 -0.092752
v 0.000000 1.798779 0.082049
v -0.067899 1.814582 0.067899
v -0.083159 1.814582 0.048012
v -0.092752 1.814582 0.024853
v 0.092752 1.814582 -0.024853
v 0.083159 1.814582 -0.048012
v 0.067899 1.814582 -0.067899
v -0.096024 1.814582 0.000000
v -0.076166 1.806680 -0.043975
v -0.062189 1.806680 -0.062189
v 0.087949 1.806680 0.000000
v -0.022763 1.806680 0.084952
v 0.048880 1.735389 0.084663
v 0.000000 1.723097 -0.108690
v -0.043971 1.752070 -0.076160
v 0.000000 1.658126 0.186113
v 0.022763 1.806680 -0.084952
v 0.041024 1.769953 -0.071056
v 0.022763 1.806680 0.084952
v -0.043971 1.752070 0.076160
v 0.058017 1.769953 0.058017
v 0.071056 1.769953 0.041024
v 0.079253 1.769953 0.021236
v -0.022763 1.806680 -0.084952
v -0.079253 1.769953 -0.021236
v -0.062189 1.806680 0.062189
v -0.076166 1.806680 0.043975
v -0.084952 1.806680 0.022763
v 0.084952 1.806680 -0.022763
v 0.076166 1.806680 -0.043975
v 0.062189 1.806680 -0.062189
v -0.087949 1.806680 0.000000
v -0.071056 1.798779 -0.041024
v -0.058017 1.798779 -0.058017
v 0.082049 1.798779 0.000000
v -0.021236 1.798779 0.079253
v 0.073031 1.728365 0.073031
v -0.110769 1.717829 -0.029681
v 0.042289 1.760850 0.073246
v -0.046508 1.744168 0.080555
v 0.021236 1.798779 -0.079253
v 0.000000 1.760850 -0.084577
v 0.021236 1.798779 0.079253
v 0.051641 1.728365 -0.089444
v -0.046508 1.744168 -0.080555
v 0.110769 1.717829 0.029681
v 0.099313 1.717829 0.057338
v -0.021236 1.798779 -0.079253
v 0.000000 1.760850 0.084577
v -0.058017 1.798779 0.058017
v -0.071056 1.798779 0.041024
v -0.079253 1.798779 0.021236
v 0.079253 1.798779 -0.021236
v 0.071056 1.798779 -0.041024
v 0.058017 1.798779 -0.058017
v -0.082049 1.798779 0.000000
v -0.071056 1.769953 -0.041024
v -0.058017 1.769953 -0.058017
v 0.082049 1.769953 0.000000
v -0.021236 1.769953 0.079253
v 0.054345 1.723097 0.094128
v 0.000000 1.709927 -0.121763
v -0.048880 1.735389 -0.084663
v 0.000000 1.642322 0.202597
v 0.021236 1.769953 -0.079253
v 0.043971 1.752070 -0.076160
v 0.021236 1.769953 0.079253
v -0.048880 1.735389 0.084663
v 0.062184 1.752070 0.062184
v 0.076160 1.752070 0.043971
v 0.084945 1.752070 0.022761
v -0.021236 1.769953 -0.079253
v -0.084945 1.752070 -0.022761
v -0.058017 1.769953 0.058017
v -0.071056 1.769953 0.041024
v -0.079253 1.769953 0.021236
v 0.079253 1.769953 -0.021236
v 0.071056 1.769953 -0.041024
v 0.058017 1.769953 -0.058017
v -0.082049 1.769953 0.000000
v -0.073246 1.760850 -0.042289
v -0.059805 1.760850 -0.059805
v 0.084577 1.760850 0.000000
v -0.021890 1.760850 0.081695
v 0.081089 1.717829 0.081089
v -0.124986 1.704659 -0.033490
v 0.046508 1.744168 0.080555
v -0.051641 1.728365 0.089444
v 0.021890 1.760850 -0.081695
v 0.000000 1.744168 -0.093017
v 0.021890 1.760850 0.081695
v 0.057338 1.717829 -0.099313
v -0.051641 1.728365 -0.089444
v 0.124986 1.704659 0.033490
v 0.112059 1.704659 0.064697
v -0.021890 1.760850 -0.081695
v 0.000000 1.744168 0.093017
v -0.059805 1.760850 0.059805
v -0.073246 1.760850 0.042289
v -0.081695 1.760850 0.021890
v 0.081695 1.760850 -0.021890
v 0.073246 1.760850 -0.042289
v 0.059805 1.760850 -0.059805
v -0.084577 1.760850 0.000000
v -0.076160 1.752070 -0.043971
v -0.062184 1.752070 -0.062184
v 0.087942 1.752070 0.000000
v -0.022761 1.752070 0.084945
v 0.060882 1.709927 0.105450
v 0.000000 1.699391 -0.136912
v -0.054345 1.723097 -0.094128
v 0.000000 0.673143 0.213229
v 0.022761 1.752070 -0.084945
v 0.048880 1.735389 -0.084663
v 0.022761 1.752070 0.084945
v -0.054345 1.723097 0.094128
v 0.069127 1.735389 0.069127
v 0.084663 1.735389 0.048880
v 0.094429 1.735389 0.025302
v -0.022761 1.752070 -0.084945
v -0.094429 1.735389 -0.025302
v -0.062184 1.752070 0.062184
v -0.076160 1.752070 0.043971
v -0.084945 1.752070 0.022761
v 0.084945 1.752070 -0.022761
v 0.076160 1.752070 -0.043971
v 0.062184 1.752070 -0.062184
v -0.087942 1.752070 0.000000
v -0.080555 1.744168 -0.046508
v -0.065773 1.744168 -0.065773
v 0.093017 1.744168 0.000000
v -0.024074 1.744168 0.089847
v 0.091496 1.704659 0.091496
v -0.140508 1.692367 -0.037649
v 0.051641 1.728365 0.089444
v -0.057338 1.717829 0.099313
v 0.024074 1.744168 -0.089847
v 0.000000 1.728365 -0.103282
v 0.024074 1.744168 0.089847
v 0.064697 1.704659 -0.112059
v -0.057338 1.717829 -0.099313
v 0.140508 1.692367 0.037649
v 0.125976 1.692367 0.072732
v -0.024074 1.744168 -0.089847
v 0.000000 1.728365 0.103282
v -0.065773 1.744168 0.065773
v -0.080555 1.744168 0.046508
v -0.089847 1.744168 0.024074
v 0.089847 1.744168 -0.024074
v 0.080555 1.744168 -0.046508
v 0.065773 1.744168 -0.065773
v -0.093017 1.744168 0.000000
v -0.084663 1.735389 -0.048880
v -0.069127 1.735389 -0.069127
v 0.097760 1.735389 0.000000
v -0.025302 1.735389 0.094429
v 0.068456 1.699391 0.118569
v 0.000000 1.685344 -0.156074
v -0.060882 1.709927 -0.105450
v -0.232124 0.645750 -0.062197
v 0.025302 1.735389 -0.094429
v 0.054345 1.723097 -0.094128
v 0.025302 1.735389 0.094429
v -0.060882 1.709927 0.105450
v 0.076855 1.723097 0.076855
v 0.094128 1.723097 0.054345
v 0.104986 1.723097 0.028131
v -0.025302 1.735389 -0.094429
v -0.104986 1.723097 -0.028131
v -0.069127 1.735389 0.069127
v -0.084663 1.735389 0.048880
v -0.094429 1.735389 0.025302
v 0.094429 1.735389 -0.025302
v 0.084663 1.735389 -0.048880
v 0.069127 1.735389 -0.069127
v -0.097760 1.735389 0.000000
v -0.089444 1.728365 -0.051641
v -0.073031 1.728365 -0.073031
v 0.103282 1.728365 0.000000
v -0.026731 1.728365 0.099762
v 0.102859 1.692367 0.102859
v -0.157602 1.680076 -0.042229
v 0.057338 1.717829 0.099313
v -0.064697 1.704659 0.112059
v 0.026731 1.728365 -0.099762
v 0.000000 1.717829 -0.114677
v 0.026731 1.728365 0.099762
v 0.072732 1.692367 -0.125976
v -0.064697 1.704659 -0.112059
v 0.157602 1.680076 0.042229
v 0.141302 1.680076 0.081581
v -0.026731 1.728365 -0.099762
v 0.000000 1.717829 0.114677
v -0.073031 1.728365 0.073031
v -0.089444 1.728365 0.051641
v -0.099762 1.728365 0.026731
v 0.099762 1.728365 -0.026731
v 0.089444 1.728365 -0.051641
v 0.073031 1.728365 -0.073031
v -0.103282 1.728365 0.000000
v -0.094128 1.723097 -0.054345
v -0.076855 1.723097 -0.076855
v 0.108690 1.723097 0.000000
v -0.028131 1.723097 0.104986
v 0.078037 1.685344 0.135164
v 0.000000 1.672174 -0.174024
v -0.068456 1.699391 -0.118569
v 0.232124 0.645750 0.062197
v 0.028131 1.723097 -0.104986
v 0.060882 1.709927 -0.105450
v 0.028131 1.723097 0.104986
v -0.068456 1.699391 0.118569
v 0.086100 1.709927 0.086100
v 0.105450 1.709927 0.060882
v 0.117614 1.709927 0.031515
v -0.028131 1.723097 -0.104986
v -0.117614 1.709927 -0.031515
v -0.076855 1.723097 0.076855
v -0.094128 1.723097 0.054345
v -0.104986 1.723097 0.028131
v 0.104986 1.723097 -0.028131
v 0.094128 1.723097 -0.054345
v 0.076855 1.723097 -0.076855
v -0.108690 1.723097 0.000000
v -0.099313 1.717829 -0.057338
v -0.081089 1.717829 -0.081089
v 0.114677 1.717829 0.000000
v -0.029681 1.717829 0.110769
v 0.115373 1.680076 0.115373
v -0.174314 1.665150 -0.046707
v 0.064697 1.704659 0.112059
v -0.072732 1.692367 0.125976
v 0.029681 1.717829 -0.110769
v 0.000000 1.704659 -0.129395
v 0.029681 1.717829 0.110769
v 0.081581 1.680076 -0.141302
v -0.072732 1.692367 -0.125976
v 0.174314 1.665150 0.046707
v 0.156285 1.665150 0.090231
v -0.029681 1.717829 -0.110769
v 0.000000 1.704659 0.129395
v -0.081089 1.717829 0.081089
v -0.099313 1.717829 0.057338
v -0.110769 1.717829 0.029681
v 0.110769 1.717829 -0.029681
v 0.099313 1.717829 -0.057338
v 0.081089 1.717829 -0.081089
v -0.114677 1.717829 0.000000
v -0.105450 1.709927 -0.060882
v -0.086100 1.709927 -0.086100
v 0.121763 1.709927 0.000000
v -0.031515 1.709927 0.117614
v 0.087012 1.672174 0.150709
v 0.000000 1.658126 -0.186113
v -0.078037 1.685344 -0.135164
v 0.208116 0.645750 0.120156
v 0.031515 1.709927 -0.117614
v 0.068456 1.699391 -0.118569
v 0.031515 1.709927 0.117614
v -0.078037 1.685344 0.135164
v 0.096812 1.699391 0.096812
v 0.118569 1.699391 0.068456
v 0.132247 1.699391 0.035435
v -0.031515 1.709927 -0.117614
v -0.132247 1.699391 -0.035435
v -0.086100 1.709927 0.086100
v -0.105450 1.709927 0.060882
v -0.117614 1.709927 0.031515
v 0.117614 1.709927 -0.031515
v 0.105450 1.709927 -0.060882
v 0.086100 1.709927 -0.086100
v -0.121763 1.709927 0.000000
v -0.112059 1.704659 -0.064697
v -0.091496 1.704659 -0.091496
v 0.129395 1.704659 0.000000
v -0.033490 1.704659 0.124986
v 0.127607 1.665150 0.127607
v -0.188667 1.651102 -0.050553
v 0.072732 1.692367 0.125976
v -0.081581 1.680076 0.141302
v 0.033490 1.704659 -0.124986
v 0.000000 1.692367 -0.145464
v 0.033490 1.704659 0.124986
v 0.090231 1.665150 -0.156285
v -0.081581 1.680076 -0.141302
v 0.188667 1.651102 0.050553
v 0.169154 1.651102 0.097661
v -0.033490 1.704659 -0.124986
v 0.000000 1.692367 0.145464
v -0.091496 1.704659 0.091496
v -0.112059 1.704659 0.064697
v -0.124986 1.704659 0.033490
v 0.124986 1.704659 -0.033490
v 0.112059 1.704659 -0.064697
v 0.091496 1.704659 -0.091496
v -0.129395 1.704659 0.000000
v -0.118569 1.699391 -0.068456
v -0.096812 1.699391 -0.096812
v 0.136912 1.699391 0.000000
v -0.035435 1.699391 0.132247
v 0.093057 1.658126 0.161179
v 0.000000 1.642322 -0.202597
v -0.087012 1.672174 -0.150709
v 0.169926 0.645750 0.169926
v 0.035435 1.699391 -0.132247
v 0.078037 1.685344 -0.135164
v 0.035435 1.699391 0.132247
v -0.087012 1.672174 0.150709
v 0.110361 1.685344 0.110361
v 0.135164 1.685344 0.078037
v 0.150756 1.685344 0.040395
v -0.035435 1.699391 -0.132247
v -0.150756 1.685344 -0.040395
v -0.096812 1.699391 0.096812
v -0.118569 1.699391 0.068456
v -0.132247 1.699391 0.035435
v 0.132247 1.699391 -0.035435
v 0.118569 1.699391 -0.068456
v 0.096812 1.699391 -0.096812
v -0.136912 1.699391 0.000000
v -0.125976 1.692367 -0.072732
v -0.102859 1.692367 -0.102859
v 0.145464 1.692367 0.000000
v -0.037649 1.692367 0.140508
v 0.138114 1.651102 0.138114
v -0.205964 1.633543 -0.055188
v 0.081581 1.680076 0.141302
v -0.090231 1.665150 0.156285
v 0.037649 1.692367 -0.140508
v 0.000000 1.680076 -0.163162
v 0.037649 1.692367 0.140508
v 0.097661 1.651102 -0.169154
v -0.090231 1.665150 -0.156285
v 0.205964 1.633543 0.055188
v 0.184662 1.633543 0.106615
v -0.037649 1.692367 -0.140508
v 0.000000 1.680076 0.163162
v -0.102859 1.692367 0.102859
v -0.125976 1.692367 0.072732
v -0.140508 1.692367 0.037649
v 0.140508 1.692367 -0.037649
v 0.125976 1.692367 -0.072732
v 0.102859 1.692367 -0.102859
v -0.145464 1.692367 0.000000
v -0.135164 1.685344 -0.078037
v -0.110361 1.685344 -0.110361
v 0.156074 1.685344 0.000000
v -0.040395 1.685344 0.150756
v 0.101299 1.642322 0.175454
v 0.000000 0.673143 -0.213229
v -0.093057 1.658126 -0.161179
v -0.257952 0.622571 -0.069118
v 0.040395 1.685344 -0.150756
v 0.087012 1.672174 -0.150709
v 0.040395 1.685344 0.150756
v -0.093057 1.658126 0.161179
v 0.123054 1.672174 0.123054
v 0.150709 1.672174 0.087012
v 0.168094 1.672174 0.045041
v -0.040395 1.685344 -0.150756
v -0.168094 1.672174 -0.045041
v -0.110361 1.685344 0.110361
v -0.135164 1.685344 0.078037
v -0.150756 1.685344 0.040395
v 0.150756 1.685344 -0.040395
v 0.135164 1.685344 -0.078037
v 0.110361 1.685344 -0.110361
v -0.156074 1.685344 0.000000
v -0.141302 1.680076 -0.081581
v -0.115373 1.680076 -0.115373
v 0.163162 1.680076 0.000000
v -0.042229 1.680076 0.157602
v 0.150776 1.633543 0.150776
v 0.090231 1.665150 0.156285
v -0.097661 1.651102 0.169154
v 0.042229 1.680076 -0.157602
v 0.000000 1.665150 -0.180463
v 0.042229 1.680076 0.157602
v 0.106615 1.633543 -0.184662
v -0.097661 1.651102 -0.169154
v -0.042229 1.680076 -0.157602
v 0.000000 1.665150 0.180463
v -0.115373 1.680076 0.115373
v -0.141302 1.680076 0.081581
v -0.157602 1.680076 0.042229
v 0.157602 1.680076 -0.042229
v 0.141302 1.680076 -0.081581
v 0.115373 1.680076 -0.115373
v -0.163162 1.680076 0.000000
v -0.150709 1.672174 -0.087012
v -0.123054 1.672174 -0.123054
v 0.174024 1.672174 0.000000
v -0.045041 1.672174 0.168094
v 0.106615 0.673143 0.184662
v 0.120156 0.645750 -0.208116
v -0.101299 1.642322 -0.175454
v 0.257952 0.622571 0.069118
v 0.045041 1.672174 -0.168094
v 0.093057 1.658126 -0.161179
v 0.045041 1.672174 0.168094
v -0.101299 1.642322 0.175454
v 0.131602 1.658126 0.131602
v 0.161179 1.658126 0.093057
v 0.179772 1.658126 0.048170
v -0.045041 1.672174 -0.168094
v -0.179772 1.658126 -0.048170
v -0.123054 1.672174 0.123054
v -0.150709 1.672174 0.087012
v -0.168094 1.672174 0.045041
v 0.168094 1.672174 -0.045041
v 0.150709 1.672174 -0.087012
v 0.123054 1.672174 -0.123054
v -0.174024 1.672174 0.000000
v -0.156285 1.665150 -0.090231
v -0.127607 1.665150 -0.127607
v 0.180463 1.665150 0.000000
v -0.046707 1.665150 0.174314
v 0.097661 1.651102 0.169154
v -0.106615 1.633543 0.184662
v 0.046707 1.665150 -0.174314
v 0.000000 1.651102 -0.195322
v 0.046707 1.665150 0.174314
v -0.106615 1.633543 -0.184662
v -0.046707 1.665150 -0.174314
v 0.000000 1.651102 0.195322
v -0.127607 1.665150 0.127607
v -0.156285 1.665150 0.090231
v -0.174314 1.665150 0.046707
v 0.174314 1.665150 -0.046707
v 0.156285 1.665150 -0.090231
v 0.127607 1.665150 -0.127607
v -0.180463 1.665150 0.000000
v -0.161179 1.658126 -0.093057
v -0.131602 1.658126 -0.131602
v 0.186113 1.658126 0.000000
v -0.048170 1.658126 0.179772
v 0.231273 0.622571 0.133526
v 0.188834 0.622571 0.188834
v -0.106615 0.673143 -0.184662
v -0.283622 0.601500 -0.075996
v 0.048170 1.658126 -0.179772
v 0.101299 1.642322 -0.175454
v 0.048170 1.658126 0.179772
v -0.106615 0.673143 0.184662
v 0.143258 1.642322 0.143258
v 0.175454 1.642322 0.101299
v 0.195694 1.642322 0.052436
v -0.048170 1.658126 -0.179772
v -0.195694 1.642322 -0.052436
v -0.131602 1.658126 0.131602
v -0.161179 1.658126 0.093057
v -0.179772 1.658126 0.048170
v 0.179772 1.658126 -0.048170
v 0.161179 1.658126 -0.093057
v 0.131602 1.658126 -0.131602
v -0.186113 1.658126 0.000000
v -0.169154 1.651102 -0.097661
v -0.138114 1.651102 -0.138114
v 0.195322 1.651102 0.000000
v -0.050553 1.651102 0.188667
v 0.106615 1.633543 0.184662
v 0.050553 1.651102 -0.188667
v 0.000000 1.633543 -0.213229
v 0.050553 1.651102 0.188667
v -0.050553 1.651102 -0.188667
v 0.000000 1.633543 0.213229
v -0.138114 1.651102 0.138114
v -0.169154 1.651102 0.097661
v -0.188667 1.651102 0.050553
v 0.188667 1.651102 -0.050553
v 0.169154 1.651102 -0.097661
v 0.138114 1.651102 -0.138114
v -0.195322 1.651102 0.000000
v -0.175454 1.642322 -0.101299
v -0.143258 1.642322 -0.143258
v 0.202597 1.642322 0.000000
v -0.052436 1.642322 0.195694
v -0.120156 0.645750 0.208116
v 0.133526 0.622571 -0.231273
v -0.120156 0.645750 -0.208116
v 0.283622 0.601500 0.075996
v 0.052436 1.642322 -0.195694
v 0.106615 0.673143 -0.184662
v 0.052436 1.642322 0.195694
v 0.254289 0.601500 0.146814
v 0.150776 0.673143 0.150776
v 0.184662 0.673143 0.106615
v 0.205964 0.673143 0.055188
v -0.052436 1.642322 -0.195694
v -0.205964 0.673143 -0.055188
v -0.143258 1.642322 0.143258
v -0.175454 1.642322 0.101299
v -0.195694 1.642322 0.052436
v 0.195694 1.642322 -0.052436
v 0.175454 1.642322 -0.101299
v 0.143258 1.642322 -0.143258
v -0.202597 1.642322 0.000000
v -0.184662 1.633543 -0.106615
v -0.150776 1.633543 -0.150776
v 0.213229 1.633543 0.000000
v -0.055188 1.633543 0.205964
v 0.055188 1.633543 -0.205964
v 0.055188 1.633543 0.205964
v -0.055188 1.633543 -0.205964
v -0.150776 1.633543 0.150776
v -0.184662 1.633543 0.106615
v -0.205964 1.633543 0.055188
v 0.205964 1.633543 -0.055188
v 0.184662 1.633543 -0.106615
v 0.150776 1.633543 -0.150776
v -0.213229 1.633543 0.000000
v -0.184662 0.673143 -0.106615
v -0.150776 0.673143 -0.150776
v 0.213229 0.673143 0.000000
v -0.055188 0.673143 0.205964
v 0.207626 0.601500 0.207626
v -0.304020 0.577267 -0.081462
v 0.120156 0.645750 0.208116
v -0.133526 0.622571 0.231273
v 0.055188 0.673143 -0.205964
v 0.000000 0.645750 -0.240312
v 0.055188 0.673143 0.205964
v 0.146814 0.601500 -0.254289
v -0.133526 0.622571 -0.231273
v 0.304020 0.577267 0.081462
v 0.272577 0.577267 0.157372
v -0.055188 0.673143 -0.205964
v 0.000000 0.645750 0.240312
v -0.150776 0.673143 0.150776
v -0.184662 0.673143 0.106615
v -0.205964 0.673143 0.055188
v 0.205964 0.673143 -0.055188
v 0.184662 0.673143 -0.106615
v 0.150776 0.673143 -0.150776
v -0.213229 0.673143 0.000000
v 0.000000 0.656286 0.225035
v 0.000000 0.634161 0.253600
v 0.000000 0.610982 0.282767
v 0.000000 0.589910 0.304325
v 0.000000 0.567785 0.323795
v 0.000000 0.656286 -0.225035
v 0.000000 -0.035589 0.332699
v 0.112517 0.656286 0.194886
v 0.000000 0.634161 -0.253600
v 0.000000 -0.035589 0.192142
v 0.126800 0.634161 0.219624
v 0.000000 0.610982 -0.282767
v -0.112517 0.656286 -0.194886
v 0.000000 -0.035589 0.096071
v -0.112517 0.656286 0.194886
v 0.141384 0.610982 0.244884
v 0.000000 0.589910 -0.304325
v -0.126800 0.634161 -0.219624
v 0.000000 -0.035589 -0.096071
v 0.112517 0.656286 -0.194886
v -0.126800 0.634161 0.219624
v 0.159124 0.656286 0.159124
v 0.194886 0.656286 0.112517
v 0.217367 0.656286 0.058243
v -0.217367 0.656286 -0.058243
v -0.194886 0.656286 -0.112517
v -0.159124 0.656286 -0.159124
v 0.225035 0.656286 0.000000
v -0.058243 0.656286 0.217367
v 0.152162 0.589910 0.263553
v 0.000000 0.567785 -0.323795
v -0.141384 0.610982 -0.244884
v 0.000000 -0.035589 -0.192142
v 0.058243 0.656286 -0.217367
v 0.126800 0.634161 -0.219624
v 0.058243 0.656286 0.217367
v -0.141384 0.610982 0.244884
v 0.179322 0.634161 0.179322
v 0.219624 0.634161 0.126800
v 0.244959 0.634161 0.065637
v -0.058243 0.656286 -0.217367
v -0.244959 0.634161 -0.065637
v -0.159124 0.656286 0.159124
v -0.194886 0.656286 0.112517
v -0.217367 0.656286 0.058243
v 0.217367 0.656286 -0.058243
v 0.194886 0.656286 -0.112517
v 0.159124 0.656286 -0.159124
v -0.225035 0.656286 0.000000
v -0.208116 0.645750 -0.120156
v -0.169926 0.645750 -0.169926
v 0.240312 0.645750 0.000000
v -0.062197 0.645750 0.232124
v 0.222558 0.577267 0.222558
v -0.321363 0.551400 -0.086109
v 0.133526 0.622571 0.231273
v -0.146814 0.601500 0.254289
v 0.062197 0.645750 -0.232124
v 0.000000 0.622571 -0.267051
v 0.062197 0.645750 0.232124
v 0.157372 0.577267 -0.272577
v -0.146814 0.601500 -0.254289
v 0.321363 0.551400 0.086109
v 0.288126 0.551400 0.166350
v -0.062197 0.645750 -0.232124
v 0.000000 0.622571 0.267051
v -0.169926 0.645750 0.169926
v -0.208116 0.645750 0.120156
v -0.232124 0.645750 0.062197
v 0.232124 0.645750 -0.062197
v 0.208116 0.645750 -0.120156
v 0.169926 0.645750 -0.169926
v -0.240312 0.645750 0.000000
v -0.219624 0.634161 -0.126800
v -0.179322 0.634161 -0.179322
v 0.253600 0.634161 0.000000
v -0.065637 0.634161 0.244959
v 0.161897 0.567785 0.280415
v 0.000000 -0.035589 -0.332699
v -0.152162 0.589910 -0.263553
v 0.000000 -0.035589 0.000000
v 0.065637 0.634161 -0.244959
v 0.141384 0.610982 -0.244884
v 0.065637 0.634161 0.244959
v -0.152162 0.589910 0.263553
v 0.199947 0.610982 0.199947
v 0.244884 0.610982 0.141384
v 0.273132 0.610982 0.073186
v -0.065637 0.634161 -0.244959
v -0.273132 0.610982 -0.073186
v -0.179322 0.634161 0.179322
v -0.219624 0.634161 0.126800
v -0.244959 0.634161 0.065637
v 0.244959 0.634161 -0.065637
v 0.219624 0.634161 -0.126800
v 0.179322 0.634161 -0.179322
v -0.253600 0.634161 0.000000
v -0.231273 0.622571 -0.133526
v -0.188834 0.622571 -0.188834
v 0.267051 0.622571 0.000000
v -0.069118 0.622571 0.257952
v 0.235254 0.551400 0.235254
v 0.146814 0.601500 0.254289
v -0.157372 0.577267 0.272577
v 0.069118 0.622571 -0.257952
v 0.000000 0.601500 -0.293627
v 0.069118 0.622571 0.257952
v 0.166350 0.551400 -0.288126
v -0.157372 0.577267 -0.272577
v -0.069118 0.622571 -0.257952
v 0.000000 0.601500 0.293627
v -0.188834 0.622571 0.188834
v -0.231273 0.622571 0.133526
v -0.257952 0.622571 0.069118
v 0.257952 0.622571 -0.069118
v 0.231273 0.622571 -0.133526
v 0.188834 0.622571 -0.188834
v -0.267051 0.622571 0.000000
v -0.244884 0.610982 -0.141384
v -0.199947 0.610982 -0.199947
v 0.282767 0.610982 0.000000
v -0.073186 0.610982 0.273132
v 0.166350 -0.035589 0.288126
v 0.192142 -0.035589 0.192142
v -0.161897 0.567785 -0.280415
v 0.192142 -0.035589 0.096071
v 0.073186 0.610982 -0.273132
v 0.152162 0.589910 -0.263553
v 0.073186 0.610982 0.273132
v -0.161897 0.567785 0.280415
v 0.215190 0.589910 0.215190
v 0.263553 0.589910 0.152162
v 0.293955 0.589910 0.078765
v -0.073186 0.610982 -0.273132
v -0.293955 0.589910 -0.078765
v -0.199947 0.610982 0.199947
v -0.244884 0.610982 0.141384
v -0.273132 0.610982 0.073186
v 0.273132 0.610982 -0.073186
v 0.244884 0.610982 -0.141384
v 0.199947 0.610982 -0.199947
v -0.282767 0.610982 0.000000
v -0.254289 0.601500 -0.146814
v -0.207626 0.601500 -0.207626
v 0.293627 0.601500 0.000000
v -0.075996 0.601500 0.283622
v 0.157372 0.577267 0.272577
v -0.166350 0.551400 0.288126
v 0.075996 0.601500 -0.283622
v 0.000000 0.577267 -0.314744
v 0.075996 0.601500 0.283622
v -0.166350 0.551400 -0.288126
v -0.075996 0.601500 -0.283622
v 0.000000 0.577267 0.314744
v -0.207626 0.601500 0.207626
v -0.254289 0.601500 0.146814
v -0.283622 0.601500 0.075996
v 0.283622 0.601500 -0.075996
v 0.254289 0.601500 -0.146814
v 0.207626 0.601500 -0.207626
v -0.293627 0.601500 0.000000
v -0.263553 0.589910 -0.152162
v -0.215190 0.589910 -0.215190
v 0.304325 0.589910 0.000000
v -0.078765 0.589910 0.293955
v -0.192142 -0.035589 -0.096071
v -0.192142 -0.035589 -0.192142
v -0.166350 -0.035589 -0.288126
v 0.192142 -0.035589 0.000000
v 0.078765 0.589910 -0.293955
v 0.161897 0.567785 -0.280415
v 0.078765 0.589910 0.293955
v -0.166350 -0.035589 0.288126
v 0.228958 0.567785 0.228958
v 0.280415 0.567785 0.161897
v 0.312762 0.567785 0.083804
v -0.078765 0.589910 -0.293955
v -0.312762 0.567785 -0.083804
v -0.215190 0.589910 0.215190
v -0.263553 0.589910 0.152162
v -0.293955 0.589910 0.078765
v 0.293955 0.589910 -0.078765
v 0.263553 0.589910 -0.152162
v 0.215190 0.589910 -0.215190
v -0.304325 0.589910 0.000000
v -0.272577 0.577267 -0.157372
v -0.222558 0.577267 -0.222558
v 0.314744 0.577267 0.000000
v -0.081462 0.577267 0.304020
v 0.166350 0.551400 0.288126
v 0.081462 0.577267 -0.304020
v 0.000000 0.551400 -0.332699
v 0.081462 0.577267 0.304020
v -0.081462 0.577267 -0.304020
v 0.000000 0.551400 0.332699
v -0.222558 0.577267 0.222558
v -0.272577 0.577267 0.157372
v -0.304020 0.577267 0.081462
v 0.304020 0.577267 -0.081462
v 0.272577 0.577267 -0.157372
v 0.222558 0.577267 -0.222558
v -0.314744 0.577267 0.000000
v -0.280415 0.567785 -0.161897
v -0.228958 0.567785 -0.228958
v 0.323795 0.567785 0.000000
v -0.083804 0.567785 0.312762
v -0.192142 -0.035589 0.192142
v -0.192142 -0.035589 0.096071
v 0.192142 -0.035589 -0.096071
v 0.192142 -0.035589 -0.192142
v 0.083804 0.567785 -0.312762
v 0.166350 -0.035589 -0.288126
v 0.083804 0.567785 0.312762
v -0.192142 -0.035589 0.000000
v 0.235254 -0.035589 0.235254
v 0.288126 -0.035589 0.166350
v 0.321363 -0.035589 0.086109
v -0.083804 0.567785 -0.312762
v -0.321363 -0.035589 -0.086109
v -0.228958 0.567785 0.228958
v -0.280415 0.567785 0.161897
v -0.312762 0.567785 0.083804
v 0.312762 0.567785 -0.083804
v 0.280415 0.567785 -0.161897
v 0.228958 0.567785 -0.228958
v -0.323795 0.567785 0.000000
v -0.288126 0.551400 -0.166350
v -0.235254 0.551400 -0.235254
v 0.332699 0.551400 0.000000
v -0.086109 0.551400 0.321363
v 0.086109 0.551400 -0.321363
v 0.086109 0.551400 0.321363
v -0.086109 0.551400 -0.321363
v -0.235254 0.551400 0.235254
v -0.288126 0.551400 0.166350
v -0.321363 0.551400 0.086109
v 0.321363 0.551400 -0.086109
v 0.288126 0.551400 -0.166350
v 0.235254 0.551400 -0.235254
v -0.332699 0.551400 0.000000
v -0.288126 -0.035589 -0.166350
v -0.235254 -0.035589 -0.235254
v 0.332699 -0.035589 0.000000
v -0.086109 -0.035589 0.321363
v -0.096071 -0.035589 0.192142
v -0.096071 -0.035589 0.096071
v 0.096071 -0.035589 -0.096071
v 0.096071 -0.035589 -0.192142
v 0.086109 -0.035589 -0.321363
v -0.096071 -0.035589 0.000000
v 0.086109 -0.035589 0.321363
v 0.096071 -0.035589 0.192142
v 0.096071 -0.035589 0.096071
v -0.096071 -0.035589 -0.096071
v -0.096071 -0.035589 -0.192142
v -0.086109 -0.035589 -0.321363
v 0.096071 -0.035589 0.000000
v -0.235254 -0.035589 0.235254
v -0.288126 -0.035589 0.166350
v -0.321363 -0.035589 0.086109
v 0.321363 -0.035589 -0.086109
v 0.288126 -0.035589 -0.166350
v 0.235254 -0.035589 -0.235254
v -0.332699 -0.035589 0.000000
v 0.000000 4.544970 0.064313
v 0.000000 4.544970 -0.064313
v 0.032157 4.544970 0.055697
v -0.032157 4.544970 -0.055697
v -0.032157 4.544970 0.055697
v 0.032157 4.544970 -0.055697
v 0.045476 4.544970 0.045476
v 0.055697 4.544970 0.032157
v 0.062122 4.544970 0.016646
v -0.062122 4.544970 -0.016646
v -0.055697 4.544970 -0.032157
v -0.045476 4.544970 -0.045476
v 0.064313 4.544970 0.000000
v -0.016646 4.544970 0.062122
v 0.016646 4.544970 -0.062122
v 0.016646 4.544970 0.062122
v -0.016646 4.544970 -0.062122
v -0.045476 4.544970 0.045476
v -0.055697 4.544970 0.032157
v -0.062122 4.544970 0.016646
v 0.062122 4.544970 -0.016646
v 0.055697 4.544970 -0.032157
v 0.045476 4.544970 -0.045476
v -0.064313 4.544970 0.000000
v 0.000000 4.549896 0.066987
v 0.000000 4.549896 -0.066987
v 0.033493 4.549896 0.058012
v -0.033493 4.549896 -0.058012
v -0.033493 4.549896 0.058012
v 0.033493 4.549896 -0.058012
v 0.047367 4.549896 0.047367
v 0.058012 4.549896 0.033493
v 0.064704 4.549896 0.017337
v -0.064704 4.549896 -0.017337
v -0.058012 4.549896 -0.033493
v -0.047367 4.549896 -0.047367
v 0.066987 4.549896 0.000000
v -0.017337 4.549896 0.064704
v 0.017337 4.549896 -0.064704
v 0.017337 4.549896 0.064704
v -0.017337 4.549896 -0.064704
v -0.047367 4.549896 0.047367
v -0.058012 4.549896 0.033493
v -0.064704 4.549896 0.017337
v 0.064704 4.549896 -0.017337
v 0.058012 4.549896 -0.033493
v 0.047367 4.549896 -0.047367
v -0.066987 4.549896 0.000000
v 0.000000 4.553837 0.069735
v 0.000000 4.553837 -0.069735
v 0.034868 4.553837 0.060393
v -0.034868 4.553837 -0.060393
v -0.034868 4.553837 0.060393
v 0.034868 4.553837 -0.060393
v 0.049310 4.553837 0.049310
v 0.060393 4.553837 0.034868
v 0.067359 4.553837 0.018049
v -0.067359 4.553837 -0.018049
v -0.060393 4.553837 -0.034868
v -0.049310 4.553837 -0.049310
v 0.069735 4.553837 0.000000
v -0.018049 4.553837 0.067359
v 0.018049 4.553837 -0.067359
v 0.018049 4.553837 0.067359
v -0.018049 4.553837 -0.067359
v -0.049310 4.553837 0.049310
v -0.060393 4.553837 0.034868
v -0.067359 4.553837 0.018049
v 0.067359 4.553837 -0.018049
v 0.060393 4.553837 -0.034868
v 0.049310 4.553837 -0.049310
v -0.069735 4.553837 0.000000
v 0.000000 4.558436 0.073049
v 0.000000 4.558436 -0.073049
v 0.036524 4.558436 0.063262
v -0.036524 4.558436 -0.063262
v -0.036524 4.558436 0.063262
v 0.036524 4.558436 -0.063262
v 0.051653 4.558436 0.051653
v 0.063262 4.558436 0.036524
v 0.070560 4.558436 0.018906
v -0.070560 4.558436 -0.018906
v -0.063262 4.558436 -0.036524
v -0.051653 4.558436 -0.051653
v 0.073049 4.558436 0.000000
v -0.018906 4.558436 0.070560
v 0.018906 4.558436 -0.070560
v 0.018906 4.558436 0.070560
v -0.018906 4.558436 -0.070560
v -0.051653 4.558436 0.051653
v -0.063262 4.558436 0.036524
v -0.070560 4.558436 0.018906
v 0.070560 4.558436 -0.018906
v 0.063262 4.558436 -0.036524
v 0.051653 4.558436 -0.051653
v -0.073049 4.558436 0.000000
v 0.000000 4.562049 0.075319
v 0.000000 4.562049 -0.075319
v 0.037659 4.562049 0.065228
v -0.037659 4.562049 -0.065228
v -0.037659 4.562049 0.065228
v 0.037659 4.562049 -0.065228
v 0.053258 4.562049 0.053258
v 0.065228 4.562049 0.037659
v 0.072752 4.562049 0.019494
v -0.072752 4.562049 -0.019494
v -0.065228 4.562049 -0.037659
v -0.053258 4.562049 -0.053258
v 0.075319 4.562049 0.000000
v -0.019494 4.562049 0.072752
v 0.019494 4.562049 -0.072752
v 0.019494 4.562049 0.072752
v -0.019494 4.562049 -0.072752
v -0.053258 4.562049 0.053258
v -0.065228 4.562049 0.037659
v -0.072752 4.562049 0.019494
v 0.072752 4.562049 -0.019494
v 0.065228 4.562049 -0.037659
v 0.053258 4.562049 -0.053258
v -0.075319 4.562049 0.000000
v 0.000000 4.565990 0.078937
v 0.000000 4.565990 -0.078937
v 0.039469 4.565990 0.068362
v -0.039469 4.565990 -0.068362
v -0.039469 4.565990 0.068362
v 0.039469 4.565990 -0.068362
v 0.055817 4.565990 0.055817
v 0.068362 4.565990 0.039469
v 0.076247 4.565990 0.020430
v -0.076247 4.565990 -0.020430
v -0.068362 4.565990 -0.039469
v -0.055817 4.565990 -0.055817
v 0.078937 4.565990 0.000000
v -0.020430 4.565990 0.076247
v 0.020430 4.565990 -0.076247
v 0.020430 4.565990 0.076247
v -0.020430 4.565990 -0.076247
v -0.055817 4.565990 0.055817
v -0.068362 4.565990 0.039469
v -0.076247 4.565990 0.020430
v 0.076247 4.565990 -0.020430
v 0.068362 4.565990 -0.039469
v 0.055817 4.565990 -0.055817
v -0.078937 4.565990 0.000000
v 0.000000 4.569932 0.083065
v 0.000000 4.569932 -0.083065
v 0.041532 4.569932 0.071936
v -0.041532 4.569932 -0.071936
v -0.041532 4.569932 0.071936
v 0.041532 4.569932 -0.071936
v 0.058735 4.569932 0.058735
v 0.071936 4.569932 0.041532
v 0.080234 4.569932 0.021499
v -0.080234 4.569932 -0.021499
v -0.071936 4.569932 -0.041532
v -0.058735 4.569932 -0.058735
v 0.083065 4.569932 0.000000
v -0.021499 4.569932 0.080234
v 0.021499 4.569932 -0.080234
v 0.021499 4.569932 0.080234
v -0.021499 4.569932 -0.080234
v -0.058735 4.569932 0.058735
v -0.071936 4.569932 0.041532
v -0.080234 4.569932 0.021499
v 0.080234 4.569932 -0.021499
v 0.071936 4.569932 -0.041532
v 0.058735 4.569932 -0.058735
v -0.083065 4.569932 0.000000
v 0.000000 4.573873 0.086339
v 0.000000 4.573873 -0.086339
v 0.043169 4.573873 0.074771
v -0.043169 4.573873 -0.074771
v -0.043169 4.573873 0.074771
v 0.043169 4.573873 -0.074771
v 0.061051 4.573873 0.061051
v 0.074771 4.573873 0.043169
v 0.083397 4.573873 0.022346
v -0.083397 4.573873 -0.022346
v -0.074771 4.573873 -0.043169
v -0.061051 4.573873 -0.061051
v 0.086339 4.573873 0.000000
v -0.022346 4.573873 0.083397
v 0.022346 4.573873 -0.083397
v 0.022346 4.573873 0.083397
v -0.022346 4.573873 -0.083397
v -0.061051 4.573873 0.061051
v -0.074771 4.573873 0.043169
v -0.083397 4.573873 0.022346
v 0.083397 4.573873 -0.022346
v 0.074771 4.573873 -0.043169
v 0.061051 4.573873 -0.061051
v -0.086339 4.573873 0.000000
v 0.000000 4.578143 0.089868
v 0.000000 4.578143 -0.089868
v 0.044934 4.578143 0.077828
v -0.044934 4.578143 -0.077828
v -0.044934 4.578143 0.077828
v 0.044934 4.578143 -0.077828
v 0.063547 4.578143 0.063547
v 0.077828 4.578143 0.044934
v 0.086806 4.578143 0.023260
v -0.086806 4.578143 -0.023260
v -0.077828 4.578143 -0.044934
v -0.063547 4.578143 -0.063547
v 0.089868 4.578143 0.000000
v -0.023260 4.578143 0.086806
v 0.023260 4.578143 -0.086806
v 0.023260 4.578143 0.086806
v -0.023260 4.578143 -0.086806
v -0.063547 4.578143 0.063547
v -0.077828 4.578143 0.044934
v -0.086806 4.578143 0.023260
v 0.086806 4.578143 -0.023260
v 0.077828 4.578143 -0.044934
v 0.063547 4.578143 -0.063547
v -0.089868 4.578143 0.000000
v 0.000000 4.583398 0.094281
v 0.000000 4.583398 -0.094281
v 0.047140 4.583398 0.081649
v -0.047140 4.583398 -0.081649
v -0.047140 4.583398 0.081649
v 0.047140 4.583398 -0.081649
v 0.066666 4.583398 0.066666
v 0.081649 4.583398 0.047140
v 0.091068 4.583398 0.024402
v -0.091068 4.583398 -0.024402
v -0.081649 4.583398 -0.047140
v -0.066666 4.583398 -0.066666
v 0.094281 4.583398 0.000000
v -0.024402 4.583398 0.091068
v 0.024402 4.583398 -0.091068
v 0.024402 4.583398 0.091068
v -0.024402 4.583398 -0.091068
v -0.066666 4.583398 0.066666
v -0.081649 4.583398 0.047140
v -0.091068 4.583398 0.024402
v 0.091068 4.583398 -0.024402
v 0.081649 4.583398 -0.047140
v 0.066666 4.583398 -0.066666
v -0.094281 4.583398 0.000000
v 0.000000 4.589447 0.054927
v 0.000000 4.589447 -0.054927
v 0.027463 4.589447 0.047568
v -0.027463 4.589447 -0.047568
v -0.027463 4.589447 0.047568
v 0.027463 4.589447 -0.047568
v 0.038839 4.589447 0.038839
v 0.047568 4.589447 0.027463
v 0.053055 4.589447 0.014216
v -0.053055 4.589447 -0.014216
v -0.047568 4.589447 -0.027463
v -0.038839 4.589447 -0.038839
v 0.054927 4.589447 0.000000
v -0.014216 4.589447 0.053055
v 0.014216 4.589447 -0.053055
v 0.014216 4.589447 0.053055
v -0.014216 4.589447 -0.053055
v -0.038839 4.589447 0.038839
v -0.047568 4.589447 0.027463
v -0.053055 4.589447 0.014216
v 0.053055 4.589447 -0.014216
v 0.047568 4.589447 -0.027463
v 0.038839 4.589447 -0.038839
v -0.054927 4.589447 0.000000
v -0.024402 4.589447 0.091068
v 0.000000 4.589447 0.094281
v 0.024402 4.589447 -0.091068
v 0.000000 4.589447 -0.094281
v 0.024402 4.589447 0.091068
v 0.047140 4.589447 0.081649
v -0.024402 4.589447 -0.091068
v -0.047140 4.589447 -0.081649
v -0.066666 4.589447 0.066666
v -0.047140 4.589447 0.081649
v 0.066666 4.589447 -0.066666
v 0.047140 4.589447 -0.081649
v 0.066666 4.589447 0.066666
v -0.066666 4.589447 -0.066666
v 0.081649 4.589447 -0.047140
v 0.091068 4.589447 -0.024402
v 0.094281 4.589447 0.000000
v 0.091068 4.589447 0.024402
v 0.081649 4.589447 0.047140
v -0.081649 4.589447 -0.047140
v -0.091068 4.589447 -0.024402
v -0.094281 4.589447 0.000000
v -0.091068 4.589447 0.024402
v -0.081649 4.589447 0.047140
v 0.000000 4.616863 0.037255
v 0.000000 4.616863 -0.037255
v 0.018628 4.616863 0.032264
v -0.018628 4.616863 -0.032264
v -0.018628 4.616863 0.032264
v 0.018628 4.616863 -0.032264
v 0.026343 4.616863 0.026343
v 0.032264 4.616863 0.018628
v 0.035986 4.616863 0.009642
v -0.035986 4.616863 -0.009642
v -0.032264 4.616863 -0.018628
v -0.026343 4.616863 -0.026343
v 0.037255 4.616863 0.000000
v -0.009642 4.616863 0.035986
v 0.009642 4.616863 -0.035986
v 0.009642 4.616863 0.035986
v -0.009642 4.616863 -0.035986
v -0.026343 4.616863 0.026343
v -0.032264 4.616863 0.018628
v -0.035986 4.616863 0.009642
v 0.035986 4.616863 -0.009642
v 0.032264 4.616863 -0.018628
v 0.026343 4.616863 -0.026343
v -0.037255 4.616863 0.000000
v -0.016007 4.616863 0.059738
v 0.000000 4.616863 0.061846
v 0.016007 4.616863 -0.059738
v 0.000000 4.616863 -0.061846
v 0.016007 4.616863 0.059738
v 0.030923 4.616863 0.053560
v -0.016007 4.616863 -0.059738
v -0.030923 4.616863 -0.053560
v -0.043731 4.616863 0.043731
v -0.030923 4.616863 0.053560
v 0.043731 4.616863 -0.043731
v 0.030923 4.616863 -0.053560
v 0.043731 4.616863 0.043731
v -0.043731 4.616863 -0.043731
v 0.053560 4.616863 -0.030923
v 0.059738 4.616863 -0.016007
v 0.061846 4.616863 0.000000
v 0.059738 4.616863 0.016007
v 0.053560 4.616863 0.030923
v -0.053560 4.616863 -0.030923
v -0.059738 4.616863 -0.016007
v -0.061846 4.616863 0.000000
v -0.059738 4.616863 0.016007
v -0.053560 4.616863 0.030923
v 0.000000 4.559444 0.037255
v 0.000000 4.559444 -0.037255
v 0.018628 4.559444 0.032264
v -0.018628 4.559444 -0.032264
v -0.018628 4.559444 0.032264
v 0.018628 4.559444 -0.032264
v 0.026343 4.559444 0.026343
v 0.032264 4.559444 0.018628
v 0.035986 4.559444 0.009642
v -0.035986 4.559444 -0.009642
v -0.032264 4.559444 -0.018628
v -0.026343 4.559444 -0.026343
v 0.037255 4.559444 0.000000
v -0.009642 4.559444 0.035986
v 0.009642 4.559444 -0.035986
v 0.009642 4.559444 0.035986
v -0.009642 4.559444 -0.035986
v -0.026343 4.559444 0.026343
v -0.032264 4.559444 0.018628
v -0.035986 4.559444 0.009642
v 0.035986 4.559444 -0.009642
v 0.032264 4.559444 -0.018628
v 0.026343 4.559444 -0.026343
v -0.037255 4.559444 0.000000
vn -0.9576 -0.2880 -0.0000
vn -0.8282 0.5604 -0.0039
vn -0.4262 0.8570 0.2895
vn -0.8183 -0.0923 0.5673
vn 0.8794 -0.1444 0.4537
vn 0.5053 -0.6666 0.5480
vn 0.4050 -0.8875 -0.2198
vn 0.7989 -0.3745 -0.4707
vn -0.0000 -0.2880 0.9576
vn -0.0039 0.5604 0.8282
vn 0.2895 0.8570 0.4262
vn 0.5673 -0.0923 0.8183
vn -0.0700 0.9738 0.2162
vn -0.0356 0.9893 0.1412
vn -0.0000 0.9867 0.1626
vn -0.0000 0.9715 0.2371
vn 0.9576 -0.2880 -0.0000
vn 0.8282 0.5604 0.0039
vn 0.4262 0.8570 -0.2895
vn 0.8183 -0.0923 -0.5673
vn 0.6209 -0.0461 -0.7825
vn 0.2741 -0.9012 -0.3357
vn 0.5480 -0.6666 -0.5053
vn 0.4537 -0.1444 -0.8794
vn 0.0919 0.9845 -0.1494
vn 0.1494 0.9845 -0.0918
vn 0.8028 0.3395 -0.4902
vn 0.4902 0.3395 -0.8028
vn -0.3357 -0.9012 -0.2741
vn 0.1488 -0.9846 -0.0920
vn -0.4050 -0.8875 0.2198
vn -0.5053 -0.6666 -0.5480
vn -0.0918 0.9845 -0.1494
vn 0.2895 0.8570 -0.4262
vn 0.2678 0.3753 -0.8874
vn -0.4902 0.3395 -0.8028
vn 0.8874 0.3753 -0.2678
vn 0.8485 -0.0983 -0.5200
vn 0.3357 -0.9012 0.2741
vn -0.1488 -0.9846 0.0920
vn -0.0919 0.9845 0.1494
vn -0.1494 0.9845 0.0918
vn -0.8028 0.3395 0.4902
vn -0.4902 0.3395 0.8028
vn -0.1488 -0.9846 -0.0920
vn 0.3357 -0.9012 -0.2741
vn 0.5053 -0.6666 -0.5480
vn 0.4050 -0.8875 0.2198
vn 0.7825 -0.0461 0.6209
vn 0.0919 -0.9846 -0.1488
vn -0.2198 -0.8875 0.4050
vn 0.1494 0.9845 0.0918
vn 0.8028 0.3395 0.4902
vn 0.4262 0.8570 0.2895
vn 0.8874 0.3753 0.2678
vn -0.0000 -0.2880 -0.9576
vn 0.0039 0.5604 -0.8282
vn -0.2895 0.8570 -0.4262
vn -0.5673 -0.0923 -0.8183
vn 0.2198 -0.8875 -0.4050
vn 0.4707 -0.3745 -0.7989
vn -0.5480 -0.6666 -0.5053
vn -0.4537 -0.1444 -0.8794
vn 0.5200 -0.0983 0.8485
vn 0.2678 0.3753 0.8874
vn -0.4647 -0.3837 0.7981
vn -0.7981 -0.3837 0.4647
vn -0.8874 0.3753 -0.2678
vn -0.8485 -0.0983 -0.5200
vn -0.4537 -0.1444 0.8794
vn -0.5480 -0.6666 0.5053
vn 0.2198 -0.8875 0.4050
vn 0.4707 -0.3745 0.7989
vn 0.7989 -0.3745 0.4707
vn 0.8794 -0.1444 -0.4537
vn -0.2198 -0.8875 -0.4050
vn -0.4707 -0.3745 -0.7989
vn -0.4050 -0.8875 -0.2198
vn -0.7989 -0.3745 -0.4707
vn -0.5053 -0.6666 0.5480
vn -0.8794 -0.1444 0.4537
vn -0.4262 0.8570 -0.2895
vn -0.0919 -0.9846 0.1488
vn 0.0919 -0.9846 0.1488
vn -0.7825 -0.0461 -0.6209
vn -0.8794 -0.1444 -0.4537
vn 0.0918 0.9845 0.1494
vn -0.2895 0.8570 0.4262
vn -0.2678 0.3753 0.8874
vn 0.4902 0.3395 0.8028
vn -0.2678 0.3753 -0.8874
vn -0.1494 0.9845 -0.0918
vn -0.8028 0.3395 -0.4902
vn -0.6209 -0.0461 0.7825
vn -0.2741 -0.9012 0.3357
vn -0.2741 -0.9012 -0.3357
vn 0.1488 -0.9846 0.0920
vn -0.0919 -0.9846 -0.1488
vn -0.5200 -0.0983 -0.8485
vn 0.2741 -0.9012 0.3357
vn 0.5480 -0.6666 0.5053
vn -0.8874 0.3753 0.2678
vn -0.3357 -0.9012 0.2741
vn -0.8485 -0.0983 0.5200
vn -0.0028 -0.2875 0.9578
vn 0.0130 0.5255 0.8507
vn -0.0000 0.5196 0.8544
vn -0.0000 -0.2878 0.9577
vn 0.0028 -0.2875 -0.9578
vn -0.0130 0.5255 -0.8507
vn -0.0000 0.5196 -0.8544
vn -0.0000 -0.2878 -0.9577
vn -0.9578 -0.2875 -0.0028
vn -0.8507 0.5255 0.0130
vn -0.8544 0.5196 -0.0000
vn -0.9577 -0.2878 -0.0000
vn 0.9578 -0.2875 0.0028
vn 0.8507 0.5255 -0.0130
vn 0.8544 0.5196 -0.0000
vn 0.9577 -0.2878 -0.0000
vn 0.0052 1.0000 -0.0052
vn -0.0052 1.0000 0.0052
vn 0.0052 1.0000 0.0052
vn -0.0052 1.0000 -0.0052
vn 0.0232 0.9992 -0.0320
vn 0.0320 0.9992 0.0232
vn -0.1412 0.9893 0.0356
vn -0.1626 0.9867 -0.0000
vn 0.0356 0.9893 0.1412
vn -0.0232 0.9992 0.0320
vn -0.0356 0.9893 -0.1412
vn -0.0000 0.9867 -0.1626
vn -0.0320 0.9992 -0.0232
vn 0.1412 0.9893 -0.0356
vn 0.1626 0.9867 -0.0000
vn -0.2044 0.8375 0.5068
vn -0.0000 0.8356 0.5494
vn -0.0000 0.8044 0.5941
vn -0.2354 0.8020 0.5490
vn -0.3809 0.8425 0.3809
vn -0.4279 0.7961 0.4279
vn 0.2044 0.8375 0.5068
vn 0.3809 0.8425 0.3809
vn 0.4279 0.7961 0.4279
vn 0.2354 0.8020 0.5490
vn -0.2162 0.9738 -0.0700
vn -0.2371 0.9715 -0.0000
vn -0.5494 0.8356 -0.0000
vn -0.5068 0.8375 -0.2044
vn -0.0232 0.9992 -0.0320
vn -0.0423 0.9954 -0.0864
vn -0.0133 0.5423 -0.8401
vn -0.0039 0.5604 -0.8282
vn -0.0423 0.9954 0.0864
vn -0.0133 0.5423 0.8401
vn -0.0130 0.5255 0.8507
vn 0.0017 -0.2874 -0.9578
vn -0.0842 0.9929 0.0842
vn -0.1077 0.9814 0.1587
vn 0.0028 -0.2875 0.9578
vn 0.0017 -0.2874 0.9578
vn 0.2162 0.9738 -0.0700
vn 0.5068 0.8375 -0.2044
vn 0.5494 0.8356 -0.0000
vn 0.2371 0.9715 -0.0000
vn 0.2162 0.9738 0.0700
vn 0.5068 0.8375 0.2044
vn 0.0232 0.9992 0.0320
vn 0.0423 0.9954 0.0864
vn 0.0133 0.5423 0.8401
vn 0.0039 0.5604 0.8282
vn 0.0356 0.9893 -0.1412
vn 0.0423 0.9954 -0.0864
vn 0.0133 0.5423 -0.8401
vn 0.0130 0.5255 -0.8507
vn -0.0017 -0.2874 0.9578
vn -0.0028 -0.2875 -0.9578
vn -0.0017 -0.2874 -0.9578
vn 0.0842 0.9929 0.0842
vn 0.1587 0.9814 0.1077
vn 0.1077 0.9814 0.1587
vn -0.2162 0.9738 0.0700
vn -0.1587 0.9814 0.1077
vn -0.5068 0.8375 0.2044
vn 0.0700 0.9738 0.2162
vn -0.0320 0.9992 0.0232
vn -0.0864 0.9954 0.0423
vn -0.8401 0.5423 0.0133
vn -0.8282 0.5604 0.0039
vn 0.1412 0.9893 0.0356
vn 0.0864 0.9954 0.0423
vn 0.8401 0.5423 0.0133
vn 0.8507 0.5255 0.0130
vn -0.9578 -0.2874 -0.0017
vn 0.9578 -0.2875 -0.0028
vn 0.9578 -0.2874 -0.0017
vn 0.5490 0.8020 0.2354
vn 0.0842 0.9929 -0.0842
vn 0.1077 0.9814 -0.1587
vn 0.3809 0.8425 -0.3809
vn 0.1587 0.9814 -0.1077
vn -0.0842 0.9929 -0.0842
vn -0.1587 0.9814 -0.1077
vn -0.3809 0.8425 -0.3809
vn -0.1077 0.9814 -0.1587
vn -0.0700 0.9738 -0.2162
vn -0.2044 0.8375 -0.5068
vn -0.0000 0.8356 -0.5494
vn -0.0000 0.9715 -0.2371
vn 0.0700 0.9738 -0.2162
vn 0.2044 0.8375 -0.5068
vn 0.0320 0.9992 -0.0232
vn 0.0864 0.9954 -0.0423
vn 0.8401 0.5423 -0.0133
vn 0.8282 0.5604 -0.0039
vn -0.1412 0.9893 -0.0356
vn -0.0864 0.9954 -0.0423
vn -0.8401 0.5423 -0.0133
vn -0.8507 0.5255 -0.0130
vn 0.9578 -0.2874 0.0017
vn -0.9578 -0.2875 0.0028
vn -0.9578 -0.2874 0.0017
vn 0.5490 0.8020 -0.2354
vn 0.5941 0.8044 -0.0000
vn -0.5941 0.8044 -0.0000
vn -0.5490 0.8020 -0.2354
vn 0.2354 0.8020 -0.5490
vn 0.4279 0.7961 -0.4279
vn -0.5490 0.8020 0.2354
vn -0.2354 0.8020 -0.5490
vn -0.0000 0.8044 -0.5941
vn -0.4279 0.7961 -0.4279
vn -0.5673 -0.0923 0.8183
vn 0.5673 -0.0923 -0.8183
vn 0.8183 -0.0923 0.5673
vn -0.8183 -0.0923 -0.5673
vn 0.1464 0.9783 0.1464
vn 0.1640 0.9865 -0.0000
vn -0.0000 1.0000 -0.0000
vn -0.0000 0.9865 0.1640
vn 0.1463 0.9783 -0.1464
vn -0.0000 0.9865 -0.1640
vn -0.1463 0.9783 -0.1464
vn -0.1640 0.9865 -0.0000
vn -0.1463 0.9783 0.1464
vn -0.0000 -1.0000 -0.0000
vn -0.0000 -0.8250 -0.5651
vn 0.5651 -0.8250 -0.0000
vn -0.5651 -0.8250 -0.0000
vn -0.0000 -0.8250 0.5651
vn -0.0005 -0.8249 0.5653
vn -0.0000 -0.8248 0.5654
vn -0.0000 -0.8248 -0.5654
vn -0.0005 -0.8249 -0.5653
vn -0.5653 -0.8249 -0.0005
vn -0.5654 -0.8248 -0.0000
vn 0.5654 -0.8248 -0.0000
vn 0.5653 -0.8249 -0.0005
vn 0.0003 -0.8250 -0.5652
vn 0.0005 -0.8249 -0.5653
vn 0.0005 -0.8249 0.5653
vn 0.0003 -0.8250 0.5652
vn -0.0003 -0.8250 0.5652
vn -0.0003 -0.8250 -0.5652
vn -0.5652 -0.8250 -0.0003
vn 0.5652 -0.8250 -0.0003
vn 0.5652 -0.8250 0.0003
vn 0.5653 -0.8249 0.0005
vn -0.5653 -0.8249 0.0005
vn -0.5652 -0.8250 0.0003
vn 0.6224 -0.4746 -0.6224
vn 0.4401 -0.4746 -0.7623
vn 0.2278 -0.4746 -0.8502
vn -0.0000 -0.4746 -0.8802
vn -0.2278 -0.4746 -0.8502
vn -0.4401 -0.4746 -0.7623
vn -0.6224 -0.4746 -0.6224
vn -0.7623 -0.4746 -0.4401
vn -0.0000 -0.2873 0.9579
vn 0.0013 -0.2875 0.9578
vn 0.0008 -0.2880 -0.9576
vn 0.0013 -0.2875 -0.9578
vn -0.0000 -0.2873 -0.9579
vn -0.0013 -0.2875 -0.9578
vn -0.0008 -0.2880 0.9576
vn -0.0013 -0.2875 0.9578
vn -0.0008 -0.2880 -0.9576
vn 0.7623 -0.4746 -0.4401
vn 0.8502 -0.4746 -0.2278
vn 0.0008 -0.2880 0.9576
vn -0.9576 -0.2880 0.0008
vn 0.9576 -0.2880 -0.0008
vn -0.8502 -0.4746 -0.2278
vn -0.8802 -0.4746 -0.0000
vn 0.4957 0.1302 -0.8586
vn 0.2566 0.1302 -0.9577
vn 0.7623 -0.4746 0.4401
vn 0.6224 -0.4746 0.6224
vn 0.7011 0.1302 0.7011
vn 0.8586 0.1302 0.4957
vn -0.0000 0.1302 -0.9915
vn -0.2566 0.1302 -0.9577
vn -0.0000 -0.4746 0.8802
vn -0.2278 -0.4746 0.8502
vn -0.2566 0.1302 0.9577
vn -0.0000 0.1302 0.9915
vn -0.8586 0.1302 -0.4957
vn -0.9577 0.1302 -0.2566
vn 0.4401 -0.4746 0.7623
vn 0.2278 -0.4746 0.8502
vn 0.2566 0.1302 0.9577
vn 0.4957 0.1302 0.8586
vn 0.8802 -0.4746 -0.0000
vn 0.8502 -0.4746 0.2278
vn 0.9577 0.1302 0.2566
vn -0.4401 -0.4746 0.7623
vn -0.6224 -0.4746 0.6224
vn -0.7011 0.1302 0.7011
vn -0.4957 0.1302 0.8586
vn -0.7011 0.1302 -0.7011
vn 0.9915 0.1302 -0.0000
vn 0.9577 0.1302 -0.2566
vn -0.8502 -0.4746 0.2278
vn -0.7623 -0.4746 0.4401
vn -0.4957 0.1302 -0.8586
vn 0.7011 0.1302 -0.7011
vn -0.8586 0.1302 0.4957
vn 0.8586 0.1302 -0.4957
vn -0.9577 0.1302 0.2566
vn -0.9915 0.1302 -0.0000
vn -0.0000 0.4067 0.9135
vn 0.2364 0.4067 0.8824
vn 0.7912 0.4067 -0.4568
vn 0.6460 0.4067 -0.6460
vn 0.2364 0.4067 -0.8824
vn -0.0000 0.4067 -0.9135
vn -0.7912 0.4067 -0.4568
vn -0.8824 0.4067 -0.2364
vn -0.2364 0.4067 -0.8824
vn -0.4568 0.4067 -0.7912
vn 0.4568 0.4067 -0.7912
vn -0.6460 0.4067 -0.6460
vn 0.6460 0.4067 0.6460
vn 0.7912 0.4067 0.4568
vn 0.8824 0.4067 0.2364
vn -0.7912 0.4067 0.4568
vn -0.6460 0.4067 0.6460
vn 0.9135 0.4067 -0.0000
vn -0.8824 0.4067 0.2364
vn -0.2364 0.4067 0.8824
vn 0.4568 0.4067 0.7912
vn 0.8824 0.4067 -0.2364
vn -0.9135 0.4067 -0.0000
vn -0.4568 0.4067 0.7912
vn 0.9576 -0.2880 0.0008
vn 0.9578 -0.2875 0.0013
vn -0.9579 -0.2873 -0.0000
vn -0.9578 -0.2875 0.0013
vn -0.9576 -0.2880 -0.0008
vn -0.9578 -0.2875 -0.0013
vn 0.9579 -0.2873 -0.0000
vn 0.9578 -0.2875 -0.0013
vn -0.7825 -0.0461 0.6209
vn 0.6209 -0.0461 0.7825
vn 0.4537 -0.1444 0.8794
vn -0.6209 -0.0461 -0.7825
vn -0.5200 -0.0983 0.8485
vn -0.7981 -0.3837 -0.4647
vn -0.4647 -0.3837 -0.7981
vn 0.5200 -0.0983 -0.8485
vn 0.7981 -0.3837 0.4647
vn 0.4647 -0.3837 0.7981
vn -0.7989 -0.3745 0.4707
vn -0.4707 -0.3745 0.7989
vn 0.4647 -0.3837 -0.7981
vn 0.7981 -0.3837 -0.4647
vn 0.8485 -0.0983 0.5200
vn 0.7825 -0.0461 -0.6209
vn 0.8355 0.5018 0.2239
vn 0.8650 0.5018 -0.0000
vn -0.8355 0.5018 0.2239
vn -0.7491 0.5018 0.4325
vn -0.2239 0.5018 0.8355
vn -0.0000 0.5018 0.8650
vn 0.2239 0.5018 0.8355
vn 0.4325 0.5018 0.7491
vn 0.8355 0.5018 -0.2239
vn -0.8650 0.5018 -0.0000
vn -0.6116 0.5018 0.6116
vn -0.4325 0.5018 0.7491
vn 0.6116 0.5018 0.6116
vn 0.7491 0.5018 -0.4325
vn -0.8355 0.5018 -0.2239
vn 0.2239 0.5018 -0.8355
vn -0.0000 0.5018 -0.8650
vn 0.6116 0.5018 -0.6116
vn -0.7491 0.5018 -0.4325
vn -0.2239 0.5018 -0.8355
vn -0.4325 0.5018 -0.7491
vn 0.4325 0.5018 -0.7491
vn -0.6116 0.5018 -0.6116
vn 0.7491 0.5018 0.4325
vn 0.7602 0.4790 -0.4389
vn 0.6207 0.4790 -0.6207
vn -0.4389 0.4790 -0.7602
vn -0.6207 0.4790 -0.6207
vn -0.7602 0.4790 -0.4389
vn -0.8479 0.4790 -0.2272
vn 0.4389 0.4790 0.7602
vn 0.6207 0.4790 0.6207
vn 0.2272 0.4790 -0.8479
vn -0.0000 0.4790 -0.8778
vn -0.2272 0.4790 -0.8479
vn 0.7602 0.4790 0.4389
vn 0.4389 0.4790 -0.7602
vn -0.4389 0.4790 0.7602
vn -0.2272 0.4790 0.8479
vn 0.8479 0.4790 0.2272
vn -0.7602 0.4790 0.4389
vn -0.6207 0.4790 0.6207
vn 0.2272 0.4790 0.8479
vn -0.0000 0.4790 0.8778
vn 0.8778 0.4790 -0.0000
vn -0.8479 0.4790 0.2272
vn 0.8479 0.4790 -0.2272
vn -0.8778 0.4790 -0.0000
vn -0.0000 0.4978 0.8673
vn 0.2245 0.4978 0.8378
vn -0.2245 0.4978 0.8378
vn 0.2245 0.4978 -0.8378
vn -0.0000 0.4978 -0.8673
vn 0.4337 0.4978 0.7511
vn 0.6133 0.4978 0.6133
vn 0.8378 0.4978 0.2245
vn 0.8673 0.4978 -0.0000
vn -0.8378 0.4978 0.2245
vn -0.7511 0.4978 0.4337
vn -0.4337 0.4978 -0.7511
vn -0.6133 0.4978 -0.6133
vn 0.8378 0.4978 -0.2245
vn -0.8673 0.4978 -0.0000
vn 0.4337 0.4978 -0.7511
vn 0.7511 0.4978 -0.4337
vn -0.8378 0.4978 -0.2245
vn -0.6133 0.4978 0.6133
vn -0.4337 0.4978 0.7511
vn 0.6133 0.4978 -0.6133
vn -0.7511 0.4978 -0.4337
vn -0.2245 0.4978 -0.8378
vn 0.7511 0.4978 0.4337
vn 0.8382 0.2517 -0.4839
vn 0.6843 0.2517 -0.6844
vn -0.8382 0.2517 -0.4839
vn -0.9348 0.2517 -0.2505
vn -0.6843 0.2517 0.6844
vn -0.4839 0.2517 0.8382
vn 0.4839 0.2517 -0.8382
vn -0.6843 0.2517 -0.6844
vn 0.2505 0.2517 -0.9348
vn -0.0000 0.2517 -0.9678
vn -0.2505 0.2517 -0.9348
vn -0.4839 0.2517 -0.8382
vn 0.6843 0.2517 0.6844
vn 0.8382 0.2517 0.4839
vn 0.2505 0.2517 0.9348
vn 0.4839 0.2517 0.8382
vn -0.0000 0.2517 0.9678
vn 0.9348 0.2517 0.2505
vn -0.8382 0.2517 0.4839
vn -0.2505 0.2517 0.9348
vn 0.9678 0.2517 -0.0000
vn -0.9348 0.2517 0.2505
vn 0.9348 0.2517 -0.2505
vn -0.9678 0.2517 -0.0000
vn 0.8397 -0.2446 0.4848
vn 0.9366 -0.2446 0.2510
vn -0.8397 -0.2446 0.4848
vn -0.6856 -0.2446 0.6856
vn -0.0000 -0.2446 0.9696
vn 0.2510 -0.2446 0.9366
vn 0.6856 -0.2446 -0.6856
vn 0.4848 -0.2446 -0.8397
vn 0.4848 -0.2446 0.8397
vn 0.9696 -0.2446 -0.0000
vn -0.9366 -0.2446 0.2510
vn -0.4848 -0.2446 -0.8397
vn -0.6856 -0.2446 -0.6856
vn -0.4848 -0.2446 0.8397
vn 0.9366 -0.2446 -0.2510
vn -0.9696 -0.2446 -0.0000
vn 0.2510 -0.2446 -0.9366
vn 0.8397 -0.2446 -0.4848
vn -0.9366 -0.2446 -0.2510
vn -0.8397 -0.2446 -0.4848
vn 0.6856 -0.2446 0.6856
vn -0.0000 -0.2446 -0.9696
vn -0.2510 -0.2446 -0.9366
vn -0.2510 -0.2446 0.9366
vn -0.5865 -0.5587 0.5865
vn -0.4147 -0.5587 0.7183
vn 0.7183 -0.5587 -0.4147
vn 0.5865 -0.5587 -0.5865
vn -0.7183 -0.5587 -0.4147
vn -0.8011 -0.5587 -0.2147
vn -0.4147 -0.5587 -0.7183
vn -0.5865 -0.5587 -0.5865
vn 0.2147 -0.5587 -0.8011
vn -0.0000 -0.5587 -0.8294
vn 0.4147 -0.5587 0.7183
vn 0.5865 -0.5587 0.5865
vn -0.0000 -0.5587 0.8294
vn 0.2147 -0.5587 0.8011
vn -0.2147 -0.5587 -0.8011
vn 0.7183 -0.5587 0.4147
vn -0.2147 -0.5587 0.8011
vn 0.8011 -0.5587 0.2147
vn -0.7183 -0.5587 0.4147
vn 0.4147 -0.5587 -0.7183
vn 0.8294 -0.5587 -0.0000
vn -0.8011 -0.5587 0.2147
vn 0.8011 -0.5587 -0.2147
vn -0.8294 -0.5587 -0.0000
vn 0.2015 -0.6277 -0.7519
vn -0.0000 -0.6277 -0.7784
vn 0.6741 -0.6277 0.3892
vn 0.7519 -0.6277 0.2015
vn -0.6741 -0.6277 0.3892
vn -0.5504 -0.6277 0.5504
vn 0.5504 -0.6277 -0.5504
vn 0.3892 -0.6277 -0.6741
vn -0.0000 -0.6277 0.7784
vn 0.2015 -0.6277 0.7519
vn 0.7784 -0.6277 -0.0000
vn -0.7519 -0.6277 0.2015
vn 0.3892 -0.6277 0.6741
vn -0.3892 -0.6277 -0.6741
vn -0.5504 -0.6277 -0.5504
vn 0.7519 -0.6277 -0.2015
vn -0.7784 -0.6277 -0.0000
vn 0.6741 -0.6277 -0.3892
vn -0.7519 -0.6277 -0.2015
vn -0.2015 -0.6277 -0.7519
vn -0.6741 -0.6277 -0.3892
vn -0.3892 -0.6277 0.6741
vn 0.5504 -0.6277 0.5504
vn -0.2015 -0.6277 0.7519
vn -0.5414 -0.6433 0.5414
vn -0.3828 -0.6433 0.6631
vn 0.6631 -0.6433 -0.3828
vn 0.5414 -0.6433 -0.5414
vn -0.6631 -0.6433 -0.3828
vn -0.7396 -0.6433 -0.1982
vn 0.3828 -0.6433 0.6631
vn 0.5414 -0.6433 0.5414
vn -0.5414 -0.6433 -0.5414
vn 0.1982 -0.6433 -0.7396
vn -0.0000 -0.6433 -0.7656
vn -0.1982 -0.6433 -0.7396
vn 0.6631 -0.6433 0.3828
vn 0.1982 -0.6433 0.7396
vn 0.7396 -0.6433 0.1982
vn -0.6631 -0.6433 0.3828
vn -0.1982 -0.6433 0.7396
vn -0.0000 -0.6433 0.7656
vn -0.3828 -0.6433 -0.6631
vn 0.3828 -0.6433 -0.6631
vn 0.7656 -0.6433 -0.0000
vn -0.7396 -0.6433 0.1982
vn 0.7396 -0.6433 -0.1982
vn -0.7656 -0.6433 -0.0000
vn 0.1869 -0.6917 -0.6976
vn -0.0000 -0.6917 -0.7222
vn 0.6254 -0.6917 0.3611
vn 0.6976 -0.6917 0.1869
vn -0.6254 -0.6917 0.3611
vn -0.5107 -0.6917 0.5107
vn 0.5107 -0.6917 -0.5107
vn 0.3611 -0.6917 -0.6254
vn -0.0000 -0.6917 0.7222
vn 0.1869 -0.6917 0.6976
vn -0.1869 -0.6917 -0.6976
vn -0.3611 -0.6917 -0.6254
vn 0.7222 -0.6917 -0.0000
vn -0.6976 -0.6917 0.1869
vn -0.5106 -0.6917 -0.5107
vn 0.6976 -0.6917 -0.1869
vn -0.7222 -0.6917 -0.0000
vn 0.6254 -0.6917 -0.3611
vn -0.6976 -0.6917 -0.1869
vn -0.6254 -0.6917 -0.3611
vn -0.1869 -0.6917 0.6976
vn -0.3611 -0.6917 0.6254
vn 0.3611 -0.6917 0.6254
vn 0.5106 -0.6917 0.5107
vn 0.6493 -0.6617 -0.3749
vn 0.5302 -0.6617 -0.5302
vn -0.5302 -0.6617 0.5302
vn -0.3749 -0.6617 0.6493
vn -0.6493 -0.6617 -0.3749
vn -0.7242 -0.6617 -0.1941
vn 0.3749 -0.6617 0.6493
vn 0.5302 -0.6617 0.5302
vn -0.5302 -0.6617 -0.5302
vn 0.1941 -0.6617 -0.7242
vn -0.0000 -0.6617 -0.7498
vn -0.0000 -0.6617 0.7498
vn 0.1941 -0.6617 0.7242
vn -0.1941 -0.6617 -0.7242
vn 0.6493 -0.6617 0.3749
vn -0.3749 -0.6617 -0.6493
vn 0.7242 -0.6617 0.1941
vn -0.6493 -0.6617 0.3749
vn -0.1941 -0.6617 0.7242
vn 0.3749 -0.6617 -0.6493
vn 0.7498 -0.6617 -0.0000
vn -0.7242 -0.6617 0.1941
vn 0.7242 -0.6617 -0.1941
vn -0.7498 -0.6617 -0.0000
vn -0.4731 -0.3234 0.8195
vn -0.2449 -0.3234 0.9140
vn 0.8195 -0.3234 0.4731
vn 0.9140 -0.3234 0.2449
vn -0.8195 -0.3234 0.4731
vn -0.6691 -0.3234 0.6691
vn -0.0000 -0.3234 0.9463
vn 0.2449 -0.3234 0.9140
vn 0.6691 -0.3234 -0.6691
vn 0.4731 -0.3234 -0.8195
vn -0.2449 -0.3234 -0.9140
vn -0.4731 -0.3234 -0.8195
vn 0.9463 -0.3234 -0.0000
vn -0.9140 -0.3234 0.2449
vn -0.6691 -0.3234 -0.6691
vn 0.9140 -0.3234 -0.2449
vn -0.9463 -0.3234 -0.0000
vn 0.2449 -0.3234 -0.9140
vn 0.8195 -0.3234 -0.4731
vn -0.9140 -0.3234 -0.2449
vn 0.4731 -0.3234 0.8195
vn -0.8195 -0.3234 -0.4731
vn 0.6691 -0.3234 0.6691
vn -0.0000 -0.3234 -0.9463
vn 0.9569 0.1366 -0.2564
vn 0.8579 0.1366 -0.4953
vn -0.9569 0.1366 -0.2564
vn -0.9906 0.1366 -0.0000
vn 0.7005 0.1366 -0.7005
vn -0.7005 0.1366 0.7005
vn -0.4953 0.1366 0.8579
vn -0.8579 0.1366 -0.4953
vn 0.4953 0.1366 0.8579
vn 0.7005 0.1366 0.7005
vn -0.7005 0.1366 -0.7005
vn 0.2564 0.1366 -0.9569
vn -0.0000 0.1366 -0.9906
vn -0.2564 0.1366 -0.9569
vn -0.0000 0.1366 0.9906
vn 0.2564 0.1366 0.9569
vn 0.8579 0.1366 0.4953
vn -0.4953 0.1366 -0.8579
vn 0.4953 0.1366 -0.8579
vn 0.9569 0.1366 0.2564
vn -0.8579 0.1366 0.4953
vn -0.2564 0.1366 0.9569
vn 0.9906 0.1366 -0.0000
vn -0.9569 0.1366 0.2564
vn -0.4747 0.3143 0.8221
vn -0.2457 0.3143 0.9170
vn 0.8221 0.3143 0.4747
vn 0.9170 0.3143 0.2457
vn -0.8221 0.3143 0.4747
vn -0.6713 0.3143 0.6713
vn -0.0000 0.3143 0.9493
vn 0.2457 0.3143 0.9170
vn 0.6713 0.3143 -0.6713
vn 0.4747 0.3143 -0.8221
vn -0.2457 0.3143 -0.9170
vn -0.4747 0.3143 -0.8221
vn 0.9493 0.3143 -0.0000
vn -0.9170 0.3143 0.2457
vn -0.6713 0.3143 -0.6713
vn 0.9170 0.3143 -0.2457
vn -0.9493 0.3143 -0.0000
vn 0.2457 0.3143 -0.9170
vn -0.0000 0.3143 -0.9493
vn 0.8221 0.3143 -0.4747
vn -0.9170 0.3143 -0.2457
vn 0.4747 0.3143 0.8221
vn -0.8221 0.3143 -0.4747
vn 0.6713 0.3143 0.6713
vn 0.4453 0.4549 -0.7712
vn 0.2305 0.4549 -0.8602
vn 0.8602 0.4549 -0.2305
vn 0.7712 0.4549 -0.4453
vn -0.8602 0.4549 -0.2305
vn -0.8905 0.4549 -0.0000
vn -0.6297 0.4549 0.6297
vn -0.4453 0.4549 0.7712
vn 0.6297 0.4549 -0.6297
vn -0.7712 0.4549 -0.4453
vn 0.4453 0.4549 0.7712
vn 0.6297 0.4549 0.6297
vn -0.6297 0.4549 -0.6297
vn -0.0000 0.4549 -0.8905
vn -0.0000 0.4549 0.8905
vn 0.2305 0.4549 0.8602
vn -0.2305 0.4549 -0.8602
vn 0.7712 0.4549 0.4453
vn -0.4453 0.4549 -0.7712
vn 0.8602 0.4549 0.2305
vn -0.7712 0.4549 0.4453
vn -0.2305 0.4549 0.8602
vn 0.8905 0.4549 -0.0000
vn -0.8602 0.4549 0.2305
vn 0.6095 0.5069 0.6095
vn 0.7465 0.5069 0.4310
vn -0.4310 0.5069 0.7465
vn -0.2231 0.5069 0.8326
vn 0.8326 0.5069 0.2231
vn -0.7465 0.5069 0.4310
vn -0.6095 0.5069 0.6095
vn -0.0000 0.5069 0.8620
vn 0.2231 0.5069 0.8326
vn 0.6095 0.5069 -0.6095
vn 0.4310 0.5069 -0.7465
vn -0.2231 0.5069 -0.8326
vn -0.4310 0.5069 -0.7465
vn 0.8620 0.5069 -0.0000
vn -0.8326 0.5069 0.2231
vn -0.6095 0.5069 -0.6095
vn 0.8326 0.5069 -0.2231
vn -0.8620 0.5069 -0.0000
vn 0.2231 0.5069 -0.8326
vn -0.0000 0.5069 -0.8620
vn 0.7465 0.5069 -0.4310
vn -0.8326 0.5069 -0.2231
vn 0.4310 0.5069 0.7465
vn -0.7465 0.5069 -0.4310
vn 0.8055 0.5520 -0.2158
vn 0.7222 0.5520 -0.4169
vn -0.8055 0.5520 0.2158
vn -0.7222 0.5520 0.4169
vn -0.5896 0.5520 0.5896
vn -0.4169 0.5520 0.7222
vn 0.5896 0.5520 -0.5896
vn 0.4169 0.5520 0.7222
vn 0.5896 0.5520 0.5896
vn -0.8339 0.5520 -0.0000
vn 0.2158 0.5520 -0.8055
vn -0.0000 0.5520 -0.8339
vn -0.8055 0.5520 -0.2158
vn -0.2158 0.5520 -0.8055
vn 0.7222 0.5520 0.4169
vn -0.7222 0.5520 -0.4169
vn 0.2158 0.5520 0.8055
vn -0.4169 0.5520 -0.7222
vn -0.5896 0.5520 -0.5896
vn 0.8055 0.5520 0.2158
vn -0.2158 0.5520 0.8055
vn -0.0000 0.5520 0.8339
vn 0.4169 0.5520 -0.7222
vn 0.8339 0.5520 -0.0000
vn 0.6418 0.6714 -0.3706
vn 0.5241 0.6714 -0.5241
vn -0.6418 0.6714 -0.3706
vn -0.7159 0.6714 -0.1918
vn -0.3706 0.6714 0.6418
vn -0.1918 0.6714 0.7159
vn -0.5241 0.6714 -0.5241
vn 0.3706 0.6714 -0.6418
vn -0.0000 0.6714 0.7411
vn 0.1918 0.6714 0.7159
vn -0.1918 0.6714 -0.7159
vn -0.3706 0.6714 -0.6418
vn -0.0000 0.6714 -0.7411
vn 0.5241 0.6714 0.5241
vn 0.6418 0.6714 0.3706
vn 0.1918 0.6714 -0.7159
vn 0.7159 0.6714 0.1918
vn -0.6418 0.6714 0.3706
vn -0.5241 0.6714 0.5241
vn 0.3706 0.6714 0.6418
vn 0.7411 0.6714 -0.0000
vn -0.7159 0.6714 0.1918
vn 0.7159 0.6714 -0.1918
vn -0.7411 0.6714 -0.0000
vn 0.5874 0.7348 0.3391
vn 0.6551 0.7348 0.1755
vn -0.5874 0.7348 0.3391
vn -0.4796 0.7348 0.4796
vn 0.6782 0.7348 -0.0000
vn -0.6551 0.7348 0.1755
vn -0.3391 0.7348 0.5874
vn 0.3391 0.7348 0.5874
vn 0.4796 0.7348 0.4796
vn 0.6551 0.7348 -0.1755
vn -0.6782 0.7348 -0.0000
vn 0.1755 0.7348 -0.6551
vn -0.0000 0.7348 -0.6782
vn 0.5874 0.7348 -0.3391
vn -0.6551 0.7348 -0.1755
vn 0.4796 0.7348 -0.4796
vn -0.5874 0.7348 -0.3391
vn 0.1755 0.7348 0.6551
vn -0.3391 0.7348 -0.5874
vn -0.4796 0.7348 -0.4796
vn -0.0000 0.7348 0.6782
vn -0.1755 0.7348 0.6551
vn 0.3391 0.7348 -0.5874
vn -0.1755 0.7348 -0.6551
vn 0.6116 0.7080 -0.3531
vn 0.4994 0.7080 -0.4994
vn -0.6116 0.7080 -0.3531
vn -0.6821 0.7080 -0.1828
vn -0.4994 0.7080 -0.4994
vn 0.3531 0.7080 -0.6116
vn -0.1828 0.7080 -0.6821
vn -0.3531 0.7080 -0.6116
vn -0.0000 0.7080 -0.7062
vn 0.4994 0.7080 0.4994
vn 0.6116 0.7080 0.3531
vn -0.3531 0.7080 0.6116
vn -0.1828 0.7080 0.6821
vn 0.1828 0.7080 -0.6821
vn 0.6821 0.7080 0.1828
vn -0.6116 0.7080 0.3531
vn -0.4994 0.7080 0.4994
vn -0.0000 0.7080 0.7062
vn 0.1828 0.7080 0.6821
vn 0.3531 0.7080 0.6116
vn 0.7062 0.7080 -0.0000
vn -0.6821 0.7080 0.1828
vn 0.6821 0.7080 -0.1828
vn -0.7062 0.7080 -0.0000
vn 0.5675 0.7554 0.3276
vn 0.6329 0.7554 0.1696
vn -0.5675 0.7554 0.3276
vn -0.4633 0.7554 0.4633
vn -0.1696 0.7554 0.6329
vn -0.0000 0.7554 0.6553
vn 0.6553 0.7554 -0.0000
vn -0.6329 0.7554 0.1696
vn -0.3276 0.7554 0.5675
vn 0.3276 0.7554 0.5675
vn 0.4633 0.7554 0.4633
vn 0.6329 0.7554 -0.1696
vn -0.6553 0.7554 -0.0000
vn 0.5675 0.7554 -0.3276
vn -0.6329 0.7554 -0.1696
vn 0.4633 0.7554 -0.4633
vn -0.5675 0.7554 -0.3276
vn -0.3276 0.7554 -0.5675
vn -0.4633 0.7554 -0.4633
vn 0.1696 0.7554 0.6329
vn 0.1696 0.7554 -0.6329
vn -0.0000 0.7554 -0.6553
vn 0.3276 0.7554 -0.5675
vn -0.1696 0.7554 -0.6329
vn 0.4947 0.8208 -0.2856
vn 0.4039 0.8208 -0.4039
vn -0.4947 0.8208 -0.2856
vn -0.5517 0.8208 -0.1478
vn 0.2856 0.8208 0.4947
vn 0.4039 0.8208 0.4039
vn -0.4039 0.8208 -0.4039
vn -0.1478 0.8208 0.5517
vn -0.0000 0.8208 0.5712
vn -0.1478 0.8208 -0.5517
vn -0.2856 0.8208 -0.4947
vn -0.0000 0.8208 -0.5712
vn 0.4947 0.8208 0.2856
vn -0.2856 0.8208 0.4947
vn 0.1478 0.8208 -0.5517
vn 0.5517 0.8208 0.1478
vn -0.4947 0.8208 0.2856
vn -0.4039 0.8208 0.4039
vn 0.1478 0.8208 0.5517
vn 0.2856 0.8208 -0.4947
vn 0.5712 0.8208 -0.0000
vn -0.5517 0.8208 0.1478
vn 0.5517 0.8208 -0.1478
vn -0.5712 0.8208 -0.0000
vn 0.3034 0.7949 -0.5254
vn 0.1570 0.7949 -0.5861
vn 0.5254 0.7949 0.3034
vn 0.5861 0.7949 0.1570
vn -0.5254 0.7949 0.3034
vn -0.4290 0.7949 0.4290
vn -0.1570 0.7949 0.5861
vn -0.0000 0.7949 0.6067
vn 0.6067 0.7949 -0.0000
vn -0.5861 0.7949 0.1570
vn 0.3034 0.7949 0.5254
vn 0.4290 0.7949 0.4290
vn -0.1570 0.7949 -0.5861
vn -0.3034 0.7949 -0.5254
vn 0.5861 0.7949 -0.1570
vn -0.6067 0.7949 -0.0000
vn 0.5254 0.7949 -0.3034
vn -0.5861 0.7949 -0.1570
vn -0.3034 0.7949 0.5254
vn 0.4290 0.7949 -0.4290
vn -0.5254 0.7949 -0.3034
vn -0.4290 0.7949 -0.4290
vn 0.1570 0.7949 0.5861
vn -0.0000 0.7949 -0.6067
vn 0.5121 0.8064 -0.2957
vn 0.4182 0.8064 -0.4181
vn -0.5121 0.8064 -0.2957
vn -0.5712 0.8064 -0.1531
vn -0.4182 0.8064 0.4181
vn -0.2957 0.8064 0.5121
vn 0.2957 0.8064 0.5121
vn 0.4182 0.8064 0.4181
vn -0.4182 0.8064 -0.4181
vn -0.1531 0.8064 0.5712
vn -0.0000 0.8064 0.5914
vn -0.1531 0.8064 -0.5712
vn -0.2957 0.8064 -0.5121
vn -0.0000 0.8064 -0.5914
vn 0.5121 0.8064 0.2957
vn 0.1531 0.8064 -0.5712
vn 0.5712 0.8064 0.1531
vn -0.5121 0.8064 0.2957
vn 0.1531 0.8064 0.5712
vn 0.2957 0.8064 -0.5121
vn 0.5914 0.8064 -0.0000
vn -0.5712 0.8064 0.1531
vn 0.5712 0.8064 -0.1531
vn -0.5914 0.8064 -0.0000
vn 0.1491 0.8174 0.5564
vn 0.2880 0.8174 0.4988
vn -0.2880 0.8174 0.4988
vn -0.1491 0.8174 0.5564
vn 0.2880 0.8174 -0.4988
vn 0.1491 0.8174 -0.5564
vn 0.4988 0.8174 0.2880
vn 0.5564 0.8174 0.1491
vn -0.4988 0.8174 0.2880
vn -0.4073 0.8174 0.4073
vn -0.0000 0.8174 0.5760
vn 0.4073 0.8174 -0.4073
vn 0.5760 0.8174 -0.0000
vn -0.5564 0.8174 0.1491
vn -0.1491 0.8174 -0.5564
vn -0.2880 0.8174 -0.4988
vn 0.5564 0.8174 -0.1491
vn -0.5760 0.8174 -0.0000
vn 0.4988 0.8174 -0.2880
vn -0.5564 0.8174 -0.1491
vn -0.4988 0.8174 -0.2880
vn 0.4073 0.8174 0.4073
vn -0.4073 0.8174 -0.4073
vn -0.0000 0.8174 -0.5760
vn 0.5720 0.8058 -0.1533
vn 0.5128 0.8058 -0.2961
vn -0.5720 0.8058 -0.1533
vn -0.5921 0.8058 -0.0000
vn 0.4187 0.8058 -0.4187
vn -0.5128 0.8058 -0.2961
vn -0.4187 0.8058 0.4187
vn -0.2961 0.8058 0.5128
vn 0.2961 0.8058 0.5128
vn 0.4187 0.8058 0.4187
vn -0.4187 0.8058 -0.4187
vn -0.1533 0.8058 0.5720
vn -0.0000 0.8058 0.5921
vn -0.0000 0.8058 -0.5921
vn -0.1533 0.8058 -0.5720
vn 0.5128 0.8058 0.2961
vn 0.1533 0.8058 -0.5720
vn 0.5720 0.8058 0.1533
vn -0.5128 0.8058 0.2961
vn 0.2961 0.8058 -0.5128
vn 0.1533 0.8058 0.5720
vn -0.2961 0.8058 -0.5128
vn 0.5921 0.8058 -0.0000
vn -0.5720 0.8058 0.1533
vn 0.1736 0.7418 0.6477
vn 0.3353 0.7418 0.5808
vn 0.3353 0.7418 -0.5808
vn 0.1736 0.7418 -0.6477
vn -0.3353 0.7418 -0.5808
vn -0.4742 0.7418 -0.4742
vn 0.5808 0.7418 0.3353
vn 0.6477 0.7418 0.1736
vn -0.5808 0.7418 0.3353
vn -0.4742 0.7418 0.4742
vn -0.1736 0.7418 0.6477
vn -0.0000 0.7418 0.6706
vn 0.4742 0.7418 -0.4742
vn 0.6706 0.7418 -0.0000
vn -0.6477 0.7418 0.1736
vn -0.3353 0.7418 0.5808
vn -0.1736 0.7418 -0.6477
vn 0.6477 0.7418 -0.1736
vn -0.6706 0.7418 -0.0000
vn 0.5808 0.7418 -0.3353
vn -0.6477 0.7418 -0.1736
vn -0.5808 0.7418 -0.3353
vn 0.4742 0.7418 0.4742
vn -0.0000 0.7418 -0.6706
vn 0.7338 0.6503 -0.1966
vn 0.6579 0.6503 -0.3798
vn -0.7338 0.6503 -0.1966
vn -0.7597 0.6503 -0.0000
vn 0.1966 0.6503 0.7338
vn 0.3798 0.6503 0.6579
vn 0.5372 0.6503 -0.5372
vn -0.6579 0.6503 -0.3798
vn -0.5372 0.6503 0.5372
vn -0.3798 0.6503 0.6579
vn 0.5372 0.6503 0.5372
vn -0.5372 0.6503 -0.5372
vn -0.1966 0.6503 0.7338
vn -0.0000 0.6503 0.7597
vn -0.0000 0.6503 -0.7597
vn -0.1966 0.6503 -0.7338
vn 0.6579 0.6503 0.3798
vn 0.1966 0.6503 -0.7338
vn 0.7338 0.6503 0.1966
vn -0.6579 0.6503 0.3798
vn 0.3798 0.6503 -0.6579
vn -0.3798 0.6503 -0.6579
vn 0.7597 0.6503 -0.0000
vn -0.7338 0.6503 0.1966
vn 0.4898 0.7212 0.4898
vn 0.5999 0.7212 0.3463
vn 0.1793 0.7212 0.6691
vn 0.3463 0.7212 0.5999
vn 0.3463 0.7212 -0.5999
vn 0.1793 0.7212 -0.6691
vn -0.3463 0.7212 -0.5999
vn -0.4898 0.7212 -0.4898
vn 0.6691 0.7212 0.1793
vn -0.5999 0.7212 0.3463
vn -0.4898 0.7212 0.4898
vn -0.1793 0.7212 0.6691
vn -0.0000 0.7212 0.6927
vn 0.4898 0.7212 -0.4898
vn 0.6927 0.7212 -0.0000
vn -0.6691 0.7212 0.1793
vn -0.3463 0.7212 0.5999
vn -0.1793 0.7212 -0.6691
vn 0.6691 0.7212 -0.1793
vn -0.6927 0.7212 -0.0000
vn 0.5999 0.7212 -0.3463
vn -0.6691 0.7212 -0.1793
vn -0.5999 0.7212 -0.3463
vn -0.0000 0.7212 -0.6927
vn 0.6738 0.7165 -0.1805
vn 0.6041 0.7165 -0.3488
vn -0.6738 0.7165 -0.1805
vn -0.6976 0.7165 -0.0000
vn 0.1805 0.7165 0.6738
vn 0.3488 0.7165 0.6041
vn 0.4932 0.7165 -0.4932
vn -0.6041 0.7165 -0.3488
vn -0.4932 0.7165 0.4932
vn -0.3488 0.7165 0.6041
vn 0.4932 0.7165 0.4932
vn -0.4932 0.7165 -0.4932
vn -0.1805 0.7165 0.6738
vn -0.0000 0.7165 0.6976
vn -0.0000 0.7165 -0.6976
vn -0.1805 0.7165 -0.6738
vn 0.6041 0.7165 0.3488
vn 0.6738 0.7165 0.1805
vn -0.6041 0.7165 0.3488
vn 0.3488 0.7165 -0.6041
vn -0.3488 0.7165 -0.6041
vn 0.6976 0.7165 -0.0000
vn -0.6738 0.7165 0.1805
vn 0.1805 0.7165 -0.6738
vn 0.4968 0.7116 0.4968
vn 0.6084 0.7116 0.3513
vn 0.1818 0.7116 0.6786
vn 0.3513 0.7116 0.6084
vn 0.3513 0.7116 -0.6084
vn 0.1818 0.7116 -0.6786
vn -0.3513 0.7116 -0.6084
vn -0.4968 0.7116 -0.4968
vn 0.6786 0.7116 0.1818
vn -0.6084 0.7116 0.3513
vn -0.4968 0.7116 0.4968
vn -0.1818 0.7116 0.6786
vn -0.0000 0.7116 0.7025
vn 0.4968 0.7116 -0.4968
vn 0.7025 0.7116 -0.0000
vn -0.6786 0.7116 0.1818
vn -0.3513 0.7116 0.6084
vn -0.1818 0.7116 -0.6786
vn 0.6786 0.7116 -0.1818
vn -0.7025 0.7116 -0.0000
vn 0.6084 0.7116 -0.3513
vn -0.6786 0.7116 -0.1818
vn -0.6084 0.7116 -0.3513
vn -0.0000 0.7116 -0.7025
vn 0.8797 0.4131 -0.2357
vn 0.7887 0.4131 -0.4553
vn -0.8797 0.4131 -0.2357
vn -0.9107 0.4131 -0.0000
vn 0.2357 0.4131 0.8797
vn 0.4553 0.4131 0.7887
vn 0.6440 0.4131 -0.6440
vn -0.7887 0.4131 -0.4553
vn -0.6440 0.4131 0.6440
vn -0.4553 0.4131 0.7887
vn 0.6440 0.4131 0.6440
vn -0.6440 0.4131 -0.6440
vn -0.2357 0.4131 0.8797
vn -0.0000 0.4131 0.9107
vn -0.0000 0.4131 -0.9107
vn -0.2357 0.4131 -0.8797
vn 0.7887 0.4131 0.4553
vn 0.8797 0.4131 0.2357
vn -0.7887 0.4131 0.4553
vn 0.4553 0.4131 -0.7887
vn -0.4553 0.4131 -0.7887
vn 0.9107 0.4131 -0.0000
vn -0.8797 0.4131 0.2357
vn 0.2357 0.4131 -0.8797
vn -0.0000 0.3082 -0.9513
vn -0.2462 0.3082 -0.9189
vn 0.6727 0.3082 0.6727
vn 0.8239 0.3082 0.4757
vn 0.2462 0.3082 0.9189
vn 0.4757 0.3082 0.8239
vn -0.4757 0.3082 -0.8239
vn -0.6727 0.3082 -0.6727
vn 0.9189 0.3082 0.2462
vn -0.8239 0.3082 0.4757
vn -0.6727 0.3082 0.6727
vn -0.2462 0.3082 0.9189
vn -0.0000 0.3082 0.9513
vn 0.6727 0.3082 -0.6727
vn 0.4757 0.3082 -0.8239
vn 0.9513 0.3082 -0.0000
vn -0.9189 0.3082 0.2462
vn -0.4757 0.3082 0.8239
vn 0.2462 0.3082 -0.9189
vn 0.9189 0.3082 -0.2462
vn -0.9513 0.3082 -0.0000
vn 0.8239 0.3082 -0.4757
vn -0.9189 0.3082 -0.2462
vn -0.8239 0.3082 -0.4757
vn 0.6732 0.7171 0.1804
vn 0.6970 0.7171 -0.0000
vn -0.6732 0.7171 0.1804
vn -0.6036 0.7171 0.3485
vn -0.1804 0.7171 -0.6732
vn -0.3485 0.7171 -0.6036
vn -0.4928 0.7171 0.4928
vn -0.3485 0.7171 0.6036
vn -0.1804 0.7171 0.6732
vn -0.0000 0.7171 0.6970
vn 0.1804 0.7171 0.6732
vn 0.3485 0.7171 0.6036
vn 0.6732 0.7171 -0.1804
vn -0.6970 0.7171 -0.0000
vn 0.6036 0.7171 -0.3485
vn -0.6732 0.7171 -0.1804
vn 0.4928 0.7171 -0.4928
vn 0.3485 0.7171 -0.6036
vn -0.6036 0.7171 -0.3485
vn -0.4928 0.7171 -0.4928
vn -0.0000 0.7171 -0.6970
vn 0.1804 0.7171 -0.6732
vn 0.4928 0.7171 0.4928
vn 0.6036 0.7171 0.3485
vn -0.6359 -0.6789 -0.3671
vn -0.5192 -0.6789 -0.5192
vn -0.3671 -0.6789 -0.6359
vn -0.1900 -0.6789 -0.7092
vn -0.0000 -0.6789 -0.7343
vn 0.1900 -0.6789 -0.7092
vn 0.3671 -0.6789 -0.6359
vn 0.5192 -0.6789 -0.5192
vn 0.6359 -0.6789 -0.3671
vn 0.7092 -0.6789 -0.1900
vn -0.7092 -0.6789 -0.1900
vn -0.0000 0.7874 0.6164
vn 0.1595 0.7874 0.5954
vn 0.5338 0.7874 -0.3082
vn 0.4359 0.7874 -0.4359
vn 0.1595 0.7874 -0.5954
vn -0.0000 0.7874 -0.6164
vn -0.5338 0.7874 -0.3082
vn -0.5954 0.7874 -0.1595
vn -0.1595 0.7874 -0.5954
vn -0.3082 0.7874 -0.5338
vn 0.3082 0.7874 -0.5338
vn -0.4359 0.7874 -0.4359
vn 0.4359 0.7874 0.4359
vn 0.5338 0.7874 0.3082
vn 0.5954 0.7874 0.1595
vn -0.5338 0.7874 0.3082
vn -0.4359 0.7874 0.4359
vn 0.6164 0.7874 -0.0000
vn -0.5954 0.7874 0.1595
vn -0.1595 0.7874 0.5954
vn 0.3082 0.7874 0.5338
vn 0.5954 0.7874 -0.1595
vn -0.6164 0.7874 -0.0000
vn -0.3082 0.7874 0.5338
vn 0.5671 0.7557 0.3274
vn 0.6326 0.7557 0.1695
vn -0.5671 0.7557 0.3274
vn -0.4631 0.7557 0.4631
vn -0.3274 0.7557 0.5671
vn -0.0000 0.7557 0.6549
vn 0.1695 0.7557 0.6326
vn 0.6549 0.7557 -0.0000
vn -0.6326 0.7557 0.1695
vn 0.3274 0.7557 -0.5671
vn 0.1695 0.7557 -0.6326
vn 0.6326 0.7557 -0.1695
vn -0.6549 0.7557 -0.0000
vn -0.1695 0.7557 0.6326
vn 0.5671 0.7557 -0.3274
vn -0.6326 0.7557 -0.1695
vn 0.4631 0.7557 -0.4631
vn -0.5671 0.7557 -0.3274
vn -0.0000 0.7557 -0.6549
vn -0.4631 0.7557 -0.4631
vn -0.3274 0.7557 -0.5671
vn 0.3274 0.7557 0.5671
vn -0.1695 0.7557 -0.6326
vn 0.4631 0.7557 0.4631
vn -0.4396 0.7833 0.4396
vn -0.3108 0.7833 0.5383
vn 0.4396 0.7833 -0.4396
vn 0.3108 0.7833 -0.5383
vn 0.5383 0.7833 -0.3108
vn -0.5383 0.7833 -0.3108
vn -0.6005 0.7833 -0.1609
vn -0.4396 0.7833 -0.4396
vn -0.0000 0.7833 -0.6216
vn -0.1609 0.7833 -0.6005
vn 0.1609 0.7833 0.6005
vn 0.3108 0.7833 0.5383
vn 0.4396 0.7833 0.4396
vn 0.5383 0.7833 0.3108
vn -0.3108 0.7833 -0.5383
vn -0.1609 0.7833 0.6005
vn 0.6005 0.7833 0.1609
vn -0.5383 0.7833 0.3108
vn -0.0000 0.7833 0.6216
vn 0.1609 0.7833 -0.6005
vn 0.6216 0.7833 -0.0000
vn -0.6005 0.7833 0.1609
vn 0.6005 0.7833 -0.1609
vn -0.6216 0.7833 -0.0000
vn 0.3141 0.7780 0.5440
vn 0.4442 0.7780 0.4442
vn 0.5440 0.7780 0.3141
vn 0.6068 0.7780 0.1626
vn -0.5440 0.7780 0.3141
vn -0.4442 0.7780 0.4442
vn -0.1626 0.7780 0.6068
vn -0.0000 0.7780 0.6282
vn 0.1626 0.7780 0.6068
vn -0.1626 0.7780 -0.6068
vn -0.3141 0.7780 -0.5440
vn 0.6282 0.7780 -0.0000
vn -0.6068 0.7780 0.1626
vn 0.6068 0.7780 -0.1626
vn -0.6282 0.7780 -0.0000
vn -0.3141 0.7780 0.5440
vn 0.5440 0.7780 -0.3141
vn -0.6068 0.7780 -0.1626
vn 0.4442 0.7780 -0.4442
vn 0.3141 0.7780 -0.5440
vn -0.4442 0.7780 -0.4442
vn -0.5440 0.7780 -0.3141
vn 0.1626 0.7780 -0.6068
vn -0.0000 0.7780 -0.6282
vn 0.6058 0.7146 -0.3498
vn 0.4947 0.7146 -0.4947
vn -0.6058 0.7146 -0.3498
vn -0.6757 0.7146 -0.1811
vn 0.3498 0.7146 0.6058
vn 0.4947 0.7146 0.4947
vn 0.1811 0.7146 -0.6757
vn -0.0000 0.7146 -0.6996
vn -0.4947 0.7146 -0.4947
vn -0.1811 0.7146 -0.6757
vn 0.6058 0.7146 0.3498
vn -0.1811 0.7146 0.6757
vn -0.0000 0.7146 0.6996
vn -0.3498 0.7146 0.6058
vn -0.3498 0.7146 -0.6058
vn 0.6757 0.7146 0.1811
vn -0.6058 0.7146 0.3498
vn -0.4947 0.7146 0.4947
vn 0.1811 0.7146 0.6757
vn 0.3498 0.7146 -0.6058
vn 0.6996 0.7146 -0.0000
vn -0.6757 0.7146 0.1811
vn 0.6757 0.7146 -0.1811
vn -0.6996 0.7146 -0.0000
vn 0.1953 0.6562 0.7288
vn 0.3773 0.6562 0.6535
vn 0.5336 0.6562 -0.5336
vn 0.3773 0.6562 -0.6535
vn 0.6535 0.6562 0.3773
vn 0.7288 0.6562 0.1953
vn -0.6535 0.6562 0.3773
vn -0.5336 0.6562 0.5336
vn -0.1953 0.6562 0.7288
vn -0.0000 0.6562 0.7546
vn 0.1953 0.6562 -0.7288
vn 0.7546 0.6562 -0.0000
vn -0.7288 0.6562 0.1953
vn -0.1953 0.6562 -0.7288
vn -0.3773 0.6562 -0.6535
vn 0.7288 0.6562 -0.1953
vn -0.7546 0.6562 -0.0000
vn -0.3773 0.6562 0.6535
vn -0.5336 0.6562 -0.5336
vn 0.6535 0.6562 -0.3773
vn -0.7288 0.6562 -0.1953
vn 0.5336 0.6562 0.5336
vn -0.6535 0.6562 -0.3773
vn -0.0000 0.6562 -0.7546
vn 0.7212 0.6652 -0.1933
vn 0.6467 0.6652 -0.3733
vn -0.7212 0.6652 -0.1933
vn -0.7467 0.6652 -0.0000
vn -0.1933 0.6652 -0.7212
vn -0.3733 0.6652 -0.6467
vn 0.5280 0.6652 -0.5280
vn -0.6467 0.6652 -0.3733
vn -0.5280 0.6652 0.5280
vn -0.3733 0.6652 0.6467
vn 0.3733 0.6652 0.6467
vn 0.5280 0.6652 0.5280
vn -0.5280 0.6652 -0.5280
vn -0.1933 0.6652 0.7212
vn -0.0000 0.6652 0.7467
vn -0.0000 0.6652 -0.7467
vn 0.6467 0.6652 0.3733
vn 0.1933 0.6652 -0.7212
vn 0.7212 0.6652 0.1933
vn -0.6467 0.6652 0.3733
vn 0.1933 0.6652 0.7212
vn 0.3733 0.6652 -0.6467
vn 0.7467 0.6652 -0.0000
vn -0.7212 0.6652 0.1933
vn -0.0000 0.5839 0.8118
vn 0.2101 0.5839 0.7841
vn 0.4059 0.5839 -0.7030
vn 0.2101 0.5839 -0.7841
vn 0.4059 0.5839 0.7030
vn 0.7030 0.5839 0.4059
vn 0.7841 0.5839 0.2101
vn -0.7030 0.5839 0.4059
vn -0.5740 0.5839 0.5740
vn -0.2101 0.5839 0.7841
vn -0.4059 0.5839 0.7030
vn 0.5740 0.5839 -0.5740
vn 0.8118 0.5839 -0.0000
vn -0.7841 0.5839 0.2101
vn -0.2101 0.5839 -0.7841
vn -0.4059 0.5839 -0.7030
vn 0.7841 0.5839 -0.2101
vn -0.8118 0.5839 -0.0000
vn 0.7030 0.5839 -0.4059
vn -0.7841 0.5839 -0.2101
vn -0.7030 0.5839 -0.4059
vn 0.5740 0.5839 0.5740
vn -0.5740 0.5839 -0.5740
vn -0.0000 0.5839 -0.8118
vn 0.9373 0.2416 -0.2512
vn 0.8404 0.2416 -0.4852
vn -0.9373 0.2416 -0.2512
vn -0.9704 0.2416 -0.0000
vn 0.6862 0.2416 -0.6862
vn -0.8404 0.2416 -0.4852
vn -0.2512 0.2416 0.9373
vn -0.0000 0.2416 0.9704
vn -0.6862 0.2416 0.6862
vn -0.4852 0.2416 0.8404
vn 0.4852 0.2416 0.8404
vn 0.6862 0.2416 0.6862
vn -0.6862 0.2416 -0.6862
vn -0.0000 0.2416 -0.9704
vn -0.2512 0.2416 -0.9373
vn 0.8404 0.2416 0.4852
vn 0.2512 0.2416 0.9373
vn 0.2512 0.2416 -0.9373
vn 0.9373 0.2416 0.2512
vn -0.8404 0.2416 0.4852
vn 0.4852 0.2416 -0.8404
vn -0.4852 0.2416 -0.8404
vn 0.9704 0.2416 -0.0000
vn -0.9373 0.2416 0.2512
vn 0.5192 -0.6789 0.5192
vn 0.6359 -0.6789 0.3671
vn 0.1900 -0.6789 0.7092
vn 0.3671 -0.6789 0.6359
vn 0.7092 -0.6789 0.1900
vn -0.6359 -0.6789 0.3671
vn -0.5192 -0.6789 0.5192
vn -0.1900 -0.6789 0.7092
vn -0.0000 -0.6789 0.7343
vn 0.7343 -0.6789 -0.0000
vn -0.7092 -0.6789 0.1900
vn -0.3671 -0.6789 0.6359
vn -0.7343 -0.6789 -0.0000
vn 0.9350 -0.2511 0.2505
vn 0.8383 -0.2511 0.4840
vn -0.8383 -0.2511 -0.4840
vn -0.9350 -0.2511 -0.2505
vn -0.8207 -0.5274 -0.2199
vn -0.7358 -0.5274 -0.4248
vn 0.4840 -0.2511 0.8383
vn 0.2505 -0.2511 0.9350
vn -0.0000 -0.2511 0.9680
vn -0.2505 -0.2511 0.9350
vn -0.2505 -0.2511 -0.9350
vn -0.0000 -0.2511 -0.9680
vn 0.6845 -0.2511 0.6845
vn 0.2505 -0.2511 -0.9350
vn 0.4840 -0.2511 -0.8383
vn -0.9680 -0.2511 -0.0000
vn -0.6845 -0.2511 -0.6845
vn -0.4840 -0.2511 -0.8383
vn -0.9350 -0.2511 0.2505
vn 0.6845 -0.2511 -0.6845
vn 0.8383 -0.2511 -0.4840
vn -0.8383 -0.2511 0.4840
vn -0.4840 -0.2511 0.8383
vn 0.9350 -0.2511 -0.2505
vn -0.6845 -0.2511 0.6845
vn 0.9680 -0.2511 -0.0000
vn -0.4248 -0.5274 0.7358
vn -0.2199 -0.5274 0.8207
vn -0.2111 -0.5786 0.7878
vn -0.4078 -0.5786 0.7063
vn 0.6008 -0.5274 -0.6008
vn 0.7358 -0.5274 -0.4248
vn 0.4248 -0.5274 -0.7358
vn -0.8496 -0.5274 -0.0000
vn 0.8207 -0.5274 -0.2199
vn 0.6008 -0.5274 0.6008
vn 0.4248 -0.5274 0.7358
vn -0.8207 -0.5274 0.2199
vn 0.8496 -0.5274 -0.0000
vn -0.6008 -0.5274 -0.6008
vn -0.4248 -0.5274 -0.7358
vn -0.7358 -0.5274 0.4248
vn -0.0000 -0.5274 0.8496
vn 0.8207 -0.5274 0.2199
vn -0.6008 -0.5274 0.6008
vn -0.0000 -0.5274 -0.8496
vn 0.2199 -0.5274 -0.8207
vn 0.7358 -0.5274 0.4248
vn 0.2199 -0.5274 0.8207
vn -0.2199 -0.5274 -0.8207
vn 0.7063 -0.5786 -0.4078
vn 0.5767 -0.5786 -0.5767
vn 0.5871 -0.5574 -0.5871
vn 0.7190 -0.5573 -0.4151
vn -0.5767 -0.5786 0.5767
vn -0.7063 -0.5786 0.4078
vn -0.0000 -0.5786 -0.8156
vn 0.2111 -0.5786 -0.7878
vn 0.7878 -0.5786 0.2111
vn 0.7063 -0.5786 0.4078
vn 0.4078 -0.5786 -0.7063
vn 0.4078 -0.5786 0.7063
vn 0.2111 -0.5786 0.7878
vn 0.5767 -0.5786 0.5767
vn -0.0000 -0.5786 0.8156
vn -0.4078 -0.5786 -0.7063
vn -0.2111 -0.5786 -0.7878
vn -0.7063 -0.5786 -0.4078
vn -0.5767 -0.5786 -0.5767
vn -0.7878 -0.5786 -0.2111
vn -0.8156 -0.5786 -0.0000
vn 0.7878 -0.5786 -0.2111
vn -0.7878 -0.5786 0.2111
vn 0.8156 -0.5786 -0.0000
vn -0.7190 -0.5573 0.4151
vn -0.5871 -0.5574 0.5871
vn -0.5601 -0.6103 0.5601
vn -0.6860 -0.6103 0.3961
vn 0.4151 -0.5574 -0.7190
vn -0.8303 -0.5574 -0.0000
vn -0.8020 -0.5574 -0.2149
vn 0.8020 -0.5574 -0.2149
vn 0.5871 -0.5574 0.5871
vn 0.4151 -0.5574 0.7190
vn -0.8020 -0.5574 0.2149
vn 0.8303 -0.5574 -0.0000
vn -0.5871 -0.5574 -0.5871
vn -0.4151 -0.5574 -0.7190
vn -0.0000 -0.5574 0.8303
vn -0.2149 -0.5574 0.8020
vn 0.8020 -0.5574 0.2149
vn -0.4151 -0.5574 0.7190
vn -0.0000 -0.5574 -0.8303
vn 0.2149 -0.5574 -0.8020
vn 0.7190 -0.5574 0.4151
vn 0.2149 -0.5574 0.8020
vn -0.2149 -0.5574 -0.8020
vn -0.7190 -0.5574 -0.4151
vn 0.6860 -0.6103 -0.3961
vn 0.5601 -0.6103 -0.5601
vn 0.5039 -0.7015 -0.5039
vn 0.6172 -0.7015 -0.3563
vn -0.0000 -0.6103 -0.7921
vn 0.2050 -0.6103 -0.7652
vn 0.7651 -0.6103 0.2050
vn 0.6860 -0.6103 0.3961
vn 0.3961 -0.6103 -0.6860
vn 0.3961 -0.6103 0.6860
vn 0.2050 -0.6103 0.7651
vn 0.5601 -0.6103 0.5601
vn -0.0000 -0.6103 0.7921
vn -0.3961 -0.6103 -0.6860
vn -0.2050 -0.6103 -0.7651
vn -0.6860 -0.6103 -0.3961
vn -0.5601 -0.6103 -0.5601
vn -0.3961 -0.6103 0.6860
vn -0.7651 -0.6103 -0.2050
vn -0.7921 -0.6104 -0.0000
vn 0.7651 -0.6103 -0.2050
vn -0.7651 -0.6103 0.2050
vn 0.7921 -0.6104 -0.0000
vn -0.2050 -0.6103 0.7652
vn 0.1845 -0.7015 -0.6884
vn -0.0000 -0.7015 -0.7127
vn -0.0000 -0.6798 -0.7334
vn 0.1898 -0.6798 -0.7084
vn 0.3563 -0.7015 -0.6172
vn -0.7127 -0.7015 -0.0000
vn -0.6884 -0.7015 -0.1845
vn 0.6884 -0.7015 -0.1845
vn 0.5039 -0.7015 0.5039
vn 0.3563 -0.7015 0.6172
vn -0.6884 -0.7015 0.1845
vn 0.7127 -0.7015 -0.0000
vn -0.5039 -0.7015 -0.5039
vn -0.3563 -0.7015 -0.6172
vn -0.6172 -0.7015 0.3563
vn -0.0000 -0.7015 0.7127
vn -0.1845 -0.7015 0.6884
vn 0.6884 -0.7015 0.1845
vn -0.3563 -0.7015 0.6172
vn -0.5039 -0.7015 0.5039
vn 0.6172 -0.7015 0.3563
vn 0.1845 -0.7015 0.6884
vn -0.1845 -0.7015 -0.6884
vn -0.6172 -0.7015 -0.3563
vn -0.7084 -0.6798 -0.1898
vn -0.7334 -0.6798 -0.0000
vn -0.7700 -0.6380 -0.0000
vn -0.7438 -0.6380 -0.1993
vn 0.7084 -0.6798 0.1898
vn 0.6351 -0.6798 0.3667
vn 0.3667 -0.6798 -0.6351
vn 0.3667 -0.6798 0.6351
vn 0.1898 -0.6798 0.7084
vn 0.5185 -0.6798 0.5186
vn -0.0000 -0.6798 0.7334
vn -0.3667 -0.6798 -0.6351
vn -0.1898 -0.6798 -0.7084
vn -0.6351 -0.6798 -0.3667
vn -0.5185 -0.6798 -0.5186
vn -0.3667 -0.6798 0.6351
vn -0.5186 -0.6798 0.5186
vn 0.5186 -0.6798 -0.5186
vn 0.6351 -0.6798 -0.3667
vn 0.7084 -0.6798 -0.1898
vn -0.7084 -0.6798 0.1898
vn 0.7334 -0.6798 -0.0000
vn -0.6351 -0.6798 0.3667
vn -0.1898 -0.6798 0.7084
vn 0.3850 -0.6380 -0.6669
vn 0.1993 -0.6380 -0.7438
vn 0.1988 -0.6402 -0.7420
vn 0.3841 -0.6402 -0.6653
vn 0.5445 -0.6380 -0.5445
vn 0.6669 -0.6380 -0.3850
vn 0.7438 -0.6380 -0.1993
vn -0.7438 -0.6380 0.1993
vn 0.5445 -0.6380 0.5445
vn 0.3850 -0.6380 0.6669
vn 0.7700 -0.6380 -0.0000
vn -0.6669 -0.6380 0.3850
vn -0.5445 -0.6380 -0.5445
vn -0.3850 -0.6380 -0.6669
vn -0.0000 -0.6380 0.7700
vn -0.1993 -0.6380 0.7438
vn 0.7438 -0.6380 0.1993
vn -0.5445 -0.6380 0.5445
vn -0.3850 -0.6380 0.6669
vn 0.6668 -0.6380 0.3850
vn -0.0000 -0.6380 -0.7700
vn 0.1993 -0.6380 0.7438
vn -0.6668 -0.6380 -0.3850
vn -0.1993 -0.6380 -0.7438
vn 0.7420 -0.6402 -0.1988
vn 0.6653 -0.6402 -0.3841
vn 0.8165 -0.3333 -0.4714
vn 0.9107 -0.3333 -0.2440
vn 0.3841 -0.6402 0.6653
vn 0.1988 -0.6402 0.7420
vn 0.6653 -0.6402 0.3841
vn 0.5432 -0.6402 0.5432
vn -0.0000 -0.6402 0.7682
vn -0.3841 -0.6402 -0.6653
vn -0.1988 -0.6402 -0.7420
vn -0.6653 -0.6402 -0.3841
vn -0.5432 -0.6402 -0.5432
vn -0.0000 -0.6402 -0.7682
vn -0.3841 -0.6402 0.6653
vn -0.5432 -0.6402 0.5432
vn -0.7420 -0.6402 -0.1988
vn 0.5432 -0.6402 -0.5432
vn -0.7682 -0.6402 -0.0000
vn -0.7420 -0.6402 0.1988
vn 0.7682 -0.6402 -0.0000
vn -0.6653 -0.6402 0.3841
vn -0.1988 -0.6402 0.7420
vn 0.7420 -0.6402 0.1988
vn 0.2440 -0.3333 0.9107
vn 0.4714 -0.3333 0.8165
vn 0.3671 0.6789 0.6359
vn 0.1900 0.6789 0.7092
vn 0.6667 -0.3333 0.6667
vn -0.9107 -0.3333 0.2440
vn -0.9428 -0.3333 -0.0000
vn 0.9428 -0.3333 -0.0000
vn -0.6667 -0.3333 -0.6667
vn -0.4714 -0.3333 -0.8165
vn -0.8165 -0.3333 0.4714
vn -0.0000 -0.3333 0.9428
vn -0.2440 -0.3333 0.9107
vn 0.9107 -0.3333 0.2440
vn -0.4714 -0.3333 0.8165
vn -0.6667 -0.3333 0.6667
vn -0.0000 -0.3333 -0.9428
vn 0.2440 -0.3333 -0.9107
vn 0.8165 -0.3333 0.4714
vn 0.4714 -0.3333 -0.8165
vn -0.2440 -0.3333 -0.9107
vn -0.8165 -0.3333 -0.4714
vn -0.9107 -0.3333 -0.2440
vn 0.6667 -0.3333 -0.6667
vn 0.7354 0.6483 0.1971
vn 0.7614 0.6483 -0.0000
vn 0.8113 0.5846 -0.0000
vn 0.7837 0.5846 0.2100
vn 0.6359 0.6789 0.3671
vn 0.5192 0.6789 0.5192
vn -0.0000 0.6789 0.7343
vn -0.3671 0.6789 -0.6359
vn -0.1900 0.6789 -0.7092
vn -0.6359 0.6789 -0.3671
vn -0.5192 0.6789 -0.5192
vn -0.0000 0.6789 -0.7343
vn -0.3671 0.6789 0.6359
vn -0.5192 0.6789 0.5192
vn -0.7092 0.6789 -0.1900
vn 0.5192 0.6789 -0.5192
vn 0.6359 0.6789 -0.3671
vn 0.3671 0.6789 -0.6359
vn -0.7343 0.6789 -0.0000
vn 0.7092 0.6789 -0.1900
vn -0.7092 0.6789 0.1900
vn 0.7343 0.6789 -0.0000
vn -0.6359 0.6789 0.3671
vn -0.1900 0.6789 0.7092
vn 0.7092 0.6789 0.1900
vn 0.1900 0.6789 -0.7092
vn -0.0000 0.6483 0.7614
vn -0.1971 0.6483 0.7354
vn -0.0000 0.6483 -0.7614
vn 0.1971 0.6483 -0.7354
vn 0.3807 0.6483 0.6594
vn 0.1971 0.6483 0.7354
vn -0.3807 0.6483 -0.6594
vn -0.1971 0.6483 -0.7354
vn -0.3807 0.6483 0.6594
vn -0.5384 0.6483 0.5384
vn 0.3807 0.6483 -0.6594
vn 0.5384 0.6483 -0.5384
vn 0.5384 0.6483 0.5384
vn -0.5384 0.6483 -0.5384
vn 0.6594 0.6483 -0.3807
vn 0.7354 0.6483 -0.1971
vn 0.6594 0.6483 0.3807
vn -0.6594 0.6483 -0.3807
vn -0.7354 0.6483 -0.1971
vn -0.7614 0.6483 -0.0000
vn -0.7354 0.6483 0.1971
vn -0.6594 0.6483 0.3807
vn -0.6751 0.7377 -0.0000
vn -0.6521 0.7377 0.1747
vn -0.9659 -0.0000 0.2588
vn -1.0000 -0.0000 -0.0000
vn -0.2100 0.5846 0.7837
vn -0.4057 0.5846 0.7026
vn -0.5737 0.5846 0.5737
vn -0.7026 0.5846 0.4057
vn -0.0000 0.5846 -0.8113
vn 0.2100 0.5846 -0.7837
vn 0.7026 0.5846 0.4057
vn 0.4057 0.5846 -0.7026
vn 0.4057 0.5846 0.7026
vn 0.2100 0.5846 0.7837
vn 0.5737 0.5846 0.5737
vn -0.0000 0.5846 0.8113
vn -0.4057 0.5846 -0.7026
vn -0.2100 0.5846 -0.7837
vn -0.7026 0.5846 -0.4057
vn -0.5737 0.5846 -0.5737
vn -0.7837 0.5846 -0.2100
vn 0.5737 0.5846 -0.5737
vn 0.7026 0.5846 -0.4057
vn -0.8113 0.5846 -0.0000
vn 0.7837 0.5846 -0.2100
vn -0.7837 0.5846 0.2100
vn -0.0000 0.7377 -0.6751
vn 0.1747 0.7377 -0.6521
vn -0.0000 0.7377 0.6751
vn -0.1747 0.7377 0.6521
vn -0.3376 0.7377 -0.5847
vn -0.1747 0.7377 -0.6521
vn 0.3376 0.7377 0.5847
vn 0.1747 0.7377 0.6521
vn 0.3376 0.7377 -0.5847
vn 0.4774 0.7377 -0.4774
vn -0.3376 0.7377 0.5847
vn -0.4774 0.7377 0.4774
vn -0.4774 0.7377 -0.4774
vn 0.4774 0.7377 0.4774
vn -0.5847 0.7377 0.3376
vn -0.6521 0.7377 -0.1747
vn -0.5847 0.7377 -0.3376
vn 0.5847 0.7377 0.3376
vn 0.6521 0.7377 0.1747
vn 0.6751 0.7377 -0.0000
vn 0.6521 0.7377 -0.1747
vn 0.5847 0.7377 -0.3376
vn 0.7071 -0.0000 0.7071
vn 0.5000 -0.0000 0.8660
vn 0.8660 -0.0000 -0.5000
vn 0.9659 -0.0000 -0.2588
vn -0.0000 -0.0000 -1.0000
vn 0.2588 -0.0000 -0.9659
vn -0.9659 -0.0000 -0.2588
vn 0.5000 -0.0000 -0.8660
vn 0.7071 -0.0000 -0.7071
vn -0.0000 -0.0000 1.0000
vn -0.2588 -0.0000 0.9659
vn -0.8660 -0.0000 -0.5000
vn -0.5000 -0.0000 0.8660
vn -0.5000 -0.0000 -0.8660
vn -0.2588 -0.0000 -0.9659
vn -0.7071 -0.0000 -0.7071
vn 0.2588 -0.0000 0.9659
vn 0.8660 -0.0000 0.5000
vn 0.9659 -0.0000 0.2588
vn -0.7071 -0.0000 0.7071
vn -0.8660 -0.0000 0.5000
vn 1.0000 -0.0000 -0.0000
vt 0.756994 0.185935
vt 0.756994 0.734255
vt 0.794466 0.185935
vt 0.918334 0.911431
vt 0.961520 0.841022
vt 0.918334 0.841022
vt 0.774460 0.185631
vt 0.774460 0.728871
vt 0.938724 0.905058
vt 0.938724 0.840646
vt 0.774460 0.185631
vt 0.789389 0.185631
vt 0.789389 0.713037
vt 0.756994 0.185935
vt 0.794466 0.694512
vt 0.794466 0.185935
vt 0.961520 0.865628
vt 0.961520 0.841022
vt 0.918334 0.841022
vt 0.955511 0.887254
vt 0.955511 0.840646
vt 0.938724 0.840646
vt 0.921174 0.868641
vt 0.765006 0.703010
vt 0.921174 0.282868
vt 0.765006 0.448498
vt 0.368865 0.868641
vt 0.525033 0.703010
vt 0.368865 0.282868
vt 0.525687 0.449191
vt 0.515579 0.422637
vt 0.515579 0.185631
vt 0.533046 0.417253
vt 0.533046 0.185935
vt 0.495574 0.185935
vt 0.371706 0.841022
vt 0.328519 0.841022
vt 0.371706 0.240077
vt 0.351316 0.840646
vt 0.351316 0.246451
vt 0.500650 0.438471
vt 0.500650 0.185631
vt 0.515579 0.185631
vt 0.334529 0.840646
vt 0.351316 0.840646
vt 0.334529 0.264255
vt 0.495574 0.456996
vt 0.495574 0.185935
vt 0.533046 0.185935
vt 0.371706 0.841022
vt 0.328519 0.285880
vt 0.328519 0.841022
vt 0.938724 0.246451
vt 0.938724 0.840646
vt 0.918334 0.240077
vt 0.328519 0.841022
vt 0.918334 0.841022
vt 0.756994 0.185935
vt 0.495574 0.185935
vt 0.756994 0.417253
vt 0.774460 0.185631
vt 0.774460 0.422637
vt 0.955511 0.264255
vt 0.351316 0.840646
vt 0.955511 0.840646
vt 0.789389 0.185631
vt 0.515579 0.185631
vt 0.789389 0.438471
vt 0.961520 0.841022
vt 0.961520 0.285880
vt 0.371706 0.841022
vt 0.794466 0.456996
vt 0.533046 0.185935
vt 0.794466 0.185935
vt 0.351316 0.905058
vt 0.351316 0.840646
vt 0.371706 0.911431
vt 0.371706 0.841022
vt 0.961520 0.841022
vt 0.794466 0.185935
vt 0.533046 0.185935
vt 0.533046 0.734255
vt 0.515579 0.185631
vt 0.515579 0.728871
vt 0.334529 0.887254
vt 0.938724 0.840646
vt 0.334529 0.840646
vt 0.500650 0.185631
vt 0.774460 0.185631
vt 0.500650 0.713037
vt 0.328519 0.865628
vt 0.328519 0.841022
vt 0.918334 0.841022
vt 0.756994 0.185935
vt 0.495574 0.694512
vt 0.495574 0.185935
vt 0.645020 0.279062
vt 0.645020 0.439818
vt 0.645020 0.711690
vt 0.645020 0.872446
vt 0.365278 0.575754
vt 0.516850 0.575754
vt 0.773189 0.575754
vt 0.924762 0.575754
vt 0.945885 0.881187
vt 0.915408 0.844488
vt 0.950600 0.862525
vt 0.950600 0.844488
vt 0.933004 0.894849
vt 0.915408 0.844488
vt 0.950600 0.844488
vt 0.915408 0.899849
vt 0.374632 0.844488
vt 0.339440 0.844488
vt 0.374632 0.251659
vt 0.357036 0.256659
vt 0.344154 0.270321
vt 0.374632 0.844488
vt 0.339440 0.288983
vt 0.339440 0.844488
vt 0.933004 0.256659
vt 0.915408 0.844488
vt 0.915408 0.251659
vt 0.339440 0.844488
vt 0.945885 0.270321
vt 0.374632 0.844488
vt 0.950600 0.844488
vt 0.950600 0.288983
vt 0.357036 0.894849
vt 0.374632 0.844488
vt 0.374632 0.899849
vt 0.950600 0.844488
vt 0.344154 0.881187
vt 0.915408 0.844488
vt 0.339440 0.844488
vt 0.339440 0.862525
vt 0.645020 0.846087
vt 0.645020 0.899849
vt 0.645020 0.846087
vt 0.950600 0.575754
vt 0.645020 0.846087
vt 0.339440 0.575754
vt 0.645020 0.846087
vt 0.645020 0.251659
vt 0.590302 0.711690
vt 0.590302 0.439818
vt 0.509826 0.251659
vt 0.509826 0.844495
vt 0.509826 0.899849
vt 0.509826 0.844495
vt 0.506943 0.280965
vt 0.506943 0.870543
vt 0.483028 0.575754
vt 0.645020 0.880662
vt 0.780214 0.899849
vt 0.780214 0.844495
vt 0.780214 0.251659
vt 0.780214 0.844495
vt 0.699737 0.439818
vt 0.699737 0.711690
vt 0.783097 0.870543
vt 0.783097 0.280965
vt 0.807012 0.575754
vt 0.645020 0.880662
vt 0.950600 0.432369
vt 0.509826 0.844495
vt 0.339440 0.432369
vt 0.509826 0.844495
vt 0.516850 0.517721
vt 0.773189 0.517721
vt 0.922968 0.429311
vt 0.367071 0.429311
vt 0.645020 0.880662
vt 0.645020 0.403947
vt 0.530474 0.880662
vt 0.530474 0.454268
vt 0.759565 0.880662
vt 0.530474 0.880662
vt 0.759565 0.454268
vt 0.773189 0.633787
vt 0.516850 0.633787
vt 0.339440 0.719139
vt 0.780214 0.844495
vt 0.950600 0.719139
vt 0.780214 0.844495
vt 0.367071 0.722197
vt 0.922968 0.722197
vt 0.645020 0.747561
vt 0.645020 0.880662
vt 0.530474 0.697240
vt 0.530474 0.880662
vt 0.759565 0.880662
vt 0.759565 0.880662
vt 0.759565 0.697240
vt 0.516850 0.546738
vt 0.773189 0.546738
vt 0.495358 0.510006
vt 0.583028 0.880662
vt 0.577423 0.845422
vt 0.950600 0.504061
vt 0.339440 0.504061
vt 0.577423 0.845422
vt 0.923865 0.502532
vt 0.366175 0.502532
vt 0.794681 0.510006
vt 0.583028 0.880662
vt 0.712617 0.845422
vt 0.339440 0.647447
vt 0.950600 0.647447
vt 0.712617 0.845422
vt 0.366175 0.648976
vt 0.923865 0.648976
vt 0.794681 0.641502
vt 0.707011 0.880662
vt 0.773189 0.604771
vt 0.516850 0.604771
vt 0.495358 0.641502
vt 0.707011 0.880662
vt 0.577423 0.845422
vt 0.577423 0.251659
vt 0.577423 0.899849
vt 0.577423 0.845422
vt 0.575981 0.280014
vt 0.575981 0.871495
vt 0.617661 0.711690
vt 0.617661 0.439818
vt 0.583028 0.880662
vt 0.583028 0.417025
vt 0.583028 0.734483
vt 0.583028 0.880662
vt 0.672378 0.439818
vt 0.672378 0.711690
vt 0.712617 0.845422
vt 0.712617 0.899849
vt 0.712617 0.251659
vt 0.712617 0.845422
vt 0.714058 0.871495
vt 0.714058 0.280014
vt 0.707011 0.880662
vt 0.707011 0.417025
vt 0.707011 0.734483
vt 0.707011 0.880662
vt 0.847811 0.899849
vt 0.847811 0.844488
vt 0.847811 0.844488
vt 0.847811 0.251659
vt 0.852135 0.869592
vt 0.852135 0.281916
vt 0.854826 0.575754
vt 0.727096 0.439818
vt 0.727096 0.711690
vt 0.853481 0.428835
vt 0.853481 0.722673
vt 0.854153 0.502295
vt 0.854153 0.649214
vt 0.562944 0.711690
vt 0.562944 0.439818
vt 0.442229 0.251659
vt 0.442229 0.844488
vt 0.442229 0.844488
vt 0.442229 0.899849
vt 0.437904 0.281916
vt 0.437904 0.869592
vt 0.435213 0.575754
vt 0.436559 0.428835
vt 0.436559 0.722673
vt 0.435886 0.502295
vt 0.435886 0.649214
vt 0.773189 0.662803
vt 0.516850 0.662803
vt 0.645020 0.798273
vt 0.506494 0.796846
vt 0.339440 0.790832
vt 0.847811 0.844488
vt 0.847811 0.844488
vt 0.950600 0.790832
vt 0.367968 0.795419
vt 0.922071 0.795419
vt 0.783545 0.796846
vt 0.575757 0.797559
vt 0.714282 0.797559
vt 0.852808 0.796133
vt 0.437231 0.796133
vt 0.950600 0.360676
vt 0.442229 0.844488
vt 0.442229 0.844488
vt 0.339440 0.360676
vt 0.922071 0.356089
vt 0.367968 0.356089
vt 0.645020 0.353235
vt 0.783545 0.354662
vt 0.516850 0.488705
vt 0.773189 0.488705
vt 0.506494 0.354662
vt 0.575757 0.353949
vt 0.714282 0.353949
vt 0.852808 0.355376
vt 0.437231 0.355376
vt 0.645020 0.575754
vt 0.645020 0.971404
vt 0.542092 0.575754
vt 0.645020 0.971404
vt 0.747948 0.575754
vt 0.645020 0.971404
vt 0.645020 0.466590
vt 0.572238 0.971404
vt 0.572238 0.498563
vt 0.717801 0.971404
vt 0.572238 0.971404
vt 0.717801 0.498563
vt 0.645020 0.971404
vt 0.645020 0.684919
vt 0.572238 0.971404
vt 0.717801 0.971404
vt 0.572238 0.652945
vt 0.717801 0.971404
vt 0.717801 0.652945
vt 0.605631 0.971404
vt 0.549926 0.533979
vt 0.645020 0.528625
vt 0.605631 0.971404
vt 0.740113 0.533979
vt 0.684408 0.971404
vt 0.740113 0.617530
vt 0.645020 0.622883
vt 0.684408 0.971404
vt 0.549926 0.617530
vt 0.600583 0.575754
vt 0.605631 0.971404
vt 0.605631 0.474899
vt 0.605631 0.971404
vt 0.605631 0.676609
vt 0.600726 0.528776
vt 0.600726 0.622732
vt 0.689456 0.575754
vt 0.684408 0.971404
vt 0.684408 0.474899
vt 0.684408 0.971404
vt 0.684408 0.676609
vt 0.689314 0.528776
vt 0.689314 0.622732
vt 0.784991 0.188942
vt 0.784991 0.691820
vt 0.754455 0.188942
vt 0.780900 0.708013
vt 0.769723 0.719867
vt 0.754455 0.724206
vt 0.754455 0.188942
vt 0.784991 0.188942
vt 0.520317 0.431641
vt 0.535585 0.427302
vt 0.535585 0.188942
vt 0.505049 0.188942
vt 0.509140 0.443495
vt 0.505049 0.188942
vt 0.505049 0.459688
vt 0.535585 0.188942
vt 0.505049 0.188942
vt 0.754455 0.427302
vt 0.754455 0.188942
vt 0.769723 0.431641
vt 0.780900 0.443495
vt 0.784991 0.459688
vt 0.535585 0.188942
vt 0.784991 0.188942
vt 0.784991 0.188942
vt 0.535585 0.724206
vt 0.535585 0.188942
vt 0.520317 0.719867
vt 0.509140 0.708013
vt 0.505049 0.691820
vt 0.754455 0.188942
vt 0.505049 0.188942
vt 0.562944 0.724206
vt 0.562944 0.188942
vt 0.784991 0.662803
vt 0.727096 0.188942
vt 0.505049 0.662803
vt 0.727096 0.188942
vt 0.562944 0.427302
vt 0.562944 0.188942
vt 0.672378 0.427302
vt 0.672378 0.188942
vt 0.645020 0.427302
vt 0.645020 0.188942
vt 0.672378 0.724206
vt 0.672378 0.188942
vt 0.645020 0.724206
vt 0.645020 0.188942
vt 0.505049 0.546738
vt 0.617661 0.188942
vt 0.505049 0.575754
vt 0.645020 0.188942
vt 0.784991 0.546738
vt 0.617661 0.188942
vt 0.784991 0.575754
vt 0.645020 0.188942
vt 0.617661 0.724206
vt 0.617661 0.188942
vt 0.590302 0.724206
vt 0.590302 0.188942
vt 0.617661 0.427302
vt 0.617661 0.188942
vt 0.590302 0.427302
vt 0.590302 0.188942
vt 0.727096 0.427302
vt 0.727096 0.188942
vt 0.699737 0.427302
vt 0.699737 0.188942
vt 0.727096 0.724206
vt 0.727096 0.188942
vt 0.699737 0.724206
vt 0.699737 0.188942
vt 0.505049 0.488705
vt 0.562944 0.188942
vt 0.505049 0.517721
vt 0.590302 0.188942
vt 0.784991 0.488705
vt 0.562944 0.188942
vt 0.784991 0.517721
vt 0.590302 0.188942
vt 0.784991 0.604771
vt 0.672378 0.188942
vt 0.784991 0.633787
vt 0.699737 0.188942
vt 0.505049 0.604771
vt 0.672378 0.188942
vt 0.505049 0.633787
vt 0.699737 0.188942
vt 0.645020 0.508945
vt 0.137254 0.890073
vt 0.645019 0.760164
vt 0.360359 0.755529
vt 0.888608 0.755529
vt 0.907970 0.755174
vt 0.366056 0.755174
vt 0.382069 0.755174
vt 0.645020 0.642564
vt 0.088083 0.890073
vt 0.186425 0.890073
vt 0.401432 0.755529
vt 0.929680 0.755529
vt 0.676516 0.517895
vt 0.145449 0.890073
vt 0.929680 0.755529
vt 0.401432 0.755529
vt 0.382069 0.755174
vt 0.923983 0.755174
vt 0.907970 0.755174
vt 0.360359 0.755529
vt 0.888608 0.755529
vt 0.613523 0.633613
vt 0.096278 0.890073
vt 0.401432 0.755529
vt 0.360359 0.755529
vt 0.613523 0.517895
vt 0.129059 0.890073
vt 0.382069 0.755174
vt 0.366056 0.755174
vt 0.382069 0.755174
vt 0.885825 0.758825
vt 0.370745 0.758825
vt 0.900415 0.758825
vt 0.404215 0.758825
vt 0.389624 0.758825
vt 0.919295 0.758825
vt 0.676516 0.633613
vt 0.178230 0.890073
vt 0.404215 0.758825
vt 0.919295 0.758825
vt 0.389624 0.758825
vt 0.689562 0.528512
vt 0.149547 0.890073
vt 0.699573 0.542349
vt 0.153645 0.890073
vt 0.705866 0.558463
vt 0.157742 0.890073
vt 0.584173 0.593046
vt 0.108571 0.890073
vt 0.590466 0.609159
vt 0.104473 0.890073
vt 0.600477 0.622996
vt 0.100376 0.890073
vt 0.708013 0.575754
vt 0.161840 0.890073
vt 0.628716 0.511221
vt 0.133157 0.890073
vt 0.885825 0.758825
vt 0.900415 0.758825
vt 0.370745 0.758825
vt 0.404215 0.758825
vt 0.389624 0.758825
vt 0.370745 0.758825
vt 0.404215 0.758825
vt 0.370745 0.758825
vt 0.389624 0.758825
vt 0.885825 0.758825
vt 0.919295 0.758825
vt 0.900415 0.758825
vt 0.661323 0.640287
vt 0.182328 0.890073
vt 0.885825 0.758825
vt 0.900415 0.758825
vt 0.919295 0.758825
vt 0.661323 0.511221
vt 0.141352 0.890073
vt 0.929680 0.755529
vt 0.888608 0.755529
vt 0.923983 0.755174
vt 0.907970 0.755174
vt 0.907970 0.755174
vt 0.360359 0.755529
vt 0.401432 0.755529
vt 0.628716 0.640287
vt 0.092181 0.890073
vt 0.929680 0.755529
vt 0.888608 0.755529
vt 0.600477 0.528512
vt 0.124961 0.890073
vt 0.590466 0.542349
vt 0.120864 0.890073
vt 0.584173 0.558463
vt 0.116766 0.890073
vt 0.705866 0.593046
vt 0.165937 0.890073
vt 0.699573 0.609159
vt 0.170035 0.890073
vt 0.689562 0.622996
vt 0.174132 0.890073
vt 0.582027 0.575754
vt 0.112669 0.890073
vt 0.137254 0.434395
vt 0.108571 0.430010
vt 0.157742 0.430010
vt 0.153645 0.430010
vt 0.149547 0.430010
vt 0.186425 0.434395
vt 0.088083 0.434395
vt 0.108571 0.425042
vt 0.145449 0.434395
vt 0.178230 0.430010
vt 0.157742 0.425042
vt 0.153645 0.425042
vt 0.149547 0.425042
vt 0.096278 0.434395
vt 0.108571 0.420658
vt 0.129059 0.434395
vt 0.129059 0.430010
vt 0.178230 0.425042
vt 0.096278 0.430010
vt 0.157742 0.420658
vt 0.178230 0.434395
vt 0.153645 0.420658
vt 0.149547 0.434395
vt 0.153645 0.434395
vt 0.157742 0.434395
vt 0.108571 0.434395
vt 0.104473 0.434395
vt 0.100376 0.434395
vt 0.161840 0.434395
vt 0.133157 0.434395
vt 0.149547 0.420658
vt 0.108571 0.416566
vt 0.145449 0.430010
vt 0.129059 0.425042
vt 0.182328 0.434395
vt 0.186425 0.430010
vt 0.088083 0.430010
vt 0.141352 0.434395
vt 0.178230 0.420658
vt 0.096278 0.425042
vt 0.157742 0.416566
vt 0.153645 0.416566
vt 0.092181 0.434395
vt 0.137254 0.430010
vt 0.124961 0.434395
vt 0.120864 0.434395
vt 0.116766 0.434395
vt 0.165937 0.434395
vt 0.170035 0.434395
vt 0.174132 0.434395
vt 0.112669 0.434395
vt 0.645019 0.760164
vt 0.645019 0.760164
vt 0.645019 0.760164
vt 0.524617 0.758832
vt 0.517322 0.758832
vt 0.524617 0.758832
vt 0.517322 0.758832
vt 0.765422 0.758832
vt 0.772717 0.758832
vt 0.765422 0.758832
vt 0.772717 0.758832
vt 0.524617 0.758832
vt 0.517322 0.758832
vt 0.524617 0.758832
vt 0.517322 0.758832
vt 0.765422 0.758832
vt 0.772717 0.758832
vt 0.765422 0.758832
vt 0.772717 0.758832
vt 0.584818 0.759607
vt 0.581171 0.759607
vt 0.584818 0.759607
vt 0.581171 0.759607
vt 0.705221 0.759607
vt 0.708868 0.759607
vt 0.705221 0.759607
vt 0.708868 0.759607
vt 0.584818 0.759607
vt 0.581171 0.759607
vt 0.584818 0.759607
vt 0.581171 0.759607
vt 0.705221 0.759607
vt 0.708868 0.759607
vt 0.705221 0.759607
vt 0.708868 0.759607
vt 0.825624 0.758825
vt 0.836566 0.758825
vt 0.825624 0.758825
vt 0.836566 0.758825
vt 0.464416 0.758825
vt 0.453473 0.758825
vt 0.464416 0.758825
vt 0.453473 0.758825
vt 0.825624 0.758825
vt 0.836566 0.758825
vt 0.825624 0.758825
vt 0.836566 0.758825
vt 0.464416 0.758825
vt 0.453473 0.758825
vt 0.464416 0.758825
vt 0.453473 0.758825
vt 0.834470 0.293351
vt 0.794342 0.293351
vt 0.800506 0.296571
vt 0.791623 0.296571
vt 0.824323 0.296571
vt 0.489533 0.296571
vt 0.498416 0.296571
vt 0.465716 0.296571
vt 0.800506 0.296571
vt 0.791623 0.296571
vt 0.465716 0.296571
vt 0.489533 0.296571
vt 0.498416 0.296571
vt 0.824323 0.296571
vt 0.476940 0.293020
vt 0.461038 0.293020
vt 0.476940 0.293020
vt 0.495697 0.293351
vt 0.455570 0.293351
vt 0.455569 0.293351
vt 0.794342 0.293351
vt 0.495697 0.293351
vt 0.834470 0.293351
vt 0.645020 0.296897
vt 0.645020 0.296897
vt 0.645020 0.296897
vt 0.645020 0.296897
vt 0.567276 0.296573
vt 0.571718 0.296573
vt 0.567276 0.296573
vt 0.571718 0.296573
vt 0.722763 0.296573
vt 0.718321 0.296573
vt 0.722763 0.296573
vt 0.718321 0.296573
vt 0.567276 0.296573
vt 0.571718 0.296573
vt 0.567276 0.296573
vt 0.571718 0.296573
vt 0.722763 0.296573
vt 0.718321 0.296573
vt 0.722763 0.296573
vt 0.718321 0.296573
vt 0.606148 0.296762
vt 0.608369 0.296762
vt 0.606148 0.296762
vt 0.608369 0.296762
vt 0.683891 0.296762
vt 0.681671 0.296762
vt 0.683891 0.296762
vt 0.681671 0.296762
vt 0.606148 0.296762
vt 0.608369 0.296762
vt 0.606148 0.296762
vt 0.608369 0.296762
vt 0.683891 0.296762
vt 0.681671 0.296762
vt 0.683891 0.296762
vt 0.681671 0.296762
vt 0.761634 0.296572
vt 0.754972 0.296572
vt 0.761634 0.296572
vt 0.754972 0.296572
vt 0.528405 0.296572
vt 0.535067 0.296572
vt 0.528405 0.296572
vt 0.535067 0.296572
vt 0.761634 0.296572
vt 0.754972 0.296572
vt 0.761634 0.296572
vt 0.754972 0.296572
vt 0.528405 0.296572
vt 0.535067 0.296572
vt 0.528405 0.296572
vt 0.535067 0.296572
vt 0.455570 0.293351
vt 0.794342 0.293351
vt 0.813100 0.293020
vt 0.461038 0.293020
vt 0.476940 0.293020
vt 0.834470 0.293351
vt 0.495697 0.293351
vt 0.476940 0.293020
vt 0.829001 0.293020
vt 0.813100 0.293020
vt 0.800506 0.296571
vt 0.791623 0.296571
vt 0.465716 0.296571
vt 0.489533 0.296571
vt 0.498416 0.296571
vt 0.824323 0.296571
vt 0.489533 0.296571
vt 0.498416 0.296571
vt 0.465716 0.296571
vt 0.800506 0.296571
vt 0.791623 0.296571
vt 0.824323 0.296571
vt 0.834470 0.293351
vt 0.794342 0.293351
vt 0.829001 0.293020
vt 0.813100 0.293020
vt 0.813100 0.293020
vt 0.495697 0.293351
vt 0.455569 0.293351
vt 0.137254 0.431764
vt 0.137254 0.427965
vt 0.137254 0.422996
vt 0.137254 0.418027
vt 0.137254 0.414520
vt 0.186425 0.431764
vt 0.088083 0.431764
vt 0.137254 0.411244
vt 0.145449 0.431764
vt 0.186425 0.427965
vt 0.088083 0.427965
vt 0.137254 0.404169
vt 0.145449 0.427965
vt 0.186425 0.422996
vt 0.088083 0.422996
vt 0.096278 0.431764
vt 0.137254 0.400724
vt 0.129059 0.431764
vt 0.145449 0.422996
vt 0.186425 0.418027
vt 0.088083 0.418027
vt 0.096278 0.427965
vt 0.137254 0.397510
vt 0.178230 0.431764
vt 0.129059 0.427965
vt 0.149547 0.431764
vt 0.153645 0.431764
vt 0.157742 0.431764
vt 0.108571 0.431764
vt 0.104473 0.431764
vt 0.100376 0.431764
vt 0.161840 0.431764
vt 0.133157 0.431764
vt 0.145449 0.418027
vt 0.186425 0.414520
vt 0.088083 0.414520
vt 0.096278 0.422996
vt 0.137254 0.395142
vt 0.182328 0.431764
vt 0.178230 0.427965
vt 0.141352 0.431764
vt 0.129059 0.422996
vt 0.149547 0.427965
vt 0.153645 0.427965
vt 0.157742 0.427965
vt 0.092181 0.431764
vt 0.108571 0.427965
vt 0.124961 0.431764
vt 0.120864 0.431764
vt 0.116766 0.431764
vt 0.165937 0.431764
vt 0.170035 0.431764
vt 0.174132 0.431764
vt 0.112669 0.431764
vt 0.104473 0.430010
vt 0.100376 0.430010
vt 0.161840 0.430010
vt 0.133157 0.430010
vt 0.149547 0.416566
vt 0.108571 0.412767
vt 0.145449 0.425042
vt 0.129059 0.420658
vt 0.182328 0.430010
vt 0.186425 0.425042
vt 0.088083 0.425042
vt 0.141352 0.430010
vt 0.178230 0.416566
vt 0.096278 0.420658
vt 0.157742 0.412767
vt 0.153645 0.412767
vt 0.092181 0.430010
vt 0.137254 0.425042
vt 0.124961 0.430010
vt 0.120864 0.430010
vt 0.116766 0.430010
vt 0.165937 0.430010
vt 0.170035 0.430010
vt 0.174132 0.430010
vt 0.112669 0.430010
vt 0.104473 0.427965
vt 0.100376 0.427965
vt 0.161840 0.427965
vt 0.133157 0.427965
vt 0.145449 0.414520
vt 0.186425 0.411244
vt 0.088083 0.411244
vt 0.096278 0.418027
vt 0.137254 0.392605
vt 0.182328 0.427965
vt 0.178230 0.422996
vt 0.141352 0.427965
vt 0.129059 0.418027
vt 0.149547 0.422996
vt 0.153645 0.422996
vt 0.157742 0.422996
vt 0.092181 0.427965
vt 0.108571 0.422996
vt 0.124961 0.427965
vt 0.120864 0.427965
vt 0.116766 0.427965
vt 0.165937 0.427965
vt 0.170035 0.427965
vt 0.174132 0.427965
vt 0.112669 0.427965
vt 0.104473 0.425042
vt 0.100376 0.425042
vt 0.161840 0.425042
vt 0.133157 0.425042
vt 0.149547 0.412767
vt 0.108571 0.409722
vt 0.145449 0.420658
vt 0.129059 0.416566
vt 0.182328 0.425042
vt 0.186425 0.420658
vt 0.088083 0.420658
vt 0.141352 0.425042
vt 0.178230 0.412767
vt 0.096278 0.416566
vt 0.157742 0.409722
vt 0.153645 0.409722
vt 0.092181 0.425042
vt 0.137254 0.420658
vt 0.124961 0.425042
vt 0.120864 0.425042
vt 0.116766 0.425042
vt 0.165937 0.425042
vt 0.170035 0.425042
vt 0.174132 0.425042
vt 0.112669 0.425042
vt 0.104473 0.422996
vt 0.100376 0.422996
vt 0.161840 0.422996
vt 0.133157 0.422996
vt 0.145449 0.411244
vt 0.186425 0.404169
vt 0.088083 0.404169
vt 0.096278 0.414520
vt 0.137254 0.390576
vt 0.182328 0.422996
vt 0.178230 0.418027
vt 0.141352 0.422996
vt 0.129059 0.414520
vt 0.149547 0.418027
vt 0.153645 0.418027
vt 0.157742 0.418027
vt 0.092181 0.422996
vt 0.108571 0.418027
vt 0.124961 0.422996
vt 0.120864 0.422996
vt 0.116766 0.422996
vt 0.165937 0.422996
vt 0.170035 0.422996
vt 0.174132 0.422996
vt 0.112669 0.422996
vt 0.104473 0.420658
vt 0.100376 0.420658
vt 0.161840 0.420658
vt 0.133157 0.420658
vt 0.149547 0.409722
vt 0.108571 0.402415
vt 0.145449 0.416566
vt 0.129059 0.412767
vt 0.182328 0.420658
vt 0.186425 0.416566
vt 0.088083 0.416566
vt 0.141352 0.420658
vt 0.178230 0.409722
vt 0.096278 0.412767
vt 0.157742 0.402415
vt 0.153645 0.402415
vt 0.092181 0.420658
vt 0.137254 0.416566
vt 0.124961 0.420658
vt 0.120864 0.420658
vt 0.116766 0.420658
vt 0.165937 0.420658
vt 0.170035 0.420658
vt 0.174132 0.420658
vt 0.112669 0.420658
vt 0.104473 0.418027
vt 0.100376 0.418027
vt 0.161840 0.418027
vt 0.133157 0.418027
vt 0.145449 0.404169
vt 0.186425 0.400724
vt 0.088083 0.400724
vt 0.096278 0.411244
vt 0.137254 0.387870
vt 0.182328 0.418027
vt 0.178230 0.414520
vt 0.141352 0.418027
vt 0.129059 0.411244
vt 0.149547 0.414520
vt 0.153645 0.414520
vt 0.157742 0.414520
vt 0.092181 0.418027
vt 0.108571 0.414520
vt 0.124961 0.418027
vt 0.120864 0.418027
vt 0.116766 0.418027
vt 0.165937 0.418027
vt 0.170035 0.418027
vt 0.174132 0.418027
vt 0.112669 0.418027
vt 0.104473 0.416566
vt 0.100376 0.416566
vt 0.161840 0.416566
vt 0.133157 0.416566
vt 0.149547 0.402415
vt 0.108571 0.399202
vt 0.145449 0.412767
vt 0.129059 0.409722
vt 0.182328 0.416566
vt 0.186425 0.412767
vt 0.088083 0.412767
vt 0.141352 0.416566
vt 0.178230 0.402415
vt 0.096278 0.409722
vt 0.157742 0.399202
vt 0.153645 0.399202
vt 0.092181 0.416566
vt 0.137254 0.412767
vt 0.124961 0.416566
vt 0.120864 0.416566
vt 0.116766 0.416566
vt 0.165937 0.416566
vt 0.170035 0.416566
vt 0.174132 0.416566
vt 0.112669 0.416566
vt 0.104473 0.414520
vt 0.100376 0.414520
vt 0.161840 0.414520
vt 0.133157 0.414520
vt 0.145449 0.400724
vt 0.088083 0.397510
vt 0.186425 0.397510
vt 0.096278 0.404169
vt 0.137254 0.385332
vt 0.182328 0.414520
vt 0.178230 0.411244
vt 0.141352 0.414520
vt 0.129059 0.404169
vt 0.149547 0.411244
vt 0.153645 0.411244
vt 0.157742 0.411244
vt 0.092181 0.414520
vt 0.108571 0.411244
vt 0.124961 0.414520
vt 0.120864 0.414520
vt 0.116766 0.414520
vt 0.165937 0.414520
vt 0.170035 0.414520
vt 0.174132 0.414520
vt 0.112669 0.414520
vt 0.104473 0.412767
vt 0.100376 0.412767
vt 0.161840 0.412767
vt 0.133157 0.412767
vt 0.149547 0.399202
vt 0.108571 0.396157
vt 0.145449 0.409722
vt 0.129059 0.402415
vt 0.182328 0.412767
vt 0.186425 0.409722
vt 0.088083 0.409722
vt 0.141352 0.412767
vt 0.178230 0.399202
vt 0.096278 0.402415
vt 0.157742 0.396157
vt 0.153645 0.396157
vt 0.092181 0.412767
vt 0.137254 0.409722
vt 0.124961 0.412767
vt 0.120864 0.412767
vt 0.116766 0.412767
vt 0.165937 0.412767
vt 0.170035 0.412767
vt 0.174132 0.412767
vt 0.112669 0.412767
vt 0.104473 0.411244
vt 0.100376 0.411244
vt 0.161840 0.411244
vt 0.133157 0.411244
vt 0.145449 0.397510
vt 0.088083 0.395142
vt 0.186425 0.395142
vt 0.096278 0.400724
vt 0.137254 0.382626
vt 0.182328 0.411244
vt 0.178230 0.404169
vt 0.141352 0.411244
vt 0.129059 0.400724
vt 0.149547 0.404169
vt 0.153645 0.404169
vt 0.157742 0.404169
vt 0.092181 0.411244
vt 0.108571 0.404169
vt 0.124961 0.411244
vt 0.120864 0.411244
vt 0.116766 0.411244
vt 0.165937 0.411244
vt 0.170035 0.411244
vt 0.174132 0.411244
vt 0.112669 0.411244
vt 0.104473 0.409722
vt 0.100376 0.409722
vt 0.161840 0.409722
vt 0.133157 0.409722
vt 0.149547 0.396157
vt 0.108571 0.394128
vt 0.145449 0.402415
vt 0.129059 0.399202
vt 0.182328 0.409722
vt 0.186425 0.402415
vt 0.088083 0.402415
vt 0.141352 0.409722
vt 0.178230 0.396157
vt 0.096278 0.399202
vt 0.157742 0.394128
vt 0.153645 0.394128
vt 0.092181 0.409722
vt 0.137254 0.402415
vt 0.124961 0.409722
vt 0.120864 0.409722
vt 0.116766 0.409722
vt 0.165937 0.409722
vt 0.170035 0.409722
vt 0.174132 0.409722
vt 0.112669 0.409722
vt 0.104473 0.404169
vt 0.100376 0.404169
vt 0.161840 0.404169
vt 0.133157 0.404169
vt 0.145449 0.395142
vt 0.088083 0.392605
vt 0.186425 0.392605
vt 0.096278 0.397510
vt 0.137254 0.379582
vt 0.182328 0.404169
vt 0.178230 0.400724
vt 0.141352 0.404169
vt 0.129059 0.397510
vt 0.149547 0.400724
vt 0.153645 0.400724
vt 0.157742 0.400724
vt 0.092181 0.404169
vt 0.108571 0.400724
vt 0.124961 0.404169
vt 0.120864 0.404169
vt 0.116766 0.404169
vt 0.165937 0.404169
vt 0.170035 0.404169
vt 0.174132 0.404169
vt 0.112669 0.404169
vt 0.104473 0.402415
vt 0.100376 0.402415
vt 0.161840 0.402415
vt 0.133157 0.402415
vt 0.149547 0.394128
vt 0.108571 0.391591
vt 0.145449 0.399202
vt 0.129059 0.396157
vt 0.182328 0.402415
vt 0.186425 0.399202
vt 0.088083 0.399202
vt 0.141352 0.402415
vt 0.178230 0.394128
vt 0.096278 0.396157
vt 0.157742 0.391591
vt 0.153645 0.391591
vt 0.092181 0.402415
vt 0.137254 0.399202
vt 0.124961 0.402415
vt 0.120864 0.402415
vt 0.116766 0.402415
vt 0.165937 0.402415
vt 0.170035 0.402415
vt 0.174132 0.402415
vt 0.112669 0.402415
vt 0.104473 0.400724
vt 0.100376 0.400724
vt 0.161840 0.400724
vt 0.133157 0.400724
vt 0.145449 0.392605
vt 0.088083 0.390576
vt 0.186425 0.390576
vt 0.096278 0.395142
vt 0.137254 0.192875
vt 0.182328 0.400724
vt 0.178230 0.397510
vt 0.141352 0.400724
vt 0.129059 0.395142
vt 0.149547 0.397510
vt 0.153645 0.397510
vt 0.157742 0.397510
vt 0.092181 0.400724
vt 0.108571 0.397510
vt 0.124961 0.400724
vt 0.120864 0.400724
vt 0.116766 0.400724
vt 0.165937 0.400724
vt 0.170035 0.400724
vt 0.174132 0.400724
vt 0.112669 0.400724
vt 0.104473 0.399202
vt 0.100376 0.399202
vt 0.161840 0.399202
vt 0.133157 0.399202
vt 0.149547 0.391591
vt 0.108571 0.389223
vt 0.145449 0.396157
vt 0.129059 0.394128
vt 0.182328 0.399202
vt 0.186425 0.396157
vt 0.088083 0.396157
vt 0.141352 0.399202
vt 0.178230 0.391591
vt 0.096278 0.394128
vt 0.157742 0.389223
vt 0.153645 0.389223
vt 0.092181 0.399202
vt 0.137254 0.396157
vt 0.124961 0.399202
vt 0.120864 0.399202
vt 0.116766 0.399202
vt 0.165937 0.399202
vt 0.170035 0.399202
vt 0.174132 0.399202
vt 0.112669 0.399202
vt 0.104473 0.397510
vt 0.100376 0.397510
vt 0.161840 0.397510
vt 0.133157 0.397510
vt 0.145449 0.390576
vt 0.088083 0.387870
vt 0.186425 0.387870
vt 0.096278 0.392605
vt 0.108571 0.187598
vt 0.182328 0.397510
vt 0.178230 0.395142
vt 0.141352 0.397510
vt 0.129059 0.392605
vt 0.149547 0.395142
vt 0.153645 0.395142
vt 0.157742 0.395142
vt 0.092181 0.397510
vt 0.108571 0.395142
vt 0.124961 0.397510
vt 0.120864 0.397510
vt 0.116766 0.397510
vt 0.165937 0.397510
vt 0.170035 0.397510
vt 0.174132 0.397510
vt 0.112669 0.397510
vt 0.104473 0.396157
vt 0.100376 0.396157
vt 0.161840 0.396157
vt 0.133157 0.396157
vt 0.149547 0.389223
vt 0.108571 0.386855
vt 0.145449 0.394128
vt 0.129059 0.391591
vt 0.182328 0.396157
vt 0.186425 0.394128
vt 0.088083 0.394128
vt 0.141352 0.396157
vt 0.178230 0.389223
vt 0.096278 0.391591
vt 0.157742 0.386855
vt 0.153645 0.386855
vt 0.092181 0.396157
vt 0.137254 0.394128
vt 0.124961 0.396157
vt 0.120864 0.396157
vt 0.116766 0.396157
vt 0.165937 0.396157
vt 0.170035 0.396157
vt 0.174132 0.396157
vt 0.112669 0.396157
vt 0.104473 0.395142
vt 0.100376 0.395142
vt 0.161840 0.395142
vt 0.133157 0.395142
vt 0.145449 0.387870
vt 0.088083 0.385332
vt 0.186425 0.385332
vt 0.096278 0.390576
vt 0.157742 0.187598
vt 0.182328 0.395142
vt 0.178230 0.392605
vt 0.141352 0.395142
vt 0.129059 0.390576
vt 0.149547 0.392605
vt 0.153645 0.392605
vt 0.157742 0.392605
vt 0.092181 0.395142
vt 0.108571 0.392605
vt 0.124961 0.395142
vt 0.120864 0.395142
vt 0.116766 0.395142
vt 0.165937 0.395142
vt 0.170035 0.395142
vt 0.174132 0.395142
vt 0.112669 0.395142
vt 0.104473 0.394128
vt 0.100376 0.394128
vt 0.161840 0.394128
vt 0.133157 0.394128
vt 0.149547 0.386855
vt 0.108571 0.383979
vt 0.145449 0.391591
vt 0.129059 0.389223
vt 0.182328 0.394128
vt 0.186425 0.391591
vt 0.088083 0.391591
vt 0.141352 0.394128
vt 0.178230 0.386855
vt 0.096278 0.389223
vt 0.157742 0.383979
vt 0.153645 0.383979
vt 0.092181 0.394128
vt 0.137254 0.391591
vt 0.124961 0.394128
vt 0.120864 0.394128
vt 0.116766 0.394128
vt 0.165937 0.394128
vt 0.170035 0.394128
vt 0.174132 0.394128
vt 0.112669 0.394128
vt 0.104473 0.392605
vt 0.100376 0.392605
vt 0.161840 0.392605
vt 0.133157 0.392605
vt 0.145449 0.385332
vt 0.088083 0.382626
vt 0.186425 0.382626
vt 0.096278 0.387870
vt 0.153645 0.187598
vt 0.182328 0.392605
vt 0.178230 0.390576
vt 0.141352 0.392605
vt 0.129059 0.387870
vt 0.149547 0.390576
vt 0.153645 0.390576
vt 0.157742 0.390576
vt 0.092181 0.392605
vt 0.108571 0.390576
vt 0.124961 0.392605
vt 0.120864 0.392605
vt 0.116766 0.392605
vt 0.165937 0.392605
vt 0.170035 0.392605
vt 0.174132 0.392605
vt 0.112669 0.392605
vt 0.104473 0.391591
vt 0.100376 0.391591
vt 0.161840 0.391591
vt 0.133157 0.391591
vt 0.149547 0.383979
vt 0.108571 0.381273
vt 0.145449 0.389223
vt 0.129059 0.386855
vt 0.182328 0.391591
vt 0.186425 0.389223
vt 0.088083 0.389223
vt 0.141352 0.391591
vt 0.178230 0.383979
vt 0.096278 0.386855
vt 0.157742 0.381273
vt 0.153645 0.381273
vt 0.092181 0.391591
vt 0.137254 0.389223
vt 0.124961 0.391591
vt 0.120864 0.391591
vt 0.116766 0.391591
vt 0.165937 0.391591
vt 0.170035 0.391591
vt 0.174132 0.391591
vt 0.112669 0.391591
vt 0.104473 0.390576
vt 0.100376 0.390576
vt 0.161840 0.390576
vt 0.133157 0.390576
vt 0.145449 0.382626
vt 0.088083 0.379582
vt 0.186425 0.379582
vt 0.096278 0.385332
vt 0.149547 0.187598
vt 0.182328 0.390576
vt 0.178230 0.387869
vt 0.141352 0.390576
vt 0.129059 0.385332
vt 0.149547 0.387870
vt 0.153645 0.387870
vt 0.157742 0.387870
vt 0.092181 0.390576
vt 0.108571 0.387870
vt 0.124961 0.390576
vt 0.120864 0.390576
vt 0.116766 0.390576
vt 0.165937 0.390576
vt 0.170035 0.390576
vt 0.174132 0.390576
vt 0.112669 0.390576
vt 0.104473 0.389223
vt 0.100376 0.389223
vt 0.161840 0.389223
vt 0.133157 0.389223
vt 0.149547 0.381273
vt 0.108571 0.377890
vt 0.145449 0.386855
vt 0.129059 0.383979
vt 0.182328 0.389223
vt 0.186425 0.386855
vt 0.088083 0.386855
vt 0.141352 0.389223
vt 0.178230 0.381273
vt 0.096278 0.383979
vt 0.157742 0.377890
vt 0.153645 0.377890
vt 0.092181 0.389223
vt 0.137254 0.386855
vt 0.124961 0.389223
vt 0.120864 0.389223
vt 0.116766 0.389223
vt 0.165937 0.389223
vt 0.170035 0.389223
vt 0.174132 0.389223
vt 0.112669 0.389223
vt 0.104473 0.387870
vt 0.100376 0.387870
vt 0.161840 0.387870
vt 0.133157 0.387870
vt 0.145449 0.379582
vt 0.088083 0.192875
vt 0.186425 0.192875
vt 0.096278 0.382626
vt 0.108571 0.183132
vt 0.182328 0.387869
vt 0.178230 0.385332
vt 0.141352 0.387870
vt 0.129059 0.382626
vt 0.149547 0.385332
vt 0.153645 0.385332
vt 0.157742 0.385332
vt 0.092181 0.387870
vt 0.108571 0.385332
vt 0.124961 0.387870
vt 0.120864 0.387870
vt 0.116766 0.387870
vt 0.165937 0.387869
vt 0.170035 0.387869
vt 0.174132 0.387869
vt 0.112669 0.387870
vt 0.104473 0.386855
vt 0.100376 0.386855
vt 0.161840 0.386855
vt 0.133157 0.386855
vt 0.149547 0.377890
vt 0.145449 0.383979
vt 0.129059 0.381273
vt 0.182328 0.386855
vt 0.186425 0.383979
vt 0.088083 0.383979
vt 0.141352 0.386855
vt 0.178230 0.377890
vt 0.096278 0.381273
vt 0.092181 0.386855
vt 0.137254 0.383979
vt 0.124961 0.386855
vt 0.120864 0.386855
vt 0.116766 0.386855
vt 0.165937 0.386855
vt 0.170035 0.386855
vt 0.174132 0.386855
vt 0.112669 0.386855
vt 0.104473 0.385332
vt 0.100376 0.385332
vt 0.161840 0.385332
vt 0.133157 0.385332
vt 0.145449 0.192875
vt 0.178230 0.187598
vt 0.096278 0.379582
vt 0.157742 0.183132
vt 0.182328 0.385332
vt 0.178230 0.382626
vt 0.141352 0.385332
vt 0.129059 0.379582
vt 0.149547 0.382626
vt 0.153645 0.382626
vt 0.157742 0.382626
vt 0.092181 0.385332
vt 0.108571 0.382626
vt 0.124961 0.385332
vt 0.120864 0.385332
vt 0.116766 0.385332
vt 0.165937 0.385332
vt 0.170035 0.385332
vt 0.174132 0.385332
vt 0.112669 0.385332
vt 0.104473 0.383979
vt 0.100376 0.383979
vt 0.161840 0.383979
vt 0.133157 0.383979
vt 0.145449 0.381273
vt 0.129059 0.377890
vt 0.182328 0.383979
vt 0.186425 0.381273
vt 0.088083 0.381273
vt 0.141352 0.383979
vt 0.096278 0.377890
vt 0.092181 0.383979
vt 0.137254 0.381273
vt 0.124961 0.383979
vt 0.120864 0.383979
vt 0.116766 0.383979
vt 0.165937 0.383979
vt 0.170035 0.383979
vt 0.174132 0.383979
vt 0.112669 0.383979
vt 0.104473 0.382626
vt 0.100376 0.382626
vt 0.161840 0.382626
vt 0.133157 0.382626
vt 0.153645 0.183132
vt 0.149547 0.183132
vt 0.096278 0.192875
vt 0.108571 0.179073
vt 0.182328 0.382626
vt 0.178230 0.379582
vt 0.141352 0.382626
vt 0.129059 0.192875
vt 0.149547 0.379582
vt 0.153645 0.379582
vt 0.157742 0.379582
vt 0.092181 0.382626
vt 0.108571 0.379582
vt 0.124961 0.382626
vt 0.120864 0.382626
vt 0.116766 0.382626
vt 0.165937 0.382626
vt 0.170035 0.382626
vt 0.174132 0.382626
vt 0.112669 0.382626
vt 0.104473 0.381273
vt 0.100376 0.381273
vt 0.161840 0.381273
vt 0.133157 0.381273
vt 0.145449 0.377890
vt 0.182328 0.381273
vt 0.088083 0.377890
vt 0.186425 0.377890
vt 0.141352 0.381273
vt 0.092181 0.381273
vt 0.137254 0.377890
vt 0.124961 0.381273
vt 0.120864 0.381273
vt 0.116766 0.381273
vt 0.165937 0.381273
vt 0.170035 0.381273
vt 0.174132 0.381273
vt 0.112669 0.381273
vt 0.104473 0.379582
vt 0.100376 0.379582
vt 0.161840 0.379582
vt 0.133157 0.379582
vt 0.129059 0.187598
vt 0.178230 0.183132
vt 0.096278 0.187598
vt 0.157742 0.179073
vt 0.182328 0.379582
vt 0.178230 0.192875
vt 0.141352 0.379582
vt 0.153645 0.179073
vt 0.149547 0.192875
vt 0.153645 0.192875
vt 0.157742 0.192875
vt 0.092181 0.379582
vt 0.108571 0.192875
vt 0.124961 0.379582
vt 0.120864 0.379582
vt 0.116766 0.379582
vt 0.165937 0.379582
vt 0.170035 0.379582
vt 0.174132 0.379582
vt 0.112669 0.379582
vt 0.104473 0.377890
vt 0.100376 0.377890
vt 0.161840 0.377890
vt 0.133157 0.377890
vt 0.182328 0.377890
vt 0.141352 0.377890
vt 0.092181 0.377890
vt 0.124961 0.377890
vt 0.120864 0.377890
vt 0.116766 0.377890
vt 0.165937 0.377890
vt 0.170035 0.377890
vt 0.174132 0.377890
vt 0.112669 0.377890
vt 0.104473 0.192875
vt 0.100376 0.192875
vt 0.161840 0.192875
vt 0.133157 0.192875
vt 0.149547 0.179073
vt 0.108571 0.174405
vt 0.145449 0.187598
vt 0.129059 0.183132
vt 0.182328 0.192875
vt 0.186425 0.187598
vt 0.088083 0.187598
vt 0.141352 0.192875
vt 0.178230 0.179073
vt 0.096278 0.183132
vt 0.157742 0.174405
vt 0.153645 0.174405
vt 0.092181 0.192875
vt 0.137254 0.187598
vt 0.124961 0.192875
vt 0.120864 0.192875
vt 0.116766 0.192875
vt 0.165937 0.192875
vt 0.170035 0.192875
vt 0.174132 0.192875
vt 0.112669 0.192875
vt 0.137254 0.189627
vt 0.137254 0.185365
vt 0.137254 0.180900
vt 0.137254 0.176840
vt 0.137254 0.172578
vt 0.186425 0.189627
vt 0.088083 0.189627
vt 0.137254 0.056341
vt 0.145449 0.189627
vt 0.088083 0.185365
vt 0.186425 0.185365
vt 0.137254 0.056341
vt 0.145449 0.185365
vt 0.186425 0.180900
vt 0.088083 0.180900
vt 0.096278 0.189627
vt 0.137254 0.056341
vt 0.129059 0.189627
vt 0.145449 0.180900
vt 0.088083 0.176840
vt 0.186425 0.176840
vt 0.096278 0.185365
vt 0.088083 0.056341
vt 0.186425 0.056341
vt 0.178230 0.189627
vt 0.129059 0.185365
vt 0.149547 0.189627
vt 0.153645 0.189627
vt 0.157742 0.189627
vt 0.108571 0.189627
vt 0.104473 0.189627
vt 0.100376 0.189627
vt 0.161840 0.189627
vt 0.133157 0.189627
vt 0.145449 0.176840
vt 0.088083 0.172578
vt 0.186425 0.172578
vt 0.096278 0.180900
vt 0.186425 0.056341
vt 0.088083 0.056341
vt 0.182328 0.189627
vt 0.178230 0.185365
vt 0.141352 0.189627
vt 0.129059 0.180900
vt 0.149547 0.185365
vt 0.153645 0.185365
vt 0.157742 0.185365
vt 0.092181 0.189627
vt 0.108571 0.185365
vt 0.124961 0.189627
vt 0.120864 0.189627
vt 0.116766 0.189627
vt 0.165937 0.189627
vt 0.170035 0.189627
vt 0.174132 0.189627
vt 0.112669 0.189627
vt 0.104473 0.187598
vt 0.100376 0.187598
vt 0.161840 0.187598
vt 0.133157 0.187598
vt 0.149547 0.174405
vt 0.108571 0.169422
vt 0.145449 0.183132
vt 0.129059 0.179073
vt 0.182328 0.187598
vt 0.186425 0.183132
vt 0.088083 0.183132
vt 0.141352 0.187598
vt 0.178230 0.174405
vt 0.096278 0.179073
vt 0.157742 0.169422
vt 0.153645 0.169422
vt 0.092181 0.187598
vt 0.137254 0.183132
vt 0.124961 0.187598
vt 0.120864 0.187598
vt 0.116766 0.187598
vt 0.165937 0.187598
vt 0.170035 0.187598
vt 0.174132 0.187598
vt 0.112669 0.187598
vt 0.104473 0.185365
vt 0.100376 0.185365
vt 0.161840 0.185365
vt 0.133157 0.185365
vt 0.145449 0.172578
vt 0.186425 0.056341
vt 0.088083 0.056341
vt 0.096278 0.176840
vt 0.125172 0.056341
vt 0.182328 0.185365
vt 0.178230 0.180900
vt 0.141352 0.185365
vt 0.129059 0.176840
vt 0.149547 0.180900
vt 0.153645 0.180900
vt 0.157742 0.180900
vt 0.092181 0.185365
vt 0.108571 0.180900
vt 0.124961 0.185365
vt 0.120864 0.185365
vt 0.116766 0.185365
vt 0.165937 0.185365
vt 0.170035 0.185365
vt 0.174132 0.185365
vt 0.112669 0.185365
vt 0.104473 0.183132
vt 0.100376 0.183132
vt 0.161840 0.183132
vt 0.133157 0.183132
vt 0.149547 0.169422
vt 0.145449 0.179073
vt 0.129059 0.174405
vt 0.182328 0.183132
vt 0.186425 0.179073
vt 0.088083 0.179073
vt 0.141352 0.183132
vt 0.178230 0.169422
vt 0.096278 0.174405
vt 0.092181 0.183132
vt 0.137254 0.179073
vt 0.124961 0.183132
vt 0.120864 0.183132
vt 0.116766 0.183132
vt 0.165937 0.183132
vt 0.170035 0.183132
vt 0.174132 0.183132
vt 0.112669 0.183132
vt 0.104473 0.180900
vt 0.100376 0.180900
vt 0.161840 0.180900
vt 0.133157 0.180900
vt 0.145449 0.056341
vt 0.149547 0.056341
vt 0.096278 0.172578
vt 0.154583 0.056341
vt 0.182328 0.180900
vt 0.178230 0.176840
vt 0.141352 0.180900
vt 0.129059 0.172578
vt 0.149547 0.176840
vt 0.153645 0.176840
vt 0.157742 0.176840
vt 0.092181 0.180900
vt 0.108571 0.176840
vt 0.124961 0.180900
vt 0.120864 0.180900
vt 0.116766 0.180900
vt 0.165937 0.180900
vt 0.170035 0.180900
vt 0.174132 0.180900
vt 0.112669 0.180900
vt 0.104473 0.179073
vt 0.100376 0.179073
vt 0.161840 0.179073
vt 0.133157 0.179073
vt 0.145449 0.174405
vt 0.129059 0.169422
vt 0.182328 0.179073
vt 0.186425 0.174405
vt 0.088083 0.174405
vt 0.141352 0.179073
vt 0.096278 0.169422
vt 0.092181 0.179073
vt 0.137254 0.174405
vt 0.124961 0.179073
vt 0.120864 0.179073
vt 0.116766 0.179073
vt 0.165937 0.179073
vt 0.170035 0.179073
vt 0.174132 0.179073
vt 0.112669 0.179073
vt 0.104473 0.176840
vt 0.100376 0.176840
vt 0.161840 0.176840
vt 0.133157 0.176840
vt 0.105412 0.056341
vt 0.100376 0.056341
vt 0.096278 0.056341
vt 0.161840 0.056341
vt 0.182328 0.176840
vt 0.178230 0.172578
vt 0.141352 0.176840
vt 0.129059 0.056341
vt 0.149547 0.172578
vt 0.153645 0.172578
vt 0.157742 0.172578
vt 0.092181 0.176840
vt 0.108571 0.172578
vt 0.124961 0.176840
vt 0.120864 0.176840
vt 0.116766 0.176840
vt 0.165937 0.176840
vt 0.170035 0.176840
vt 0.174132 0.176840
vt 0.112669 0.176840
vt 0.104473 0.174405
vt 0.100376 0.174405
vt 0.161840 0.174405
vt 0.133157 0.174405
vt 0.145449 0.169422
vt 0.182328 0.174405
vt 0.186425 0.169422
vt 0.088083 0.169422
vt 0.141352 0.174405
vt 0.092181 0.174405
vt 0.137254 0.169422
vt 0.124961 0.174405
vt 0.120864 0.174405
vt 0.116766 0.174405
vt 0.165937 0.174405
vt 0.170035 0.174405
vt 0.174132 0.174405
vt 0.112669 0.174405
vt 0.104473 0.172578
vt 0.100376 0.172578
vt 0.161840 0.172578
vt 0.133157 0.172578
vt 0.124961 0.056341
vt 0.119926 0.056341
vt 0.169096 0.056341
vt 0.174132 0.056341
vt 0.182328 0.172578
vt 0.178230 0.056341
vt 0.141352 0.172578
vt 0.112669 0.056341
vt 0.149547 0.056341
vt 0.153645 0.056341
vt 0.157742 0.056341
vt 0.092181 0.172578
vt 0.108571 0.056341
vt 0.124961 0.172578
vt 0.120864 0.172578
vt 0.116766 0.172578
vt 0.165937 0.172578
vt 0.170035 0.172578
vt 0.174132 0.172578
vt 0.112669 0.172578
vt 0.104473 0.169422
vt 0.100376 0.169422
vt 0.161840 0.169422
vt 0.133157 0.169422
vt 0.182328 0.169422
vt 0.141352 0.169422
vt 0.092181 0.169422
vt 0.124961 0.169422
vt 0.120864 0.169422
vt 0.116766 0.169422
vt 0.165937 0.169422
vt 0.170035 0.169422
vt 0.174132 0.169422
vt 0.112669 0.169422
vt 0.104473 0.056341
vt 0.100376 0.056341
vt 0.161840 0.056341
vt 0.133157 0.056341
vt 0.129997 0.056341
vt 0.124961 0.056341
vt 0.174132 0.056341
vt 0.179168 0.056341
vt 0.182328 0.056341
vt 0.112669 0.056341
vt 0.141352 0.056341
vt 0.144511 0.056341
vt 0.149547 0.056341
vt 0.100376 0.056341
vt 0.095340 0.056341
vt 0.092181 0.056341
vt 0.161840 0.056341
vt 0.124961 0.056341
vt 0.120864 0.056341
vt 0.116766 0.056341
vt 0.165937 0.056341
vt 0.170035 0.056341
vt 0.174132 0.056341
vt 0.112669 0.056341
vt 0.137254 0.938761
vt 0.186425 0.938761
vt 0.088083 0.938761
vt 0.145449 0.938761
vt 0.096278 0.938761
vt 0.129059 0.938761
vt 0.178230 0.938761
vt 0.149547 0.938761
vt 0.153645 0.938761
vt 0.157742 0.938761
vt 0.108571 0.938761
vt 0.104473 0.938761
vt 0.100376 0.938761
vt 0.161840 0.938761
vt 0.133157 0.938761
vt 0.182328 0.938761
vt 0.141352 0.938761
vt 0.092181 0.938761
vt 0.124961 0.938761
vt 0.120864 0.938761
vt 0.116766 0.938761
vt 0.165937 0.938761
vt 0.170035 0.938761
vt 0.174132 0.938761
vt 0.112669 0.938761
vt 0.137254 0.939710
vt 0.186425 0.939710
vt 0.088083 0.939710
vt 0.145449 0.939710
vt 0.096278 0.939710
vt 0.129059 0.939710
vt 0.178230 0.939710
vt 0.149547 0.939710
vt 0.153645 0.939710
vt 0.157742 0.939710
vt 0.108571 0.939710
vt 0.104473 0.939710
vt 0.100376 0.939710
vt 0.161840 0.939710
vt 0.133157 0.939710
vt 0.182328 0.939710
vt 0.141352 0.939710
vt 0.092181 0.939710
vt 0.124961 0.939710
vt 0.120864 0.939710
vt 0.116766 0.939710
vt 0.165937 0.939710
vt 0.170035 0.939710
vt 0.174132 0.939710
vt 0.112669 0.939710
vt 0.137254 0.940469
vt 0.186425 0.940469
vt 0.088083 0.940469
vt 0.145449 0.940469
vt 0.096278 0.940469
vt 0.129059 0.940469
vt 0.178230 0.940469
vt 0.149547 0.940469
vt 0.153645 0.940469
vt 0.157742 0.940469
vt 0.108571 0.940469
vt 0.104473 0.940469
vt 0.100376 0.940469
vt 0.161840 0.940469
vt 0.133157 0.940469
vt 0.182328 0.940469
vt 0.141352 0.940469
vt 0.092181 0.940469
vt 0.124961 0.940469
vt 0.120864 0.940469
vt 0.116766 0.940469
vt 0.165937 0.940469
vt 0.170035 0.940469
vt 0.174132 0.940469
vt 0.112669 0.940469
vt 0.137254 0.941355
vt 0.186425 0.941355
vt 0.088083 0.941355
vt 0.145449 0.941355
vt 0.096278 0.941355
vt 0.129059 0.941355
vt 0.178230 0.941355
vt 0.149547 0.941355
vt 0.153645 0.941355
vt 0.157742 0.941355
vt 0.108571 0.941355
vt 0.104473 0.941355
vt 0.100376 0.941355
vt 0.161840 0.941355
vt 0.133157 0.941355
vt 0.182328 0.941355
vt 0.141352 0.941355
vt 0.092181 0.941355
vt 0.124961 0.941355
vt 0.120864 0.941355
vt 0.116766 0.941355
vt 0.165937 0.941355
vt 0.170035 0.941355
vt 0.174132 0.941355
vt 0.112669 0.941355
vt 0.137254 0.942051
vt 0.186425 0.942051
vt 0.088083 0.942051
vt 0.145449 0.942051
vt 0.096278 0.942051
vt 0.129059 0.942051
vt 0.178230 0.942051
vt 0.149547 0.942051
vt 0.153645 0.942051
vt 0.157742 0.942051
vt 0.108571 0.942051
vt 0.104473 0.942051
vt 0.100376 0.942051
vt 0.161840 0.942051
vt 0.133157 0.942051
vt 0.182328 0.942051
vt 0.141352 0.942051
vt 0.092181 0.942051
vt 0.124961 0.942051
vt 0.120864 0.942051
vt 0.116766 0.942051
vt 0.165937 0.942051
vt 0.170035 0.942051
vt 0.174132 0.942051
vt 0.112669 0.942051
vt 0.137254 0.942810
vt 0.186425 0.942810
vt 0.088083 0.942810
vt 0.145449 0.942810
vt 0.096278 0.942810
vt 0.129059 0.942810
vt 0.178230 0.942810
vt 0.149547 0.942810
vt 0.153645 0.942810
vt 0.157742 0.942810
vt 0.108571 0.942810
vt 0.104473 0.942810
vt 0.100376 0.942810
vt 0.161840 0.942810
vt 0.133157 0.942810
vt 0.182328 0.942810
vt 0.141352 0.942810
vt 0.092181 0.942810
vt 0.124961 0.942810
vt 0.120864 0.942810
vt 0.116766 0.942810
vt 0.165937 0.942810
vt 0.170035 0.942810
vt 0.174132 0.942810
vt 0.112669 0.942810
vt 0.137254 0.943569
vt 0.186425 0.943569
vt 0.088083 0.943569
vt 0.145449 0.943569
vt 0.096278 0.943569
vt 0.129059 0.943569
vt 0.178230 0.943569
vt 0.149547 0.943569
vt 0.153645 0.943569
vt 0.157742 0.943569
vt 0.108571 0.943569
vt 0.104473 0.943569
vt 0.100376 0.943569
vt 0.161840 0.943569
vt 0.133157 0.943569
vt 0.182328 0.943569
vt 0.141352 0.943569
vt 0.092181 0.943569
vt 0.124961 0.943569
vt 0.120864 0.943569
vt 0.116766 0.943569
vt 0.165937 0.943569
vt 0.170035 0.943569
vt 0.174132 0.943569
vt 0.112669 0.943569
vt 0.137254 0.944329
vt 0.088083 0.944329
vt 0.186425 0.944329
vt 0.145449 0.944329
vt 0.096278 0.944329
vt 0.129059 0.944329
vt 0.178230 0.944329
vt 0.149547 0.944329
vt 0.153645 0.944329
vt 0.157742 0.944329
vt 0.108571 0.944329
vt 0.104473 0.944329
vt 0.100376 0.944329
vt 0.161840 0.944329
vt 0.133157 0.944329
vt 0.182328 0.944329
vt 0.141352 0.944329
vt 0.092181 0.944329
vt 0.124961 0.944329
vt 0.120864 0.944329
vt 0.116766 0.944329
vt 0.165937 0.944329
vt 0.170035 0.944329
vt 0.174132 0.944329
vt 0.112669 0.944329
vt 0.137254 0.945151
vt 0.186425 0.945151
vt 0.088083 0.945151
vt 0.145449 0.945151
vt 0.096278 0.945151
vt 0.129059 0.945151
vt 0.178230 0.945151
vt 0.149547 0.945151
vt 0.153645 0.945151
vt 0.157742 0.945151
vt 0.108571 0.945151
vt 0.104473 0.945151
vt 0.100376 0.945151
vt 0.161840 0.945151
vt 0.133157 0.945151
vt 0.182328 0.945151
vt 0.141352 0.945151
vt 0.092181 0.945151
vt 0.124961 0.945151
vt 0.120864 0.945151
vt 0.116766 0.945151
vt 0.165937 0.945151
vt 0.170035 0.945151
vt 0.174132 0.945151
vt 0.112669 0.945151
vt 0.137254 0.946164
vt 0.088083 0.946164
vt 0.186425 0.946164
vt 0.145449 0.946164
vt 0.096278 0.946164
vt 0.129059 0.946164
vt 0.178230 0.946164
vt 0.149547 0.946164
vt 0.153645 0.946164
vt 0.157742 0.946164
vt 0.108571 0.946164
vt 0.104473 0.946164
vt 0.100376 0.946164
vt 0.161840 0.946164
vt 0.133157 0.946164
vt 0.182328 0.946164
vt 0.141352 0.946164
vt 0.092181 0.946164
vt 0.124961 0.946164
vt 0.120864 0.946164
vt 0.116766 0.946164
vt 0.165937 0.946164
vt 0.170035 0.946164
vt 0.174132 0.946164
vt 0.112669 0.946164
vt 0.137254 0.947329
vt 0.186425 0.947329
vt 0.088083 0.947329
vt 0.145449 0.947329
vt 0.096278 0.947329
vt 0.129059 0.947329
vt 0.178230 0.947329
vt 0.149547 0.947329
vt 0.153645 0.947329
vt 0.157742 0.947329
vt 0.108571 0.947329
vt 0.104473 0.947329
vt 0.100376 0.947329
vt 0.161840 0.947329
vt 0.133157 0.947329
vt 0.182328 0.947329
vt 0.141352 0.947329
vt 0.092181 0.947329
vt 0.124961 0.947329
vt 0.120864 0.947329
vt 0.116766 0.947329
vt 0.165937 0.947329
vt 0.170035 0.947329
vt 0.174132 0.947329
vt 0.112669 0.947329
vt 0.133157 0.947329
vt 0.137254 0.947329
vt 0.182328 0.947329
vt 0.186425 0.947329
vt 0.088083 0.947329
vt 0.141352 0.947329
vt 0.145449 0.947329
vt 0.092181 0.947329
vt 0.096278 0.947329
vt 0.124961 0.947329
vt 0.129059 0.947329
vt 0.174132 0.947329
vt 0.178230 0.947329
vt 0.149547 0.947329
vt 0.100376 0.947329
vt 0.170035 0.947329
vt 0.165937 0.947329
vt 0.161840 0.947329
vt 0.157742 0.947329
vt 0.153645 0.947329
vt 0.104473 0.947329
vt 0.108571 0.947329
vt 0.112669 0.947329
vt 0.116766 0.947329
vt 0.120864 0.947329
vt 0.137254 0.952611
vt 0.186425 0.952611
vt 0.088083 0.952611
vt 0.145449 0.952611
vt 0.096278 0.952611
vt 0.129059 0.952611
vt 0.178230 0.952611
vt 0.149547 0.952611
vt 0.153645 0.952611
vt 0.157742 0.952611
vt 0.108571 0.952611
vt 0.104473 0.952611
vt 0.100376 0.952611
vt 0.161840 0.952611
vt 0.133157 0.952611
vt 0.182328 0.952611
vt 0.141352 0.952611
vt 0.092181 0.952611
vt 0.124961 0.952611
vt 0.120864 0.952611
vt 0.116766 0.952611
vt 0.165937 0.952611
vt 0.170035 0.952611
vt 0.174132 0.952611
vt 0.112669 0.952611
vt 0.133157 0.952611
vt 0.137254 0.952611
vt 0.182328 0.952611
vt 0.186425 0.952611
vt 0.088083 0.952611
vt 0.141352 0.952611
vt 0.145449 0.952611
vt 0.092181 0.952611
vt 0.096278 0.952611
vt 0.124961 0.952611
vt 0.129059 0.952611
vt 0.174132 0.952611
vt 0.178230 0.952611
vt 0.149547 0.952611
vt 0.100376 0.952611
vt 0.170035 0.952611
vt 0.165937 0.952611
vt 0.161840 0.952611
vt 0.157742 0.952611
vt 0.153645 0.952611
vt 0.104473 0.952611
vt 0.108571 0.952611
vt 0.112669 0.952611
vt 0.116766 0.952611
vt 0.120864 0.952611
vt 0.137254 0.941549
vt 0.186425 0.941549
vt 0.088083 0.941549
vt 0.145449 0.941549
vt 0.096278 0.941549
vt 0.129059 0.941549
vt 0.178230 0.941549
vt 0.149547 0.941549
vt 0.153645 0.941549
vt 0.157742 0.941549
vt 0.108571 0.941549
vt 0.104473 0.941549
vt 0.100376 0.941549
vt 0.161840 0.941549
vt 0.133157 0.941549
vt 0.182328 0.941549
vt 0.141352 0.941549
vt 0.092181 0.941549
vt 0.124961 0.941549
vt 0.120864 0.941549
vt 0.116766 0.941549
vt 0.165937 0.941549
vt 0.170035 0.941549
vt 0.174132 0.941549
vt 0.112669 0.941549
s 1
usemtl Street_Lamp
f 372/628/1 159/274/2 64/134/3 267/461/4
f 375/635/5 6/14/6 5/11/7 424/734/8
f 370/624/9 146/259/10 53/113/11 281/494/12
f 177/295/13 119/223/14 41/97/15 172/290/16
f 374/632/17 168/285/18 60/126/19 270/469/20
f 379/647/21 218/366/22 35/80/23 384/656/24
f 51/109/25 49/105/26 8/20/27 4/9/28
f 213/356/29 212/354/30 21/41/31 23/47/32
f 61/129/33 62/131/34 34/77/35 33/75/36
f 270/470/20 60/127/19 31/69/37 258/445/38
f 206/343/39 207/345/40 5/13/7 6/15/6
f 54/116/41 55/117/42 22/46/43 20/40/44
f 216/362/45 217/363/46 32/72/47 30/68/48
f 376/638/49 206/342/39 6/16/6 375/634/5
f 212/354/30 210/350/50 17/31/51 21/41/31
f 60/128/19 59/125/52 29/63/53 31/70/37
f 49/105/26 50/107/54 7/17/55 8/20/27
f 368/620/56 133/244/57 52/110/58 282/497/59
f 424/733/8 5/12/7 3/7/60 425/735/61
f 425/735/61 3/7/60 1/1/62 423/732/63
f 289/513/64 19/36/65 20/39/44 266/460/66
f 266/460/66 20/39/44 22/44/43 265/459/67
f 265/458/67 22/45/43 24/50/68 263/454/69
f 383/654/70 27/58/71 28/61/72 418/718/73
f 418/718/73 28/61/72 30/66/48 417/717/74
f 417/716/74 30/67/48 32/73/47 416/715/75
f 384/655/24 35/81/23 36/83/76 415/713/77
f 415/713/77 36/83/76 38/88/78 414/712/79
f 414/711/79 38/89/78 40/94/80 413/710/81
f 55/117/42 56/119/82 24/51/68 22/46/43
f 207/345/40 208/346/83 3/8/60 5/13/7
f 218/367/22 219/369/84 36/84/76 35/82/23
f 377/641/85 213/355/29 23/48/32 382/652/86
f 57/121/87 58/123/88 26/55/89 25/53/90
f 52/112/58 51/109/25 4/9/28 2/4/91
f 63/133/92 61/129/33 33/75/36 37/85/93
f 378/644/94 214/358/95 27/59/71 383/653/70
f 208/346/83 209/347/96 1/2/62 3/8/60
f 219/369/84 220/370/97 38/90/78 36/84/76
f 214/359/95 215/361/98 28/62/72 27/60/71
f 282/498/59 52/111/58 2/5/91 286/507/99
f 210/350/50 211/351/100 18/33/101 17/31/51
f 64/136/3 63/133/92 37/85/93 39/91/102
f 59/125/52 57/121/87 25/53/90 29/63/53
f 281/495/12 53/114/11 19/37/65 289/512/64
f 220/370/97 221/371/103 40/95/80 38/90/78
f 215/361/98 216/362/45 30/68/48 28/62/72
f 53/115/11 54/116/41 20/40/44 19/38/65
f 267/462/4 64/135/3 39/92/102 252/433/104
f 366/616/105 128/236/106 68/143/107 251/432/108
f 364/612/109 118/222/110 65/137/111 348/583/112
f 360/604/113 105/202/114 67/141/115 349/584/116
f 362/608/117 110/210/118 66/139/119 350/585/120
f 9/23/121 50/107/54 49/105/26
f 9/23/121 49/105/26 51/109/25
f 9/23/121 51/109/25 52/112/58
f 15/29/122 54/116/41 53/115/11
f 15/29/122 55/117/42 54/116/41
f 15/29/122 56/119/82 55/117/42
f 11/25/123 58/123/88 57/121/87
f 11/25/123 57/121/87 59/125/52
f 11/25/123 59/125/52 60/128/19
f 13/27/124 62/131/34 61/129/33
f 13/27/124 61/129/33 63/133/92
f 13/27/124 63/133/92 64/136/3
f 135/247/125 9/23/121 52/112/58 133/243/57
f 170/288/126 11/25/123 60/128/19 168/284/18
f 107/204/127 45/101/128 67/142/115 105/201/114
f 130/238/129 41/97/15 68/144/107 128/235/106
f 148/262/130 15/29/122 53/115/11 146/258/10
f 120/224/131 44/100/132 65/138/111 118/221/110
f 161/277/133 13/27/124 64/136/3 159/273/2
f 112/212/134 48/104/135 66/140/119 110/209/118
f 123/227/136 89/173/137 184/304/138 197/329/139
f 90/175/140 123/227/136 197/329/139 185/306/141
f 131/239/142 91/177/143 186/308/144 202/336/145
f 154/268/146 150/264/147 75/153/148 116/217/149
f 149/263/150 74/152/151 72/149/152 147/261/153
f 119/223/14 73/151/154 71/147/155 117/220/156
f 369/622/56 147/260/153 72/150/152 351/586/157
f 180/298/158 148/262/130 73/151/154 176/294/159
f 363/610/160 117/219/156 71/148/155 352/588/161
f 143/255/162 113/213/163 82/163/164 137/249/165
f 142/254/166 137/249/165 82/163/164 108/205/167
f 136/248/168 81/162/169 77/157/170 134/246/171
f 129/237/172 80/161/173 76/155/174 127/234/175
f 367/618/9 134/245/171 77/158/170 353/590/176
f 365/614/177 127/233/175 76/156/174 354/592/178
f 179/297/179 140/252/180 91/179/143 173/291/181
f 153/267/182 151/265/183 90/176/140 103/197/184
f 178/296/185 131/240/142 89/174/137 172/290/16
f 171/289/186 88/172/187 84/167/188 169/287/189
f 106/203/190 87/171/191 83/165/192 104/200/193
f 373/630/1 169/286/189 84/168/188 355/594/194
f 359/602/195 104/199/193 83/166/192 356/596/196
f 91/178/143 108/206/167 192/321/197 186/309/144
f 166/282/198 163/279/199 100/194/200 141/253/201
f 167/283/202 152/266/203 99/190/204 158/272/205
f 164/280/206 124/229/207 98/188/208 157/271/209
f 165/281/210 157/271/209 98/188/208 132/241/211
f 162/278/212 97/187/213 95/184/214 160/276/215
f 111/211/216 96/186/217 94/182/218 109/208/219
f 371/626/17 160/275/215 95/185/214 357/598/220
f 361/606/221 109/207/219 94/183/218 358/600/222
f 82/164/164 113/214/163 193/323/223 183/302/224
f 350/585/120 66/139/119 104/199/193 359/602/195
f 48/104/135 106/203/190 104/200/193 66/140/119
f 150/264/147 153/267/182 103/197/184 75/153/148
f 140/252/180 142/254/166 108/205/167 91/179/143
f 116/218/149 75/154/148 182/300/225 195/326/226
f 88/172/187 107/204/127 105/201/114 84/167/188
f 355/594/194 84/168/188 105/202/114 360/604/113
f 349/584/116 67/141/115 109/207/219 361/606/221
f 45/101/128 111/211/216 109/208/219 67/142/115
f 141/253/201 100/194/200 113/213/163 143/255/162
f 152/266/203 154/268/146 116/217/149 99/190/204
f 100/193/200 132/242/211 203/338/227 189/316/228
f 103/198/184 90/175/140 185/306/141 190/318/229
f 97/187/213 112/212/134 110/209/118 95/184/214
f 357/598/220 95/185/214 110/210/118 362/608/117
f 98/189/208 124/230/207 198/331/230 187/311/231
f 75/154/148 103/198/184 190/318/229 182/300/225
f 158/272/205 99/190/204 124/229/207 164/280/206
f 108/206/167 82/164/164 183/302/224 192/321/197
f 251/432/108 68/143/107 117/219/156 363/610/160
f 41/97/15 119/223/14 117/220/156 68/144/107
f 89/173/137 131/239/142 202/336/145 184/304/138
f 74/152/151 120/224/131 118/221/110 72/149/152
f 351/586/157 72/150/152 118/222/110 364/612/109
f 176/294/159 73/151/154 119/223/14 177/295/13
f 113/214/163 100/193/200 189/316/228 193/323/223
f 124/230/207 99/191/204 188/313/232 198/331/230
f 163/279/199 165/281/210 132/241/211 100/194/200
f 173/291/181 91/179/143 131/240/142 178/296/185
f 348/583/112 65/137/111 127/233/175 365/614/177
f 44/100/132 129/237/172 127/234/175 65/138/111
f 99/192/204 116/218/149 195/326/226 188/314/232
f 132/242/211 98/189/208 187/311/231 203/338/227
f 81/162/169 130/238/129 128/235/106 77/157/170
f 353/590/176 77/158/170 128/236/106 366/616/105
f 97/187/213 141/253/201 143/255/162 112/212/134
f 87/171/191 106/203/190 142/254/166 140/252/180
f 162/278/212 166/282/198 141/253/201 97/187/213
f 170/288/126 87/171/191 140/252/180 179/297/179
f 279/488/233 58/122/88 134/245/171 367/618/9
f 11/25/123 136/248/168 134/246/171 58/123/88
f 106/203/190 48/104/135 137/249/165 142/254/166
f 112/212/134 143/255/162 137/249/165 48/104/135
f 80/161/173 135/247/125 133/243/57 76/155/174
f 354/592/178 76/156/174 133/244/57 368/620/56
f 96/186/217 111/211/216 154/268/146 152/266/203
f 45/101/128 107/204/127 153/267/182 150/264/147
f 161/277/133 96/186/217 152/266/203 167/283/202
f 107/204/127 88/172/187 151/265/183 153/267/182
f 171/289/186 15/29/122 148/262/130 180/298/158
f 268/464/234 62/130/34 147/260/153 369/622/56
f 13/27/124 149/263/150 147/261/153 62/131/34
f 111/211/216 45/101/128 150/264/147 154/268/146
f 73/151/154 148/262/130 146/258/10 71/147/155
f 352/588/161 71/148/155 146/259/10 370/624/9
f 13/27/124 161/277/133 167/283/202 149/263/150
f 9/23/121 135/247/125 166/282/198 162/278/212
f 80/161/173 129/237/172 165/281/210 163/279/199
f 74/152/151 158/272/205 164/280/206 120/224/131
f 284/502/235 50/106/54 160/275/215 371/626/17
f 9/23/121 162/278/212 160/276/215 50/107/54
f 129/237/172 44/100/132 157/271/209 165/281/210
f 120/224/131 164/280/206 157/271/209 44/100/132
f 149/263/150 167/283/202 158/272/205 74/152/151
f 135/247/125 80/161/173 163/279/199 166/282/198
f 96/186/217 161/277/133 159/273/2 94/182/218
f 358/600/222 94/183/218 159/274/2 372/628/1
f 88/172/187 171/289/186 180/298/158 151/265/183
f 11/25/123 170/288/126 179/297/179 136/248/168
f 81/162/169 173/291/181 178/296/185 130/238/129
f 90/176/140 176/294/159 177/295/13 123/228/136
f 280/491/236 56/118/82 169/286/189 373/630/1
f 15/29/122 171/289/186 169/287/189 56/119/82
f 130/238/129 178/296/185 172/290/16 41/97/15
f 136/248/168 179/297/179 173/291/181 81/162/169
f 151/265/183 180/298/158 176/294/159 90/176/140
f 87/171/191 170/288/126 168/284/18 83/165/192
f 356/596/196 83/166/192 168/285/18 374/632/17
f 123/228/136 177/295/13 172/290/16 89/174/137
f 204/340/237 201/335/238 181/299/239 191/320/240
f 205/341/241 194/325/242 181/299/239 201/335/238
f 200/334/243 196/328/244 181/299/239 194/325/242
f 199/333/245 197/330/139 184/305/138 191/320/240
f 196/328/244 199/333/245 191/320/240 181/299/239
f 202/337/145 204/340/237 191/320/240 184/305/138
f 198/332/230 200/334/243 194/325/242 187/312/231
f 203/339/227 187/312/231 194/325/242 205/341/241
f 188/315/232 195/327/226 200/334/243 198/332/230
f 182/301/225 190/319/229 199/333/245 196/328/244
f 190/319/229 185/307/141 197/330/139 199/333/245
f 195/327/226 182/301/225 196/328/244 200/334/243
f 189/317/228 203/339/227 205/341/241 193/324/223
f 186/310/144 192/322/197 204/340/237 202/337/145
f 193/324/223 205/341/241 201/335/238 183/303/224
f 192/322/197 183/303/224 201/335/238 204/340/237
f 10/24/246 207/345/40 206/343/39
f 10/24/246 208/346/83 207/345/40
f 10/24/246 209/347/96 208/346/83
f 16/30/246 211/351/100 210/350/50
f 16/30/246 210/350/50 212/354/30
f 16/30/246 212/354/30 213/356/29
f 12/26/246 215/361/98 214/359/95
f 12/26/246 216/362/45 215/361/98
f 12/26/246 217/363/46 216/362/45
f 14/28/246 219/369/84 218/367/22
f 14/28/246 220/370/97 219/369/84
f 14/28/246 221/371/103 220/370/97
f 144/256/246 14/28/246 218/367/22 222/374/247
f 155/269/246 10/24/246 206/343/39 223/376/248
f 14/28/246 156/270/246 224/378/249 221/371/103
f 16/30/246 145/257/246 225/380/250 211/351/100
f 42/98/246 125/231/246 226/382/251 227/384/252
f 126/232/246 43/99/246 229/388/253 228/386/254
f 46/102/246 101/195/246 230/390/255 231/392/256
f 102/196/246 47/103/246 233/396/257 232/394/258
f 121/225/246 69/145/246 235/400/259 234/398/260
f 70/146/246 122/226/246 236/402/261 237/404/262
f 78/159/246 138/250/246 238/406/250 239/408/263
f 139/251/246 79/160/246 241/412/264 240/410/247
f 85/169/246 174/292/246 242/414/249 243/416/265
f 175/293/246 86/170/246 245/420/266 244/418/248
f 114/215/246 92/180/246 247/424/267 246/422/268
f 93/181/246 115/216/246 248/426/269 249/428/270
f 101/195/246 85/169/246 243/416/265 230/390/255
f 86/170/246 102/196/246 232/394/258 245/420/266
f 47/103/246 114/215/246 246/422/268 233/396/257
f 115/216/246 46/102/246 231/392/256 248/426/269
f 43/99/246 121/225/246 234/398/260 229/388/253
f 122/226/246 42/98/246 227/384/252 236/402/261
f 125/231/246 78/159/246 239/408/263 226/382/251
f 79/160/246 126/232/246 228/386/254 241/412/264
f 138/250/246 12/26/246 214/359/95 238/406/250
f 10/24/246 139/251/246 240/410/247 209/347/96
f 69/145/246 144/256/246 222/374/247 235/400/259
f 145/257/246 70/146/246 237/404/262 225/380/250
f 92/180/246 155/269/246 223/376/248 247/424/267
f 156/270/246 93/181/246 249/428/270 224/378/249
f 174/292/246 16/30/246 213/356/29 242/414/249
f 12/26/246 175/293/246 244/418/248 217/363/46
f 139/251/246 10/24/246 155/269/246 297/528/271
f 79/160/246 139/251/246 297/528/271 269/467/272
f 126/232/246 79/160/246 269/467/272 283/500/273
f 43/99/246 126/232/246 283/500/273 255/438/274
f 121/225/246 43/99/246 255/438/274 290/514/275
f 69/145/246 121/225/246 290/514/275 262/452/276
f 144/256/246 69/145/246 262/452/276 276/482/277
f 156/270/246 14/28/246 144/256/246 276/482/277
f 93/181/246 156/270/246 276/482/277 275/480/278
f 155/269/246 92/180/246 296/526/288 297/528/271
f 92/180/246 114/215/246 295/524/289 296/526/288
f 115/216/246 93/181/246 275/480/278 274/478/293
f 274/478/293 298/530/294 46/102/246 115/216/246
f 283/501/273 269/468/272 318/552/295 332/566/296
f 272/475/297 271/473/298 320/554/299 321/555/300
f 290/515/275 255/439/274 304/538/301 339/574/302
f 250/431/303 278/487/304 327/561/305 299/532/306
f 274/479/293 275/481/278 324/558/307 323/557/308
f 257/444/309 285/506/310 334/569/311 306/540/312
f 277/484/313 295/524/289 114/215/246 47/103/246
f 102/196/246 273/476/314 277/484/313 47/103/246
f 273/477/314 272/475/297 321/555/300 322/556/315
f 264/457/316 292/519/317 341/576/318 313/547/319
f 275/481/278 276/483/277 325/559/320 324/558/307
f 277/485/313 273/477/314 322/556/315 326/560/321
f 255/440/274 283/501/273 332/566/296 304/537/301
f 295/525/289 277/485/313 326/560/321 344/579/322
f 46/102/246 298/530/294 294/522/323 101/195/246
f 101/195/246 294/522/323 293/520/324 85/169/246
f 262/453/276 290/515/275 339/574/302 311/545/325
f 269/468/272 297/529/271 346/581/326 318/552/295
f 292/519/317 293/521/324 342/577/327 341/576/318
f 296/527/288 295/525/289 344/579/322 345/580/328
f 271/473/298 257/444/309 306/540/312 320/554/299
f 278/487/304 264/457/316 313/547/319 327/561/305
f 86/170/246 272/474/297 273/476/314 102/196/246
f 175/293/246 271/472/298 272/474/297 86/170/246
f 293/521/324 294/523/323 343/578/329 342/577/327
f 297/529/271 296/527/288 345/580/328 346/581/326
f 285/506/310 250/431/303 299/532/306 334/569/311
f 294/523/323 298/531/294 347/582/330 343/578/329
f 276/483/277 262/453/276 311/545/325 325/559/320
f 298/531/294 274/479/293 323/557/308 347/582/330
f 85/169/246 293/520/324 292/518/317 174/292/246
f 145/257/246 16/30/246 174/292/246 292/518/317
f 70/146/246 145/257/246 292/518/317 264/456/316
f 122/226/246 70/146/246 264/456/316 278/486/304
f 42/98/246 122/226/246 278/486/304 250/430/303
f 125/231/246 42/98/246 250/430/303 285/505/310
f 78/159/246 125/231/246 285/505/310 257/443/309
f 138/250/246 78/159/246 257/443/309 271/472/298
f 175/293/246 12/26/246 138/250/246 271/472/298
f 334/569/311 299/532/306 427/738/331 462/778/332
f 346/581/326 345/580/328 473/789/333 474/790/334
f 304/537/301 332/566/296 460/776/335 432/743/336
f 323/557/308 324/558/307 452/767/337 451/766/338
f 311/545/325 339/574/302 467/783/339 439/753/340
f 318/552/295 346/581/326 474/790/334 446/761/341
f 324/558/307 325/559/320 453/768/342 452/767/337
f 325/559/320 311/545/325 439/753/340 453/768/342
f 332/566/296 318/552/295 446/761/341 460/776/335
f 339/574/302 304/538/301 432/744/336 467/783/339
f 321/555/300 320/554/299 448/763/343 449/764/344
f 322/556/315 321/555/300 449/764/344 450/765/345
f 341/576/318 342/577/327 470/786/346 469/785/347
f 326/560/321 322/556/315 450/765/345 454/769/348
f 342/577/327 343/578/329 471/787/349 470/786/346
f 299/532/306 327/561/305 455/770/350 427/738/331
f 306/540/312 334/569/311 462/778/332 434/746/351
f 344/579/322 326/560/321 454/769/348 472/788/352
f 343/578/329 347/582/330 475/791/353 471/787/349
f 313/547/319 341/576/318 469/785/347 441/755/354
f 320/554/299 306/540/312 434/746/351 448/763/343
f 345/580/328 344/579/322 472/788/352 473/789/333
f 347/582/330 323/557/308 451/766/338 475/791/353
f 327/561/305 313/547/319 441/755/354 455/770/350
f 419/721/363 267/462/4 252/433/104 413/709/81
f 421/727/364 281/495/12 289/512/64 426/737/365
f 422/730/366 282/498/59 286/507/99 423/731/63
f 58/124/88 279/490/233 261/450/367 26/56/89
f 56/120/82 280/493/236 263/455/69 24/52/68
f 37/86/93 253/435/368 252/434/104 39/93/102
f 33/76/36 254/437/369 253/436/368 37/87/93
f 34/78/35 256/441/370 254/437/369 33/76/36
f 29/64/53 259/447/371 258/446/38 31/71/37
f 25/54/90 260/449/372 259/448/371 29/65/53
f 26/57/89 261/451/367 260/449/372 25/54/90
f 381/650/373 265/458/67 263/454/69 382/651/86
f 380/648/374 266/460/66 265/459/67 381/649/373
f 426/736/365 289/513/64 266/460/66 380/648/374
f 4/10/28 288/511/375 286/508/99 2/6/91
f 8/21/27 287/509/376 288/511/375 4/10/28
f 50/108/54 284/504/235 291/516/377 7/18/55
f 420/724/378 270/470/20 258/445/38 416/714/75
f 62/132/34 268/466/234 256/442/370 34/79/35
f 7/19/55 291/517/377 287/510/376 8/22/27
f 224/379/249 410/704/1 419/720/363 221/372/103
f 225/381/250 408/700/9 421/726/364 211/352/100
f 244/419/248 412/708/17 420/723/378 217/364/46
f 217/365/46 420/724/378 416/714/75 32/74/47
f 240/411/247 406/696/56 422/729/366 209/348/96
f 18/34/101 426/736/365 380/648/374 17/32/51
f 17/32/51 380/648/374 381/649/373 21/42/31
f 21/43/31 381/650/373 382/651/86 23/49/32
f 209/349/96 422/730/366 423/731/63 1/3/62
f 211/353/100 421/727/364 426/737/365 18/35/101
f 221/373/103 419/721/363 413/709/81 40/96/80
f 226/383/251 404/692/286 385/657/279 227/385/252
f 234/399/260 402/688/282 386/658/283 229/389/253
f 230/391/255 398/680/360 387/659/357 231/393/256
f 246/423/268 400/684/356 388/660/361 233/397/257
f 222/375/247 407/698/56 389/662/281 235/401/259
f 236/403/261 401/686/280 390/664/290 237/405/262
f 238/407/250 405/694/9 391/666/285 239/409/263
f 228/387/254 403/690/284 392/668/287 241/413/264
f 242/415/249 411/706/1 393/670/359 243/417/265
f 232/395/258 397/678/362 394/672/292 245/421/266
f 223/377/248 409/702/17 395/674/355 247/425/267
f 248/427/269 399/682/358 396/676/291 249/429/270
f 233/397/257 388/660/361 397/678/362 232/395/258
f 243/417/265 393/670/359 398/680/360 230/391/255
f 231/393/256 387/659/357 399/682/358 248/427/269
f 247/425/267 395/674/355 400/684/356 246/423/268
f 245/421/266 394/672/292 412/708/17 244/419/248
f 213/357/29 377/640/85 411/706/1 242/415/249
f 249/429/270 396/676/291 410/704/1 224/379/249
f 206/344/39 376/637/49 409/702/17 223/377/248
f 237/405/262 390/664/290 408/700/9 225/381/250
f 218/368/22 379/646/21 407/698/56 222/375/247
f 241/413/264 392/668/287 406/696/56 240/411/247
f 214/360/95 378/643/94 405/694/9 238/407/250
f 239/409/263 391/666/285 404/692/286 226/383/251
f 229/389/253 386/658/283 403/690/284 228/387/254
f 235/401/259 389/662/281 402/688/282 234/399/260
f 227/385/252 385/657/279 401/686/280 236/403/261
f 279/490/233 378/644/94 383/653/70 261/450/367
f 280/493/236 377/641/85 382/652/86 263/455/69
f 253/435/368 414/711/79 413/710/81 252/434/104
f 254/437/369 415/713/77 414/712/79 253/436/368
f 256/441/370 384/655/24 415/713/77 254/437/369
f 259/447/371 417/716/74 416/715/75 258/446/38
f 260/449/372 418/718/73 417/717/74 259/448/371
f 261/451/367 383/654/70 418/718/73 260/449/372
f 288/511/375 425/735/61 423/732/63 286/508/99
f 287/509/376 424/733/8 425/735/61 288/511/375
f 284/504/235 376/638/49 375/634/5 291/516/377
f 268/466/234 379/647/21 384/656/24 256/442/370
f 291/517/377 375/635/5 424/734/8 287/510/376
f 454/769/348 450/765/345 301/534/379 478/794/380
f 470/786/346 471/787/349 495/812/381 494/811/382
f 427/738/331 455/770/350 479/795/383 340/575/384
f 434/746/351 462/778/332 486/803/385 330/564/386
f 472/788/352 454/769/348 478/794/380 496/813/387
f 471/787/349 475/791/353 499/816/388 495/812/381
f 441/755/354 469/785/347 493/810/389 314/548/390
f 448/763/343 434/746/351 330/564/386 303/536/391
f 473/789/333 472/788/352 496/813/387 497/814/392
f 475/791/353 451/766/338 300/533/393 499/816/388
f 455/770/350 441/755/354 314/548/390 479/795/383
f 462/778/332 427/738/331 340/575/384 486/803/385
f 432/743/336 460/776/335 484/800/394 333/567/395
f 474/790/334 473/789/333 497/814/392 498/815/396
f 451/766/338 452/767/337 476/792/397 300/533/393
f 439/753/340 467/783/339 491/808/398 316/550/399
f 446/761/341 474/790/334 498/815/396 307/541/400
f 452/767/337 453/768/342 477/793/401 476/792/397
f 453/768/342 439/753/340 316/550/399 477/793/401
f 460/776/335 446/761/341 307/541/400 484/800/394
f 467/783/339 432/744/336 333/568/395 491/808/398
f 449/764/344 448/763/343 303/536/391 302/535/402
f 450/765/345 449/764/344 302/535/402 301/534/379
f 469/785/347 470/786/346 494/811/382 493/810/389
f 498/815/396 497/814/392 521/839/403 522/840/404
f 477/793/401 316/550/399 444/759/405 501/818/406
f 300/533/393 476/792/397 500/817/407 468/784/408
f 303/536/391 330/564/386 437/750/409 464/780/410
f 476/792/397 477/793/401 501/818/406 500/817/407
f 333/567/395 484/800/394 508/826/411 435/747/412
f 491/808/398 333/568/395 435/748/412 515/833/413
f 302/535/402 303/536/391 464/780/410 465/781/414
f 484/800/394 307/541/400 461/777/415 508/826/411
f 479/795/383 314/548/390 447/762/416 503/820/417
f 316/550/399 491/808/398 515/833/413 444/759/405
f 301/534/379 302/535/402 465/781/414 466/782/418
f 493/810/389 494/811/382 518/836/419 517/835/420
f 330/564/386 486/803/385 510/828/421 437/750/409
f 340/575/384 479/795/383 503/820/417 428/739/422
f 478/794/380 301/534/379 466/782/418 502/819/423
f 494/811/382 495/812/381 519/837/424 518/836/419
f 486/803/385 340/575/384 428/739/422 510/828/421
f 307/541/400 498/815/396 522/840/404 461/777/415
f 314/548/390 493/810/389 517/835/420 447/762/416
f 496/813/387 478/794/380 502/819/423 520/838/425
f 495/812/381 499/816/388 523/841/426 519/837/424
f 497/814/392 496/813/387 520/838/425 521/839/403
f 499/816/388 300/533/393 468/784/408 523/841/426
f 510/828/421 428/739/422 492/809/427 534/853/428
f 428/739/422 503/820/417 527/845/429 492/809/427
f 435/747/412 508/826/411 532/850/430 485/801/431
f 464/780/410 437/750/409 482/798/432 310/544/433
f 502/819/423 466/782/418 308/542/434 526/844/435
f 518/836/419 519/837/424 543/862/436 542/861/437
f 501/818/406 444/759/405 336/571/438 525/843/439
f 520/838/425 502/819/423 526/844/435 544/863/440
f 519/837/424 523/841/426 547/866/441 543/862/436
f 508/826/411 461/777/415 315/549/442 532/850/430
f 521/839/403 520/838/425 544/863/440 545/864/443
f 523/841/426 468/784/408 305/539/444 547/866/441
f 447/762/416 517/835/420 541/860/445 331/565/446
f 522/840/404 521/839/403 545/864/443 546/865/447
f 461/777/415 522/840/404 546/865/447 315/549/442
f 468/784/408 500/817/407 524/842/448 305/539/444
f 500/817/407 501/818/406 525/843/439 524/842/448
f 515/833/413 435/748/412 485/802/431 539/858/449
f 437/750/409 510/828/421 534/853/428 482/798/432
f 465/781/414 464/780/410 310/544/433 309/543/450
f 444/759/405 515/833/413 539/858/449 336/571/438
f 503/820/417 447/762/416 331/565/446 527/845/429
f 466/782/418 465/781/414 309/543/450 308/542/434
f 517/835/420 518/836/419 542/861/437 541/860/445
f 546/865/447 545/864/443 569/889/451 570/890/452
f 305/539/444 524/842/448 548/867/453 516/834/454
f 331/565/446 541/860/445 565/885/455 463/779/456
f 315/549/442 546/865/447 570/890/452 509/827/457
f 524/842/448 525/843/439 549/868/458 548/867/453
f 485/801/431 532/850/430 556/876/459 438/751/460
f 539/858/449 485/802/431 438/752/460 563/883/461
f 525/843/439 336/571/438 458/774/462 549/868/458
f 309/543/450 310/544/433 512/830/463 513/831/464
f 482/798/432 534/853/428 558/878/465 442/756/466
f 534/853/428 492/809/427 429/740/467 558/878/465
f 308/542/434 309/543/450 513/831/464 514/832/468
f 541/860/445 542/861/437 566/886/469 565/885/455
f 492/809/427 527/845/429 551/870/470 429/740/467
f 527/845/429 331/565/446 463/779/456 551/870/470
f 526/844/435 308/542/434 514/832/468 550/869/471
f 542/861/437 543/862/436 567/887/472 566/886/469
f 544/863/440 526/844/435 550/869/471 568/888/473
f 543/862/436 547/866/441 571/891/474 567/887/472
f 310/544/433 482/798/432 442/756/466 512/830/463
f 336/571/438 539/858/449 563/883/461 458/774/462
f 545/864/443 544/863/440 568/888/473 569/889/451
f 547/866/441 305/539/444 516/834/454 571/891/474
f 532/850/430 315/549/442 509/827/457 556/876/459
f 514/832/468 513/831/464 319/553/475 317/551/476
f 565/885/455 566/886/469 590/911/477 589/910/478
f 558/878/465 429/740/467 540/859/479 582/903/480
f 509/827/457 570/890/452 594/915/481 335/570/482
f 442/756/466 558/878/465 582/903/480 530/848/483
f 550/869/471 514/832/468 317/551/476 574/894/484
f 566/886/469 567/887/472 591/912/485 590/911/477
f 549/868/458 458/774/462 488/805/486 573/893/487
f 463/779/456 565/885/455 589/910/478 483/799/488
f 568/888/473 550/869/471 574/894/484 592/913/489
f 567/887/472 571/891/474 595/916/490 591/912/485
f 556/876/459 509/827/457 335/570/482 580/900/491
f 569/889/451 568/888/473 592/913/489 593/914/492
f 571/891/474 516/834/454 312/546/493 595/916/490
f 570/890/452 569/889/451 593/914/492 594/915/481
f 516/834/454 548/867/453 572/892/494 312/546/493
f 512/830/463 442/756/466 530/848/483 328/562/495
f 438/751/460 556/876/459 580/900/491 533/851/496
f 548/867/453 549/868/458 573/893/487 572/892/494
f 563/883/461 438/752/460 533/852/496 587/908/497
f 513/831/464 512/830/463 328/562/495 319/553/475
f 429/740/467 551/870/470 575/895/498 540/859/479
f 551/870/470 463/779/456 483/799/488 575/895/498
f 458/774/462 563/883/461 587/908/497 488/805/486
f 483/799/488 589/910/478 613/935/499 511/829/500
f 594/915/481 593/914/492 617/939/501 618/940/502
f 312/546/493 572/892/494 596/917/503 564/884/504
f 573/893/487 488/805/486 506/824/505 597/918/506
f 572/892/494 573/893/487 597/918/506 596/917/503
f 533/851/496 580/900/491 604/926/507 443/757/508
f 328/562/495 530/848/483 456/771/509 560/880/510
f 582/903/480 540/859/479 430/741/511 606/928/512
f 587/908/497 533/852/496 443/758/508 611/933/513
f 319/553/475 328/562/495 560/880/510 561/881/514
f 530/848/483 582/903/480 606/928/512 456/771/509
f 575/895/498 483/799/488 511/829/500 599/920/515
f 317/551/476 319/553/475 561/881/514 562/882/516
f 589/910/478 590/911/477 614/936/517 613/935/499
f 540/859/479 575/895/498 599/920/515 430/741/511
f 580/900/491 335/570/482 557/877/518 604/926/507
f 574/894/484 317/551/476 562/882/516 598/919/519
f 590/911/477 591/912/485 615/937/520 614/936/517
f 335/570/482 594/915/481 618/940/502 557/877/518
f 488/805/486 587/908/497 611/933/513 506/824/505
f 592/913/489 574/894/484 598/919/519 616/938/521
f 591/912/485 595/916/490 619/941/522 615/937/520
f 593/914/492 592/913/489 616/938/521 617/939/501
f 595/916/490 312/546/493 564/884/504 619/941/522
f 443/757/508 604/926/507 628/950/523 581/901/524
f 562/882/516 561/881/514 338/573/525 337/572/526
f 613/935/499 614/936/517 638/961/527 637/960/528
f 557/877/518 618/940/502 642/965/529 487/804/530
f 606/928/512 430/741/511 588/909/531 630/953/532
f 598/919/519 562/882/516 337/572/526 622/944/533
f 614/936/517 615/937/520 639/962/534 638/961/527
f 456/771/509 606/928/512 630/953/532 578/898/535
f 597/918/506 506/824/505 536/855/536 621/943/537
f 616/938/521 598/919/519 622/944/533 640/963/538
f 615/937/520 619/941/522 643/966/539 639/962/534
f 604/926/507 557/877/518 487/804/530 628/950/523
f 617/939/501 616/938/521 640/963/538 641/964/540
f 619/941/522 564/884/504 329/563/541 643/966/539
f 506/824/505 611/933/513 635/958/542 536/855/536
f 618/940/502 617/939/501 641/964/540 642/965/529
f 564/884/504 596/917/503 620/942/543 329/563/541
f 511/829/500 613/935/499 637/960/528 531/849/544
f 560/880/510 456/771/509 578/898/535 480/796/545
f 596/917/503 597/918/506 621/943/537 620/942/543
f 430/741/511 599/920/515 623/945/546 588/909/531
f 611/933/513 443/758/508 581/902/524 635/958/542
f 561/881/514 560/880/510 480/796/545 338/573/525
f 599/920/515 511/829/500 531/849/544 623/945/546
f 531/849/544 637/960/528 661/985/547 559/879/548
f 642/965/529 641/964/540 665/989/549 666/990/550
f 329/563/541 620/942/543 644/967/551 612/934/552
f 480/796/545 578/898/535 504/821/553 608/930/554
f 620/942/543 621/943/537 645/968/555 644/967/551
f 581/901/524 628/950/523 652/976/556 457/772/557
f 635/958/542 581/902/524 457/773/557 659/983/558
f 338/573/525 480/796/545 608/930/554 609/931/559
f 578/898/535 630/953/532 654/978/560 504/821/553
f 337/572/526 338/573/525 609/931/559 610/932/561
f 637/960/528 638/961/527 662/986/562 661/985/547
f 588/909/531 623/945/546 647/970/563 431/742/564
f 621/943/537 536/855/536 554/874/565 645/968/555
f 487/804/530 642/965/529 666/990/550 605/927/566
f 630/953/532 588/909/531 431/742/564 654/978/560
f 622/944/533 337/572/526 610/932/561 646/969/567
f 638/961/527 639/962/534 663/987/568 662/986/562
f 628/950/523 487/804/530 605/927/566 652/976/556
f 536/855/536 635/958/542 659/983/558 554/874/565
f 640/963/538 622/944/533 646/969/567 664/988/569
f 639/962/534 643/966/539 667/991/570 663/987/568
f 623/945/546 531/849/544 559/879/548 647/970/563
f 641/964/540 640/963/538 664/988/569 665/989/549
f 643/966/539 329/563/541 612/934/552 667/991/570
f 457/772/557 652/976/556 676/1000/571 629/951/572
f 610/932/561 609/931/559 490/807/573 489/806/574
f 661/985/547 662/986/562 686/1011/575 685/1010/576
f 605/927/566 666/990/550 690/1015/577 535/854/578
f 654/978/560 431/742/564 636/959/579 678/1003/580
f 554/874/565 659/983/558 683/1008/581 584/905/582
f 646/969/567 610/932/561 489/806/574 670/994/583
f 662/986/562 663/987/568 687/1012/584 686/1011/575
f 645/968/555 554/874/565 584/905/582 669/993/585
f 664/988/569 646/969/567 670/994/583 688/1013/586
f 663/987/568 667/991/570 691/1016/587 687/1012/584
f 652/976/556 605/927/566 535/854/578 676/1000/571
f 665/989/549 664/988/569 688/1013/586 689/1014/588
f 667/991/570 612/934/552 481/797/589 691/1016/587
f 666/990/550 665/989/549 689/1014/588 690/1015/577
f 612/934/552 644/967/551 668/992/590 481/797/589
f 431/742/564 647/970/563 671/995/591 636/959/579
f 559/879/548 661/985/547 685/1010/576 579/899/592
f 608/930/554 504/821/553 626/948/593 528/846/594
f 644/967/551 645/968/555 669/993/585 668/992/590
f 659/983/558 457/773/557 629/952/572 683/1008/581
f 609/931/559 608/930/554 528/846/594 490/807/573
f 504/821/553 654/978/560 678/1003/580 626/948/593
f 647/970/563 559/879/548 579/899/592 671/995/591
f 690/1015/577 689/1014/588 713/1039/595 714/1040/596
f 579/899/592 685/1010/576 709/1035/597 607/929/598
f 481/797/589 668/992/590 692/1017/599 660/984/600
f 528/846/594 626/948/593 552/871/601 656/980/602
f 668/992/590 669/993/585 693/1018/603 692/1017/599
f 629/951/572 676/1000/571 700/1026/604 505/822/605
f 678/1003/580 636/959/579 433/745/606 702/1028/607
f 683/1008/581 629/952/572 505/823/605 707/1033/608
f 490/807/573 528/846/594 656/980/602 657/981/609
f 626/948/593 678/1003/580 702/1028/607 552/871/601
f 669/993/585 584/905/582 602/924/610 693/1018/603
f 489/806/574 490/807/573 657/981/609 658/982/611
f 685/1010/576 686/1011/575 710/1036/612 709/1035/597
f 636/959/579 671/995/591 695/1020/613 433/745/606
f 535/854/578 690/1015/577 714/1040/596 653/977/614
f 670/994/583 489/806/574 658/982/611 694/1019/615
f 686/1011/575 687/1012/584 711/1037/616 710/1036/612
f 676/1000/571 535/854/578 653/977/614 700/1026/604
f 671/995/591 579/899/592 607/929/598 695/1020/613
f 584/905/582 683/1008/581 707/1033/608 602/924/610
f 688/1013/586 670/994/583 694/1019/615 712/1038/617
f 687/1012/584 691/1016/587 715/1041/618 711/1037/616
f 689/1014/588 688/1013/586 712/1038/617 713/1039/595
f 691/1016/587 481/797/589 660/984/600 715/1041/618
f 695/1020/613 607/929/598 627/949/619 719/1045/620
f 658/982/611 657/981/609 538/857/621 537/856/622
f 709/1035/597 710/1036/612 734/1061/623 733/1060/624
f 702/1028/607 433/745/606 684/1009/625 726/1053/626
f 653/977/614 714/1040/596 738/1065/627 583/904/628
f 602/924/610 707/1033/608 731/1058/629 632/955/630
f 694/1019/615 658/982/611 537/856/622 718/1044/631
f 710/1036/612 711/1037/616 735/1062/632 734/1061/623
f 693/1018/603 602/924/610 632/955/630 717/1043/633
f 433/745/606 695/1020/613 719/1045/620 684/1009/625
f 712/1038/617 694/1019/615 718/1044/631 736/1063/634
f 711/1037/616 715/1041/618 739/1066/635 735/1062/632
f 700/1026/604 653/977/614 583/904/628 724/1050/636
f 713/1039/595 712/1038/617 736/1063/634 737/1064/637
f 715/1041/618 660/984/600 529/847/638 739/1066/635
f 552/871/601 702/1028/607 726/1053/626 674/998/639
f 714/1040/596 713/1039/595 737/1064/637 738/1065/627
f 660/984/600 692/1017/599 716/1042/640 529/847/638
f 607/929/598 709/1035/597 733/1060/624 627/949/619
f 656/980/602 552/871/601 674/998/639 576/896/641
f 692/1017/599 693/1018/603 717/1043/633 716/1042/640
f 505/822/605 700/1026/604 724/1050/636 677/1001/642
f 707/1033/608 505/823/605 677/1002/642 731/1058/629
f 657/981/609 656/980/602 576/896/641 538/857/621
f 737/1064/637 736/1063/634 760/1088/643 761/1089/644
f 739/1066/635 529/847/638 708/1034/645 763/1091/646
f 738/1065/627 737/1064/637 761/1089/644 762/1090/647
f 627/949/619 733/1060/624 757/1085/648 655/979/649
f 529/847/638 716/1042/640 740/1067/650 708/1034/645
f 576/896/641 674/998/639 600/921/651 704/1030/652
f 716/1042/640 717/1043/633 741/1068/653 740/1067/650
f 677/1001/642 724/1050/636 748/1076/654 553/872/655
f 731/1058/629 677/1002/642 553/873/655 755/1083/656
f 726/1053/626 684/1009/625 436/749/657 750/1078/658
f 538/857/621 576/896/641 704/1030/652 705/1031/659
f 674/998/639 726/1053/626 750/1078/658 600/921/651
f 717/1043/633 632/955/630 650/974/660 741/1068/653
f 724/1050/636 583/904/628 701/1027/661 748/1076/654
f 537/856/622 538/857/621 705/1031/659 706/1032/662
f 733/1060/624 734/1061/623 758/1086/663 757/1085/648
f 684/1009/625 719/1045/620 743/1070/664 436/749/657
f 583/904/628 738/1065/627 762/1090/647 701/1027/661
f 718/1044/631 537/856/622 706/1032/662 742/1069/665
f 734/1061/623 735/1062/632 759/1087/666 758/1086/663
f 719/1045/620 627/949/619 655/979/649 743/1070/664
f 632/955/630 731/1058/629 755/1083/656 650/974/660
f 736/1063/634 718/1044/631 742/1069/665 760/1088/643
f 735/1062/632 739/1066/635 763/1091/646 759/1087/666
f 743/1070/664 655/979/649 675/999/667 767/1095/668
f 706/1032/662 705/1031/659 586/907/669 585/906/670
f 757/1085/648 758/1086/663 782/1111/671 781/1110/672
f 750/1078/658 436/749/657 732/1059/673 774/1103/674
f 701/1027/661 762/1090/647 786/1115/675 631/954/676
f 650/974/660 755/1083/656 779/1108/677 680/1005/678
f 742/1069/665 706/1032/662 585/906/670 766/1094/679
f 758/1086/663 759/1087/666 783/1112/680 782/1111/671
f 741/1068/653 650/974/660 680/1005/678 765/1093/681
f 760/1088/643 742/1069/665 766/1094/679 784/1113/682
f 759/1087/666 763/1091/646 787/1116/683 783/1112/680
f 553/872/655 748/1076/654 772/1100/684 725/1051/685
f 748/1076/654 701/1027/661 631/954/676 772/1100/684
f 761/1089/644 760/1088/643 784/1113/682 785/1114/686
f 763/1091/646 708/1034/645 577/897/687 787/1116/683
f 600/921/651 750/1078/658 774/1103/674 722/1048/688
f 762/1090/647 761/1089/644 785/1114/686 786/1115/675
f 708/1034/645 740/1067/650 764/1092/689 577/897/687
f 655/979/649 757/1085/648 781/1110/672 675/999/667
f 704/1030/652 600/921/651 722/1048/688 624/946/690
f 740/1067/650 741/1068/653 765/1093/681 764/1092/689
f 755/1083/656 553/873/655 725/1052/685 779/1108/677
f 436/749/657 743/1070/664 767/1095/668 732/1059/673
f 705/1031/659 704/1030/652 624/946/690 586/907/669
f 772/1100/684 631/954/676 749/1077/691 796/1126/692
f 785/1114/686 784/1113/682 808/1138/693 809/1139/694
f 787/1116/683 577/897/687 756/1084/695 811/1141/696
f 675/999/667 781/1110/672 805/1135/697 703/1029/698
f 786/1115/675 785/1114/686 809/1139/694 810/1140/699
f 577/897/687 764/1092/689 788/1117/700 756/1084/695
f 624/946/690 722/1048/688 648/971/701 752/1080/702
f 764/1092/689 765/1093/681 789/1118/703 788/1117/700
f 725/1051/685 772/1100/684 796/1126/692 601/922/704
f 774/1103/674 732/1059/673 440/754/705 798/1128/706
f 779/1108/677 725/1052/685 601/923/704 803/1133/707
f 586/907/669 624/946/690 752/1080/702 753/1081/708
f 722/1048/688 774/1103/674 798/1128/706 648/971/701
f 765/1093/681 680/1005/678 698/1024/709 789/1118/703
f 585/906/670 586/907/669 753/1081/708 754/1082/710
f 781/1110/672 782/1111/671 806/1136/711 805/1135/697
f 732/1059/673 767/1095/668 791/1120/712 440/754/705
f 631/954/676 786/1115/675 810/1140/699 749/1077/691
f 766/1094/679 585/906/670 754/1082/710 790/1119/713
f 782/1111/671 783/1112/680 807/1137/714 806/1136/711
f 767/1095/668 675/999/667 703/1029/698 791/1120/712
f 680/1005/678 779/1108/677 803/1133/707 698/1024/709
f 784/1113/682 766/1094/679 790/1119/713 808/1138/693
f 783/1112/680 787/1116/683 811/1141/696 807/1137/714
f 753/1081/708 752/1080/702 672/996/715 634/957/716
f 791/1120/712 703/1029/698 723/1049/717 815/1145/718
f 754/1082/710 753/1081/708 634/957/716 633/956/719
f 805/1135/697 806/1136/711 830/1161/720 829/1160/721
f 798/1128/706 440/754/705 780/1109/722 822/1153/723
f 749/1077/691 810/1140/699 834/1165/724 679/1004/725
f 698/1024/709 803/1133/707 827/1158/726 728/1055/727
f 790/1119/713 754/1082/710 633/956/719 814/1144/728
f 806/1136/711 807/1137/714 831/1162/729 830/1161/720
f 789/1118/703 698/1024/709 728/1055/727 813/1143/730
f 440/754/705 791/1120/712 815/1145/718 780/1109/722
f 808/1138/693 790/1119/713 814/1144/728 832/1163/731
f 807/1137/714 811/1141/696 835/1166/732 831/1162/729
f 796/1126/692 749/1077/691 679/1004/725 820/1150/733
f 601/922/704 796/1126/692 820/1150/733 773/1101/734
f 809/1139/694 808/1138/693 832/1163/731 833/1164/735
f 811/1141/696 756/1084/695 625/947/736 835/1166/732
f 648/971/701 798/1128/706 822/1153/723 770/1098/737
f 810/1140/699 809/1139/694 833/1164/735 834/1165/724
f 756/1084/695 788/1117/700 812/1142/738 625/947/736
f 703/1029/698 805/1135/697 829/1160/721 723/1049/717
f 752/1080/702 648/971/701 770/1098/737 672/996/715
f 788/1117/700 789/1118/703 813/1143/730 812/1142/738
f 803/1133/707 601/923/704 773/1102/734 827/1158/726
f 833/1164/735 832/1163/731 856/1188/739 857/1189/740
f 830/1161/720 831/1162/729 855/1187/741 854/1186/742
f 723/1049/717 829/1160/721 853/1185/743 751/1079/744
f 834/1165/724 833/1164/735 857/1189/740 858/1190/745
f 672/996/715 770/1098/737 696/1021/746 800/1130/747
f 831/1162/729 835/1166/732 859/1191/748 855/1187/741
f 773/1101/734 820/1150/733 844/1176/749 649/973/750
f 835/1166/732 625/947/736 804/1134/751 859/1191/748
f 827/1158/726 773/1102/734 649/972/750 851/1183/752
f 634/957/716 672/996/715 800/1130/747 801/1131/753
f 625/947/736 812/1142/738 836/1167/754 804/1134/751
f 770/1098/737 822/1153/723 846/1178/755 696/1021/746
f 813/1143/730 728/1055/727 746/1074/756 837/1168/757
f 633/956/719 634/957/716 801/1131/753 802/1132/758
f 812/1142/738 813/1143/730 837/1168/757 836/1167/754
f 780/1109/722 815/1145/718 839/1170/759 445/760/760
f 822/1153/723 780/1109/722 445/760/760 846/1178/755
f 679/1004/725 834/1165/724 858/1190/745 797/1127/761
f 814/1144/728 633/956/719 802/1132/758 838/1169/762
f 815/1145/718 723/1049/717 751/1079/744 839/1170/759
f 820/1150/733 679/1004/725 797/1127/761 844/1176/749
f 728/1055/727 827/1158/726 851/1183/752 746/1074/756
f 832/1163/731 814/1144/728 838/1169/762 856/1188/739
f 829/1160/721 830/1161/720 854/1186/742 853/1185/743
f 858/1190/745 857/1189/740 881/1214/763 882/1215/764
f 804/1134/751 836/1167/754 860/1192/765 673/997/766
f 839/1170/759 751/1079/744 771/1099/767 863/1195/768
f 836/1167/754 837/1168/757 861/1193/769 860/1192/765
f 797/1127/761 858/1190/745 882/1215/764 727/1054/770
f 846/1178/755 445/760/760 828/1159/771 870/1203/772
f 746/1074/756 851/1183/752 875/1208/773 776/1105/774
f 851/1183/752 649/972/750 821/1152/775 875/1208/773
f 837/1168/757 746/1074/756 776/1105/774 861/1193/769
f 801/1131/753 800/1130/747 720/1046/776 682/1007/777
f 844/1176/749 797/1127/761 727/1054/770 868/1200/778
f 649/973/750 844/1176/749 868/1200/778 821/1151/775
f 802/1132/758 801/1131/753 682/1007/777 681/1006/779
f 853/1185/743 854/1186/742 878/1211/780 877/1210/781
f 696/1021/746 846/1178/755 870/1203/772 818/1148/782
f 838/1169/762 802/1132/758 681/1006/779 862/1194/783
f 854/1186/742 855/1187/741 879/1212/784 878/1211/780
f 445/760/760 839/1170/759 863/1195/768 828/1159/771
f 751/1079/744 853/1185/743 877/1210/781 771/1099/767
f 856/1188/739 838/1169/762 862/1194/783 880/1213/785
f 855/1187/741 859/1191/748 883/1216/786 879/1212/784
f 800/1130/747 696/1021/746 818/1148/782 720/1046/776
f 857/1189/740 856/1188/739 880/1213/785 881/1214/763
f 859/1191/748 804/1134/751 673/997/766 883/1216/786
f 681/1006/779 682/1007/777 849/1181/787 850/1182/788
f 877/1210/781 878/1211/780 902/1236/789 901/1235/790
f 862/1194/783 681/1006/779 850/1182/788 886/1219/791
f 878/1211/780 879/1212/784 903/1237/792 902/1236/789
f 771/1099/767 877/1210/781 901/1235/790 799/1129/793
f 720/1046/776 818/1148/782 744/1071/794 848/1180/795
f 880/1213/785 862/1194/783 886/1219/791 904/1238/796
f 879/1212/784 883/1216/786 907/1241/797 903/1237/792
f 821/1151/775 868/1200/778 892/1226/798 697/1023/799
f 881/1214/763 880/1213/785 904/1238/796 905/1239/800
f 883/1216/786 673/997/766 852/1184/801 907/1241/797
f 882/1215/764 881/1214/763 905/1239/800 906/1240/802
f 673/997/766 860/1192/765 884/1217/803 852/1184/801
f 818/1148/782 870/1203/772 894/1228/804 744/1071/794
f 861/1193/769 776/1105/774 794/1124/805 885/1218/806
f 870/1203/772 828/1159/771 459/775/807 894/1228/804
f 860/1192/765 861/1193/769 885/1218/806 884/1217/803
f 828/1159/771 863/1195/768 887/1220/808 459/775/807
f 727/1054/770 882/1215/764 906/1240/802 845/1177/809
f 875/1208/773 821/1152/775 697/1022/799 899/1233/810
f 682/1007/777 720/1046/776 848/1180/795 849/1181/787
f 863/1195/768 771/1099/767 799/1129/793 887/1220/808
f 776/1105/774 875/1208/773 899/1233/810 794/1124/805
f 868/1200/778 727/1054/770 845/1177/809 892/1226/798
f 906/1240/802 905/1239/800 929/1264/811 930/1265/812
f 852/1184/801 884/1217/803 908/1242/813 721/1047/814
f 884/1217/803 885/1218/806 909/1243/815 908/1242/813
f 845/1177/809 906/1240/802 930/1265/812 775/1104/816
f 794/1124/805 899/1233/810 923/1258/817 824/1155/818
f 899/1233/810 697/1022/799 869/1202/819 923/1258/817
f 849/1181/787 848/1180/795 768/1096/820 730/1057/821
f 887/1220/808 799/1129/793 819/1149/822 911/1245/823
f 697/1023/799 892/1226/798 916/1250/824 869/1201/819
f 850/1182/788 849/1181/787 730/1057/821 729/1056/825
f 901/1235/790 902/1236/789 926/1261/826 925/1260/827
f 894/1228/804 459/775/807 876/1209/828 918/1253/829
f 744/1071/794 894/1228/804 918/1253/829 866/1198/830
f 886/1219/791 850/1182/788 729/1056/825 910/1244/831
f 902/1236/789 903/1237/792 927/1262/832 926/1261/826
f 885/1218/806 794/1124/805 824/1155/818 909/1243/815
f 799/1129/793 901/1235/790 925/1260/827 819/1149/822
f 459/775/807 887/1220/808 911/1245/823 876/1209/828
f 904/1238/796 886/1219/791 910/1244/831 928/1263/833
f 903/1237/792 907/1241/797 931/1266/834 927/1262/832
f 892/1226/798 845/1177/809 775/1104/816 916/1250/824
f 848/1180/795 744/1071/794 866/1198/830 768/1096/820
f 905/1239/800 904/1238/796 928/1263/833 929/1264/811
f 907/1241/797 852/1184/801 721/1047/814 931/1266/834
f 729/1056/825 730/1057/821 897/1231/835 898/1232/836
f 925/1260/827 926/1261/826 950/1286/837 949/1285/838
f 876/1209/828 911/1245/823 935/1270/839 507/825/840
f 910/1244/831 729/1056/825 898/1232/836 934/1269/841
f 926/1261/826 927/1262/832 951/1287/842 950/1286/837
f 819/1149/822 925/1260/827 949/1285/838 847/1179/843
f 768/1096/820 866/1198/830 792/1121/844 896/1230/845
f 928/1263/833 910/1244/831 934/1269/841 952/1288/846
f 927/1262/832 931/1266/834 955/1291/847 951/1287/842
f 929/1264/811 928/1263/833 952/1288/846 953/1289/848
f 931/1266/834 721/1047/814 900/1234/849 955/1291/847
f 930/1265/812 929/1264/811 953/1289/848 954/1290/850
f 721/1047/814 908/1242/813 932/1267/851 900/1234/849
f 909/1243/815 824/1155/818 842/1174/852 933/1268/853
f 918/1253/829 876/1209/828 507/825/840 942/1278/854
f 908/1242/813 909/1243/815 933/1268/853 932/1267/851
f 869/1201/819 916/1250/824 940/1276/855 745/1073/856
f 775/1104/816 930/1265/812 954/1290/850 893/1227/857
f 923/1258/817 869/1202/819 745/1072/856 947/1283/858
f 730/1057/821 768/1096/820 896/1230/845 897/1231/835
f 866/1198/830 918/1253/829 942/1278/854 792/1121/844
f 911/1245/823 819/1149/822 847/1179/843 935/1270/839
f 824/1155/818 923/1258/817 947/1283/858 842/1174/852
f 916/1250/824 775/1104/816 893/1227/857 940/1276/855
f 954/1290/850 953/1289/848 977/1314/859 978/1315/860
f 900/1234/849 932/1267/851 956/1292/861 769/1097/862
f 896/1230/845 792/1121/844 914/1248/863 816/1146/864
f 932/1267/851 933/1268/853 957/1293/865 956/1292/861
f 507/825/840 935/1270/839 959/1295/866 924/1259/867
f 842/1174/852 947/1283/858 971/1308/868 872/1205/869
f 947/1283/858 745/1072/856 917/1252/870 971/1308/868
f 897/1231/835 896/1230/845 816/1146/864 778/1107/871
f 935/1270/839 847/1179/843 867/1199/872 959/1295/866
f 745/1073/856 940/1276/855 964/1300/873 917/1251/870
f 898/1232/836 897/1231/835 778/1107/871 777/1106/874
f 949/1285/838 950/1286/837 974/1311/875 973/1310/876
f 942/1278/854 507/825/840 924/1259/867 966/1303/877
f 893/1227/857 954/1290/850 978/1315/860 823/1154/878
f 792/1121/844 942/1278/854 966/1303/877 914/1248/863
f 934/1269/841 898/1232/836 777/1106/874 958/1294/879
f 950/1286/837 951/1287/842 975/1312/880 974/1311/875
f 933/1268/853 842/1174/852 872/1205/869 957/1293/865
f 847/1179/843 949/1285/838 973/1310/876 867/1199/872
f 952/1288/846 934/1269/841 958/1294/879 976/1313/881
f 951/1287/842 955/1291/847 979/1316/882 975/1312/880
f 940/1276/855 893/1227/857 823/1154/878 964/1300/873
f 953/1289/848 952/1288/846 976/1313/881 977/1314/859
f 955/1291/847 900/1234/849 769/1097/862 979/1316/882
f 964/1300/873 823/1154/878 941/1277/883 988/1326/884
f 777/1106/874 778/1107/871 945/1281/885 946/1282/886
f 973/1310/876 974/1311/875 998/1336/887 997/1335/888
f 924/1259/867 959/1295/866 983/1320/889 555/875/890
f 958/1294/879 777/1106/874 946/1282/886 982/1319/891
f 974/1311/875 975/1312/880 999/1337/892 998/1336/887
f 816/1146/864 914/1248/863 840/1171/893 944/1280/894
f 872/1205/869 971/1308/868 995/1333/895 890/1224/896
f 976/1313/881 958/1294/879 982/1319/891 1000/1338/897
f 975/1312/880 979/1316/882 1003/1341/898 999/1337/892
f 977/1314/859 976/1313/881 1000/1338/897 1001/1339/899
f 979/1316/882 769/1097/862 948/1284/900 1003/1341/898
f 867/1199/872 973/1310/876 997/1335/888 895/1229/901
f 978/1315/860 977/1314/859 1001/1339/899 1002/1340/902
f 769/1097/862 956/1292/861 980/1317/903 948/1284/900
f 957/1293/865 872/1205/869 890/1224/896 981/1318/904
f 966/1303/877 924/1259/867 555/875/890 990/1328/905
f 956/1292/861 957/1293/865 981/1318/904 980/1317/903
f 917/1251/870 964/1300/873 988/1326/884 793/1123/906
f 823/1154/878 978/1315/860 1002/1340/902 941/1277/883
f 971/1308/868 917/1252/870 793/1122/906 995/1333/895
f 778/1107/871 816/1146/864 944/1280/894 945/1281/885
f 914/1248/863 966/1303/877 990/1328/905 840/1171/893
f 959/1295/866 867/1199/872 895/1229/901 983/1320/889
f 1002/1340/902 1001/1339/899 1025/1364/907 1026/1365/908
f 948/1284/900 980/1317/903 1004/1342/909 817/1147/910
f 895/1229/901 997/1335/888 1021/1360/911 915/1249/912
f 944/1280/894 840/1171/893 962/1298/913 864/1196/914
f 980/1317/903 981/1318/904 1005/1343/915 1004/1342/909
f 555/875/890 983/1320/889 1007/1345/916 972/1309/917
f 890/1224/896 995/1333/895 1019/1358/918 920/1255/919
f 995/1333/895 793/1122/906 965/1302/920 1019/1358/918
f 945/1281/885 944/1280/894 864/1196/914 826/1157/921
f 983/1320/889 895/1229/901 915/1249/912 1007/1345/916
f 793/1123/906 988/1326/884 1012/1350/922 965/1301/920
f 946/1282/886 945/1281/885 826/1157/921 825/1156/923
f 997/1335/888 998/1336/887 1022/1361/924 1021/1360/911
f 990/1328/905 555/875/890 972/1309/917 1014/1353/925
f 941/1277/883 1002/1340/902 1026/1365/908 871/1204/926
f 840/1171/893 990/1328/905 1014/1353/925 962/1298/913
f 982/1319/891 946/1282/886 825/1156/923 1006/1344/927
f 998/1336/887 999/1337/892 1023/1362/928 1022/1361/924
f 981/1318/904 890/1224/896 920/1255/919 1005/1343/915
f 1000/1338/897 982/1319/891 1006/1344/927 1024/1363/929
f 999/1337/892 1003/1341/898 1027/1366/930 1023/1362/928
f 988/1326/884 941/1277/883 871/1204/926 1012/1350/922
f 1001/1339/899 1000/1338/897 1024/1363/929 1025/1364/907
f 1003/1341/898 948/1284/900 817/1147/910 1027/1366/930
f 962/1298/913 1014/1353/925 1038/1378/931 888/1221/932
f 1007/1345/916 915/1249/912 943/1279/933 1031/1370/934
f 1012/1350/922 871/1204/926 989/1327/935 1036/1376/936
f 825/1156/923 826/1157/921 993/1331/937 994/1332/938
f 1021/1360/911 1022/1361/924 1046/1386/939 1045/1385/940
f 972/1309/917 1007/1345/916 1031/1370/934 603/925/941
f 871/1204/926 1026/1365/908 1050/1390/942 989/1327/935
f 1006/1344/927 825/1156/923 994/1332/938 1030/1369/943
f 1022/1361/924 1023/1362/928 1047/1387/944 1046/1386/939
f 920/1255/919 1019/1358/918 1043/1383/945 938/1274/946
f 1024/1363/929 1006/1344/927 1030/1369/943 1048/1388/947
f 1023/1362/928 1027/1366/930 1051/1391/948 1047/1387/944
f 1025/1364/907 1024/1363/929 1048/1388/947 1049/1389/949
f 1027/1366/930 817/1147/910 996/1334/950 1051/1391/948
f 915/1249/912 1021/1360/911 1045/1385/940 943/1279/933
f 1026/1365/908 1025/1364/907 1049/1389/949 1050/1390/942
f 817/1147/910 1004/1342/909 1028/1367/951 996/1334/950
f 864/1196/914 962/1298/913 888/1221/932 992/1330/952
f 1005/1343/915 920/1255/919 938/1274/946 1029/1368/953
f 1014/1353/925 972/1309/917 603/925/941 1038/1378/931
f 1004/1342/909 1005/1343/915 1029/1368/953 1028/1367/951
f 965/1301/920 1012/1350/922 1036/1376/936 841/1173/954
f 1019/1358/918 965/1302/920 841/1172/954 1043/1383/945
f 826/1157/921 864/1196/914 992/1330/952 993/1331/937
f 1049/1389/949 1048/1388/947 1069/1410/955 1070/1411/956
f 1051/1391/948 996/1334/950 865/1197/957 1072/1413/958
f 1050/1390/942 1049/1389/949 1070/1411/956 1071/1412/959
f 996/1334/950 1028/1367/951 1052/1392/960 865/1197/957
f 943/1279/933 1045/1385/940 1066/1407/961 963/1299/962
f 992/1330/952 888/1221/932 1010/1348/963 912/1246/964
f 1028/1367/951 1029/1368/953 1053/1393/965 1052/1392/960
f 603/925/941 1031/1370/934 1055/1395/966 1020/1359/967
f 1043/1383/945 841/1172/954 1013/1352/968 1064/1405/969
f 993/1331/937 992/1330/952 912/1246/964 874/1207/970
f 1031/1370/934 943/1279/933 963/1299/962 1055/1395/966
f 841/1173/954 1036/1376/936 1059/1399/971 1013/1351/968
f 994/1332/938 993/1331/937 874/1207/970 873/1206/972
f 1045/1385/940 1046/1386/939 1067/1408/973 1066/1407/961
f 989/1327/935 1050/1390/942 1071/1412/959 919/1254/974
f 1038/1378/931 603/925/941 1020/1359/967 1061/1402/975
f 938/1274/946 1043/1383/945 1064/1405/969 968/1305/976
f 888/1221/932 1038/1378/931 1061/1402/975 1010/1348/963
f 1030/1369/943 994/1332/938 873/1206/972 1054/1394/977
f 1046/1386/939 1047/1387/944 1068/1409/978 1067/1408/973
f 1029/1368/953 938/1274/946 968/1305/976 1053/1393/965
f 1048/1388/947 1030/1369/943 1054/1394/977 1069/1410/955
f 1047/1387/944 1051/1391/948 1072/1413/958 1068/1409/978
f 1036/1376/936 989/1327/935 919/1254/974 1059/1399/971
f 1010/1348/963 1061/1402/975 1083/1424/979 936/1271/980
f 1059/1399/971 919/1254/974 1037/1377/981 1081/1422/982
f 1053/1393/965 968/1305/976 986/1324/983 1074/1415/984
f 873/1206/972 874/1207/970 1041/1381/985 1042/1382/986
f 1066/1407/961 1067/1408/973 1091/1432/987 1090/1431/988
f 1020/1359/967 1055/1395/966 1076/1417/989 651/975/990
f 919/1254/974 1071/1412/959 1095/1436/991 1037/1377/981
f 1054/1394/977 873/1206/972 1042/1382/986 1075/1416/992
f 1067/1408/973 1068/1409/978 1092/1433/993 1091/1432/987
f 1055/1395/966 963/1299/962 991/1329/994 1076/1417/989
f 968/1305/976 1064/1405/969 1088/1429/995 986/1324/983
f 1069/1410/955 1054/1394/977 1075/1416/992 1093/1434/996
f 1068/1409/978 1072/1413/958 1096/1437/997 1092/1433/993
f 1070/1411/956 1069/1410/955 1093/1434/996 1094/1435/998
f 1072/1413/958 865/1197/957 1044/1384/999 1096/1437/997
f 963/1299/962 1066/1407/961 1090/1431/988 991/1329/994
f 1071/1412/959 1070/1411/956 1094/1435/998 1095/1436/991
f 865/1197/957 1052/1392/960 1073/1414/1000 1044/1384/999
f 912/1246/964 1010/1348/963 936/1271/980 1040/1380/1001
f 1061/1402/975 1020/1359/967 651/975/990 1083/1424/979
f 1052/1392/960 1053/1393/965 1074/1415/984 1073/1414/1000
f 1013/1351/968 1059/1399/971 1081/1422/982 889/1223/1002
f 1064/1405/969 1013/1352/968 889/1222/1002 1088/1429/995
f 874/1207/970 912/1246/964 1040/1380/1001 1041/1381/985
f 1094/1435/998 1093/1434/996 1112/1454/1003 1113/1455/1004
f 1096/1437/997 1044/1384/999 913/1247/1005 1115/1457/1006
f 936/1271/980 1083/1424/979 1105/1447/1007 1057/1397/1008
f 1095/1436/991 1094/1435/998 1113/1455/1004 1114/1456/1009
f 1044/1384/999 1073/1414/1000 1097/1438/1010 913/1247/1005
f 991/1329/994 1090/1431/988 1109/1451/1011 1011/1349/1012
f 1040/1380/1001 936/1271/980 1057/1397/1008 960/1296/1013
f 1073/1414/1000 1074/1415/984 1098/1439/1014 1097/1438/1010
f 651/975/990 1076/1417/989 1100/1441/1015 1065/1406/1016
f 1088/1429/995 889/1222/1002 1060/1401/1017 1107/1449/1018
f 1041/1381/985 1040/1380/1001 960/1296/1013 922/1257/1019
f 1076/1417/989 991/1329/994 1011/1349/1012 1100/1441/1015
f 889/1223/1002 1081/1422/982 1103/1444/1020 1060/1400/1017
f 1042/1382/986 1041/1381/985 922/1257/1019 921/1256/1021
f 1090/1431/988 1091/1432/987 1110/1452/1022 1109/1451/1011
f 1083/1424/979 651/975/990 1065/1406/1016 1105/1447/1007
f 1037/1377/981 1095/1436/991 1114/1456/1009 967/1304/1023
f 986/1324/983 1088/1429/995 1107/1449/1018 1016/1355/1024
f 1075/1416/992 1042/1382/986 921/1256/1021 1099/1440/1025
f 1091/1432/987 1092/1433/993 1111/1453/1026 1110/1452/1022
f 1074/1415/984 986/1324/983 1016/1355/1024 1098/1439/1014
f 1093/1434/996 1075/1416/992 1099/1440/1025 1112/1454/1003
f 1092/1433/993 1096/1437/997 1115/1457/1006 1111/1453/1026
f 1081/1422/982 1037/1377/981 967/1304/1023 1103/1444/1020
f 922/1257/1019 960/1296/1013 1085/1426/1027 1086/1427/1028
f 1057/1397/1008 1105/1447/1007 1126/1468/1029 984/1321/1030
f 1103/1444/1020 967/1304/1023 1082/1423/1031 1124/1466/1032
f 1098/1439/1014 1016/1355/1024 1034/1374/1033 1117/1459/1034
f 921/1256/1021 922/1257/1019 1086/1427/1028 1087/1428/1035
f 1109/1451/1011 1110/1452/1022 1134/1476/1036 1133/1475/1037
f 1065/1406/1016 1100/1441/1015 1119/1461/1038 699/1025/1039
f 967/1304/1023 1114/1456/1009 1138/1480/1040 1082/1423/1031
f 1099/1440/1025 921/1256/1021 1087/1428/1035 1118/1460/1041
f 1110/1452/1022 1111/1453/1026 1135/1477/1042 1134/1476/1036
f 1100/1441/1015 1011/1349/1012 1039/1379/1043 1119/1461/1038
f 1016/1355/1024 1107/1449/1018 1131/1473/1044 1034/1374/1033
f 1112/1454/1003 1099/1440/1025 1118/1460/1041 1136/1478/1045
f 1111/1453/1026 1115/1457/1006 1139/1481/1046 1135/1477/1042
f 1113/1455/1004 1112/1454/1003 1136/1478/1045 1137/1479/1047
f 1115/1457/1006 913/1247/1005 1089/1430/1048 1139/1481/1046
f 1114/1456/1009 1113/1455/1004 1137/1479/1047 1138/1480/1040
f 1011/1349/1012 1109/1451/1011 1133/1475/1037 1039/1379/1043
f 913/1247/1005 1097/1438/1010 1116/1458/1049 1089/1430/1048
f 960/1296/1013 1057/1397/1008 984/1321/1030 1085/1426/1027
f 1105/1447/1007 1065/1406/1016 699/1025/1039 1126/1468/1029
f 1097/1438/1010 1098/1439/1014 1117/1459/1034 1116/1458/1049
f 1060/1400/1017 1103/1444/1020 1124/1466/1032 937/1273/1050
f 1107/1449/1018 1060/1401/1017 937/1272/1050 1131/1473/1044
f 1137/1479/1047 1136/1478/1045 1153/1496/1051 1154/1497/1052
f 1139/1481/1046 1089/1430/1048 961/1297/1053 1156/1499/1054
f 984/1321/1030 1126/1468/1029 1147/1490/1055 1101/1442/1056
f 1138/1480/1040 1137/1479/1047 1154/1497/1052 1155/1498/1057
f 1089/1430/1048 1116/1458/1049 1140/1482/1058 961/1297/1053
f 1039/1379/1043 1133/1475/1037 1150/1493/1059 1058/1398/1060
f 1085/1426/1027 984/1321/1030 1101/1442/1056 1008/1346/1061
f 1116/1458/1049 1117/1459/1034 1141/1483/1062 1140/1482/1058
f 699/1025/1039 1119/1461/1038 1143/1485/1063 1108/1450/1064
f 1131/1473/1044 937/1272/1050 1104/1446/1065 1148/1491/1066
f 1086/1427/1028 1085/1426/1027 1008/1346/1061 970/1307/1067
f 1119/1461/1038 1039/1379/1043 1058/1398/1060 1143/1485/1063
f 1087/1428/1035 1086/1427/1028 970/1307/1067 969/1306/1068
f 1133/1475/1037 1134/1476/1036 1151/1494/1069 1150/1493/1059
f 1126/1468/1029 699/1025/1039 1108/1450/1064 1147/1490/1055
f 1082/1423/1031 1138/1480/1040 1155/1498/1057 1015/1354/1070
f 1034/1374/1033 1131/1473/1044 1148/1491/1066 1063/1404/1071
f 1118/1460/1041 1087/1428/1035 969/1306/1068 1142/1484/1072
f 1134/1476/1036 1135/1477/1042 1152/1495/1073 1151/1494/1069
f 1117/1459/1034 1034/1374/1033 1063/1404/1071 1141/1483/1062
f 1136/1478/1045 1118/1460/1041 1142/1484/1072 1153/1496/1051
f 1135/1477/1042 1139/1481/1046 1156/1499/1054 1152/1495/1073
f 937/1273/1050 1124/1466/1032 1145/1487/1074 1104/1445/1065
f 1124/1466/1032 1082/1423/1031 1015/1354/1070 1145/1487/1074
f 970/1307/1067 1008/1346/1061 1128/1470/1075 1129/1471/1076
f 1101/1442/1056 1147/1490/1055 1167/1510/1077 1032/1371/1078
f 1145/1487/1074 1015/1354/1070 1125/1467/1079 1165/1508/1080
f 1141/1483/1062 1063/1404/1071 1079/1420/1081 1158/1501/1082
f 969/1306/1068 970/1307/1067 1129/1471/1076 1130/1472/1083
f 1150/1493/1059 1151/1494/1069 1175/1518/1084 1174/1517/1085
f 1108/1450/1064 1143/1485/1063 1160/1503/1086 747/1075/1087
f 1015/1354/1070 1155/1498/1057 1179/1522/1088 1125/1467/1079
f 1142/1484/1072 969/1306/1068 1130/1472/1083 1159/1502/1089
f 1151/1494/1069 1152/1495/1073 1176/1519/1090 1175/1518/1084
f 1143/1485/1063 1058/1398/1060 1084/1425/1091 1160/1503/1086
f 1063/1404/1071 1148/1491/1066 1172/1515/1092 1079/1420/1081
f 1153/1496/1051 1142/1484/1072 1159/1502/1089 1177/1520/1093
f 1152/1495/1073 1156/1499/1054 1180/1523/1094 1176/1519/1090
f 1154/1497/1052 1153/1496/1051 1177/1520/1093 1178/1521/1095
f 1156/1499/1054 961/1297/1053 1132/1474/1096 1180/1523/1094
f 1058/1398/1060 1150/1493/1059 1174/1517/1085 1084/1425/1091
f 1155/1498/1057 1154/1497/1052 1178/1521/1095 1179/1522/1088
f 961/1297/1053 1140/1482/1058 1157/1500/1097 1132/1474/1096
f 1008/1346/1061 1101/1442/1056 1032/1371/1078 1128/1470/1075
f 1147/1490/1055 1108/1450/1064 747/1075/1087 1167/1510/1077
f 1140/1482/1058 1141/1483/1062 1158/1501/1082 1157/1500/1097
f 1104/1445/1065 1145/1487/1074 1165/1508/1080 985/1323/1098
f 1148/1491/1066 1104/1446/1065 985/1322/1098 1172/1515/1092
f 1178/1521/1095 1177/1520/1093 1191/1534/1099 1192/1535/1100
f 1180/1523/1094 1132/1474/1096 1009/1347/1101 1194/1537/1102
f 1032/1371/1078 1167/1510/1077 1186/1529/1103 1144/1486/1104
f 1179/1522/1088 1178/1521/1095 1192/1535/1100 1193/1536/1105
f 1132/1474/1096 1157/1500/1097 1181/1524/1106 1009/1347/1101
f 1084/1425/1091 1174/1517/1085 1188/1531/1107 1102/1443/1108
f 1128/1470/1075 1032/1371/1078 1144/1486/1104 1056/1396/1109
f 1157/1500/1097 1158/1501/1082 1182/1525/1110 1181/1524/1106
f 747/1075/1087 1160/1503/1086 1184/1527/1111 1149/1492/1112
f 1172/1515/1092 985/1322/1098 1146/1488/1113 1187/1530/1114
f 1129/1471/1076 1128/1470/1075 1056/1396/1109 1018/1357/1115
f 1160/1503/1086 1084/1425/1091 1102/1443/1108 1184/1527/1111
f 1130/1472/1083 1129/1471/1076 1018/1357/1115 1017/1356/1116
f 1174/1517/1085 1175/1518/1084 1189/1532/1117 1188/1531/1107
f 1167/1510/1077 747/1075/1087 1149/1492/1112 1186/1529/1103
f 1125/1467/1079 1179/1522/1088 1193/1536/1105 1062/1403/1118
f 1079/1420/1081 1172/1515/1092 1187/1530/1114 1106/1448/1119
f 1159/1502/1089 1130/1472/1083 1017/1356/1116 1183/1526/1120
f 1175/1518/1084 1176/1519/1090 1190/1533/1121 1189/1532/1117
f 1158/1501/1082 1079/1420/1081 1106/1448/1119 1182/1525/1110
f 1177/1520/1093 1159/1502/1089 1183/1526/1120 1191/1534/1099
f 1176/1519/1090 1180/1523/1094 1194/1537/1102 1190/1533/1121
f 985/1323/1098 1165/1508/1080 1185/1528/1122 1146/1489/1113
f 1165/1508/1080 1125/1467/1079 1062/1403/1118 1185/1528/1122
f 1187/1530/1114 1146/1488/1113 1033/1372/1123 1210/1554/1124
f 1018/1357/1115 1056/1396/1109 1169/1512/1125 1170/1513/1126
f 1144/1486/1104 1186/1529/1103 1205/1549/1127 1077/1418/1128
f 1182/1525/1110 1106/1448/1119 1122/1464/1129 1196/1539/1130
f 1017/1356/1116 1018/1357/1115 1170/1513/1126 1171/1514/1131
f 1188/1531/1107 1189/1532/1117 1213/1557/1132 1212/1556/1133
f 1149/1492/1112 1184/1527/1111 1198/1541/1134 795/1125/1135
f 1062/1403/1118 1193/1536/1105 1217/1561/1136 1166/1509/1137
f 1183/1526/1120 1017/1356/1116 1171/1514/1131 1197/1540/1138
f 1189/1532/1117 1190/1533/1121 1214/1558/1139 1213/1557/1132
f 1184/1527/1111 1102/1443/1108 1127/1469/1140 1198/1541/1134
f 1185/1528/1122 1062/1403/1118 1166/1509/1137 1203/1546/1141
f 1106/1448/1119 1187/1530/1114 1210/1554/1124 1122/1464/1129
f 1191/1534/1099 1183/1526/1120 1197/1540/1138 1215/1559/1142
f 1190/1533/1121 1194/1537/1102 1218/1562/1143 1214/1558/1139
f 1192/1535/1100 1191/1534/1099 1215/1559/1142 1216/1560/1144
f 1194/1537/1102 1009/1347/1101 1173/1516/1145 1218/1562/1143
f 1102/1443/1108 1188/1531/1107 1212/1556/1133 1127/1469/1140
f 1193/1536/1105 1192/1535/1100 1216/1560/1144 1217/1561/1136
f 1009/1347/1101 1181/1524/1106 1195/1538/1146 1173/1516/1145
f 1056/1396/1109 1144/1486/1104 1077/1418/1128 1169/1512/1125
f 1186/1529/1103 1149/1492/1112 795/1125/1135 1205/1549/1127
f 1181/1524/1106 1182/1525/1110 1196/1539/1130 1195/1538/1146
f 1146/1489/1113 1185/1528/1122 1203/1546/1141 1033/1373/1123
f 1197/1540/1138 1171/1514/1131 1242/1591/1147 1246/1595/1148
f 1213/1557/1132 1214/1558/1139 1263/1614/1149 1262/1613/1150
f 1122/1464/1129 1210/1554/1124 1259/1610/1151 1231/1578/1152
f 1127/1469/1140 1212/1556/1133 1261/1612/1153 1233/1580/1154
f 795/1125/1135 1198/1541/1134 1247/1596/1155 1219/1563/1156
f 1077/1418/1128 1205/1549/1127 1254/1605/1157 1226/1571/1158
f 1215/1559/1142 1197/1540/1138 1246/1595/1148 1264/1615/1159
f 1214/1558/1139 1218/1562/1143 1267/1618/1160 1263/1614/1149
f 1216/1560/1144 1215/1559/1142 1264/1615/1159 1265/1616/1161
f 1218/1562/1143 1173/1516/1145 1243/1592/1162 1267/1618/1160
f 1198/1541/1134 1127/1469/1140 1233/1580/1154 1247/1596/1155
f 1166/1509/1137 1217/1561/1136 1266/1617/1163 1238/1587/1164
f 1205/1549/1127 795/1125/1135 1219/1563/1156 1254/1605/1157
f 1217/1561/1136 1216/1560/1144 1265/1616/1161 1266/1617/1163
f 1173/1516/1145 1195/1538/1146 1244/1593/1165 1243/1592/1162
f 1195/1538/1146 1196/1539/1130 1245/1594/1166 1244/1593/1165
f 1196/1539/1130 1122/1464/1129 1231/1578/1152 1245/1594/1166
f 1210/1554/1124 1033/1372/1123 1224/1569/1167 1259/1610/1151
f 1203/1546/1141 1166/1509/1137 1238/1587/1164 1252/1603/1168
f 1033/1373/1123 1203/1546/1141 1252/1603/1168 1224/1568/1167
f 1170/1513/1126 1169/1512/1125 1240/1589/1169 1241/1590/1170
f 1171/1514/1131 1170/1513/1126 1241/1590/1170 1242/1591/1147
f 1212/1556/1133 1213/1557/1132 1262/1613/1150 1261/1612/1153
f 1169/1512/1125 1077/1418/1128 1226/1571/1158 1240/1589/1169
f 1459/1815/1171 1460/1816/1172 1386/1741/1173 1385/1740/246
f 1385/1740/246 1386/1741/1173 1474/1830/1174 1473/1829/246
f 1473/1829/246 1474/1830/1174 1297/1650/1175 1251/1602/246
f 1251/1601/246 1297/1649/1175 1467/1823/1176 1466/1822/246
f 1466/1822/246 1467/1823/1176 1430/1786/1177 1428/1784/246
f 1428/1784/246 1430/1786/1177 1481/1837/1178 1480/1836/1179
f 1427/1783/246 1428/1784/246 1480/1836/1179 1479/1835/1180
f 1465/1821/246 1466/1822/246 1428/1784/246 1427/1783/246
f 1237/1586/246 1251/1601/246 1466/1822/246 1465/1821/246
f 1472/1828/246 1473/1829/246 1251/1602/246 1237/1585/246
f 1384/1739/246 1385/1740/246 1473/1829/246 1472/1828/246
f 1437/1793/1181 1459/1815/1171 1385/1740/246 1384/1739/246
f 1254/1605/1157 1219/1563/1156 1211/1555/1182 1278/1630/1183
f 1266/1617/1163 1265/1616/1161 1289/1641/1184 1290/1642/1185
f 1224/1568/1167 1252/1603/1168 1276/1627/1186 1204/1547/1187
f 1243/1592/1162 1244/1593/1165 1268/1619/1188 843/1175/1189
f 1231/1578/1152 1259/1610/1151 1283/1635/1190 1163/1506/1191
f 1238/1587/1164 1266/1617/1163 1290/1642/1185 1078/1419/1192
f 1244/1593/1165 1245/1594/1166 1269/1620/1193 1268/1619/1188
f 1245/1594/1166 1231/1578/1152 1163/1506/1191 1269/1620/1193
f 1252/1603/1168 1238/1587/1164 1078/1419/1192 1276/1627/1186
f 1259/1610/1151 1224/1569/1167 1204/1548/1187 1283/1635/1190
f 1241/1590/1170 1240/1589/1169 987/1325/1194 939/1275/1195
f 1242/1591/1147 1241/1590/1170 939/1275/1195 891/1225/1196
f 1261/1612/1153 1262/1613/1150 1286/1638/1197 1285/1637/1198
f 1246/1595/1148 1242/1591/1147 891/1225/1196 1270/1621/1199
f 1262/1613/1150 1263/1614/1149 1287/1639/1200 1286/1638/1197
f 1219/1563/1156 1247/1596/1155 1271/1622/1201 1211/1555/1182
f 1226/1571/1158 1254/1605/1157 1278/1630/1183 1201/1544/1202
f 1264/1615/1159 1246/1595/1148 1270/1621/1199 1288/1640/1203
f 1263/1614/1149 1267/1618/1160 1291/1643/1204 1287/1639/1200
f 1233/1580/1154 1261/1612/1153 1285/1637/1198 1161/1504/1205
f 1240/1589/1169 1226/1571/1158 1201/1544/1202 987/1325/1194
f 1265/1616/1161 1264/1615/1159 1288/1640/1203 1289/1641/1184
f 1267/1618/1160 1243/1592/1162 843/1175/1189 1291/1643/1204
f 1247/1596/1155 1233/1580/1154 1161/1504/1205 1271/1622/1201
f 891/1225/1196 939/1275/1195 1257/1608/1206 1258/1609/1207
f 1285/1637/1198 1286/1638/1197 1310/1663/1208 1309/1662/1209
f 1161/1504/1205 1285/1637/1198 1309/1662/1209 1239/1588/1210
f 1278/1630/1183 1211/1555/1182 1220/1564/1211 1302/1655/1212
f 1270/1621/1199 891/1225/1196 1258/1609/1207 1294/1646/1213
f 1286/1638/1197 1287/1639/1200 1311/1664/1214 1310/1663/1208
f 1276/1627/1186 1078/1419/1192 1253/1604/1215 1300/1653/1216
f 1288/1640/1203 1270/1621/1199 1294/1646/1213 1312/1665/1217
f 1287/1639/1200 1291/1643/1204 1315/1668/1218 1311/1664/1214
f 1271/1622/1201 1161/1504/1205 1239/1588/1210 1295/1647/1219
f 1289/1641/1184 1288/1640/1203 1312/1665/1217 1313/1666/1220
f 1291/1643/1204 843/1175/1189 1260/1611/1221 1315/1668/1218
f 1290/1642/1185 1289/1641/1184 1313/1666/1220 1314/1667/1222
f 843/1175/1189 1268/1619/1188 1292/1644/1223 1260/1611/1221
f 1204/1547/1187 1276/1627/1186 1300/1653/1216 1227/1573/1224
f 1078/1419/1192 1290/1642/1185 1314/1667/1222 1253/1604/1215
f 1268/1619/1188 1269/1620/1193 1293/1645/1225 1292/1644/1223
f 1269/1620/1193 1163/1506/1191 1236/1584/1226 1293/1645/1225
f 1201/1544/1202 1278/1630/1183 1302/1655/1212 1229/1575/1227
f 1163/1506/1191 1283/1635/1190 1307/1660/1228 1236/1584/1226
f 1283/1635/1190 1204/1548/1187 1227/1572/1224 1307/1660/1228
f 939/1275/1195 987/1325/1194 1256/1607/1229 1257/1608/1206
f 1211/1555/1182 1271/1622/1201 1295/1647/1219 1220/1564/1211
f 987/1325/1194 1201/1544/1202 1229/1575/1227 1256/1607/1229
f 1239/1588/1210 1309/1662/1209 1330/1684/1230 1202/1545/1231
f 1253/1604/1215 1314/1667/1222 1335/1689/1232 1162/1505/1233
f 1314/1667/1222 1313/1666/1220 1334/1688/1234 1335/1689/1232
f 1260/1611/1221 1292/1644/1223 1316/1669/1235 1035/1375/1236
f 1292/1644/1223 1293/1645/1225 1317/1670/1237 1316/1669/1235
f 1307/1660/1228 1227/1572/1224 1277/1629/1238 1328/1682/1239
f 1229/1575/1227 1302/1655/1212 1325/1679/1240 1274/1625/1241
f 1257/1608/1206 1256/1607/1229 1121/1463/1242 1120/1462/1243
f 1236/1584/1226 1307/1660/1228 1328/1682/1239 1207/1551/1244
f 1295/1647/1219 1239/1588/1210 1202/1545/1231 1319/1672/1245
f 1258/1609/1207 1257/1608/1206 1120/1462/1243 1080/1421/1246
f 1309/1662/1209 1310/1663/1208 1331/1685/1247 1330/1684/1230
f 1302/1655/1212 1220/1564/1211 1284/1636/1248 1325/1679/1240
f 1220/1564/1211 1295/1647/1219 1319/1672/1245 1284/1636/1248
f 1227/1573/1224 1300/1653/1216 1323/1676/1249 1277/1628/1238
f 1256/1607/1229 1229/1575/1227 1274/1625/1241 1121/1463/1242
f 1294/1646/1213 1258/1609/1207 1080/1421/1246 1318/1671/1250
f 1310/1663/1208 1311/1664/1214 1332/1686/1251 1331/1685/1247
f 1293/1645/1225 1236/1584/1226 1207/1551/1244 1317/1670/1237
f 1312/1665/1217 1294/1646/1213 1318/1671/1250 1333/1687/1252
f 1311/1664/1214 1315/1668/1218 1336/1690/1253 1332/1686/1251
f 1300/1653/1216 1253/1604/1215 1162/1505/1233 1323/1676/1249
f 1313/1666/1220 1312/1665/1217 1333/1687/1252 1334/1688/1234
f 1315/1668/1218 1260/1611/1221 1035/1375/1236 1336/1690/1253
f 1121/1463/1242 1274/1625/1241 1234/1581/1254 1304/1657/1255
f 1080/1421/1246 1120/1462/1243 1305/1658/1256 1306/1659/1257
f 1330/1684/1230 1331/1685/1247 1355/1709/1258 1354/1708/1259
f 1284/1636/1248 1319/1672/1245 1340/1694/1260 1221/1565/1261
f 1325/1679/1240 1284/1636/1248 1221/1565/1261 1347/1701/1262
f 1207/1551/1244 1328/1682/1239 1352/1706/1263 1250/1600/1264
f 1318/1671/1250 1080/1421/1246 1306/1659/1257 1339/1693/1265
f 1331/1685/1247 1332/1686/1251 1356/1710/1266 1355/1709/1258
f 1333/1687/1252 1318/1671/1250 1339/1693/1265 1357/1711/1267
f 1332/1686/1251 1336/1690/1253 1360/1714/1268 1356/1710/1266
f 1202/1545/1231 1330/1684/1230 1354/1708/1259 1255/1606/1269
f 1334/1688/1234 1333/1687/1252 1357/1711/1267 1358/1712/1270
f 1336/1690/1253 1035/1375/1236 1308/1661/1271 1360/1714/1268
f 1162/1505/1233 1335/1689/1232 1359/1713/1272 1301/1654/1273
f 1335/1689/1232 1334/1688/1234 1358/1712/1270 1359/1713/1272
f 1317/1670/1237 1207/1551/1244 1250/1600/1264 1338/1692/1274
f 1035/1375/1236 1316/1669/1235 1337/1691/1275 1308/1661/1271
f 1316/1669/1235 1317/1670/1237 1338/1692/1274 1337/1691/1275
f 1277/1628/1238 1323/1676/1249 1345/1699/1276 1230/1576/1277
f 1328/1682/1239 1277/1629/1238 1230/1577/1277 1352/1706/1263
f 1319/1672/1245 1202/1545/1231 1255/1606/1269 1340/1694/1260
f 1323/1676/1249 1162/1505/1233 1301/1654/1273 1345/1699/1276
f 1120/1462/1243 1121/1463/1242 1304/1657/1255 1305/1658/1256
f 1274/1625/1241 1325/1679/1240 1347/1701/1262 1234/1581/1254
f 1359/1713/1272 1358/1712/1270 1377/1732/1278 1378/1733/1279
f 1308/1661/1271 1337/1691/1275 1361/1715/1280 1123/1465/1281
f 1304/1657/1255 1234/1581/1254 1321/1674/1282 1199/1542/1283
f 1230/1576/1277 1345/1699/1276 1367/1721/1284 1324/1677/1285
f 1337/1691/1275 1338/1692/1274 1362/1716/1286 1361/1715/1280
f 1352/1706/1263 1230/1577/1277 1324/1678/1285 1371/1726/1287
f 1305/1658/1256 1304/1657/1255 1199/1542/1283 1168/1511/1288
f 1221/1565/1261 1340/1694/1260 1364/1718/1289 1329/1683/1290
f 1340/1694/1260 1255/1606/1269 1275/1626/1291 1364/1718/1289
f 1250/1600/1264 1352/1706/1263 1371/1726/1287 1280/1632/1292
f 1306/1659/1257 1305/1658/1256 1168/1511/1288 1164/1507/1293
f 1354/1708/1259 1355/1709/1258 1374/1729/1294 1373/1728/1295
f 1347/1701/1262 1221/1565/1261 1329/1683/1290 1369/1724/1296
f 1301/1654/1273 1359/1713/1272 1378/1733/1279 1206/1550/1297
f 1234/1581/1254 1347/1701/1262 1369/1724/1296 1321/1674/1282
f 1339/1693/1265 1306/1659/1257 1164/1507/1293 1363/1717/1298
f 1355/1709/1258 1356/1710/1266 1375/1730/1299 1374/1729/1294
f 1338/1692/1274 1250/1600/1264 1280/1632/1292 1362/1716/1286
f 1255/1606/1269 1354/1708/1259 1373/1728/1295 1275/1626/1291
f 1357/1711/1267 1339/1693/1265 1363/1717/1298 1376/1731/1300
f 1356/1710/1266 1360/1714/1268 1379/1734/1301 1375/1730/1299
f 1345/1699/1276 1301/1654/1273 1206/1550/1297 1367/1721/1284
f 1358/1712/1270 1357/1711/1267 1376/1731/1300 1377/1732/1278
f 1360/1714/1268 1308/1661/1271 1123/1465/1281 1379/1734/1301
f 1321/1674/1282 1369/1724/1296 1390/1745/1302 1248/1597/1303
f 1206/1550/1297 1378/1733/1279 1402/1757/1304 1346/1700/1305
f 1164/1507/1293 1168/1511/1288 1350/1704/1306 1351/1705/1307
f 1373/1728/1295 1374/1729/1294 1398/1753/1308 1397/1752/1309
f 1329/1683/1290 1364/1718/1289 1383/1738/1310 1222/1566/1311
f 1367/1721/1284 1206/1550/1297 1346/1700/1305 1388/1743/1312
f 1363/1717/1298 1164/1507/1293 1351/1705/1307 1382/1737/1313
f 1374/1729/1294 1375/1730/1299 1399/1754/1314 1398/1753/1308
f 1280/1632/1292 1371/1726/1287 1395/1750/1315 1298/1651/1316
f 1376/1731/1300 1363/1717/1298 1382/1737/1313 1400/1755/1317
f 1375/1730/1299 1379/1734/1301 1403/1758/1318 1399/1754/1314
f 1364/1718/1289 1275/1626/1291 1303/1656/1319 1383/1738/1310
f 1362/1716/1286 1280/1632/1292 1298/1651/1316 1381/1736/1320
f 1377/1732/1278 1376/1731/1300 1400/1755/1317 1401/1756/1321
f 1379/1734/1301 1123/1465/1281 1353/1707/1322 1403/1758/1318
f 1199/1542/1283 1321/1674/1282 1248/1597/1303 1349/1703/1323
f 1369/1724/1296 1329/1683/1290 1222/1566/1311 1390/1745/1302
f 1378/1733/1279 1377/1732/1278 1401/1756/1321 1402/1757/1304
f 1275/1626/1291 1373/1728/1295 1397/1752/1309 1303/1656/1319
f 1123/1465/1281 1361/1715/1280 1380/1735/1324 1353/1707/1322
f 1361/1715/1280 1362/1716/1286 1381/1736/1320 1380/1735/1324
f 1324/1677/1285 1367/1721/1284 1388/1743/1312 1235/1583/1325
f 1371/1726/1287 1324/1678/1285 1235/1582/1325 1395/1750/1315
f 1168/1511/1288 1199/1542/1283 1349/1703/1323 1350/1704/1306
f 1401/1756/1321 1400/1755/1317 1417/1773/1326 1418/1774/1327
f 1403/1758/1318 1353/1707/1322 1200/1543/1328 1420/1776/1329
f 1298/1651/1316 1395/1750/1315 1412/1768/1330 1327/1681/1331
f 1402/1757/1304 1401/1756/1321 1418/1774/1327 1419/1775/1332
f 1353/1707/1322 1380/1735/1324 1404/1759/1333 1200/1543/1328
f 1303/1656/1319 1397/1752/1309 1414/1770/1334 1322/1675/1335
f 1349/1703/1323 1248/1597/1303 1365/1719/1336 1272/1623/1337
f 1380/1735/1324 1381/1736/1320 1405/1760/1338 1404/1759/1333
f 1222/1566/1311 1383/1738/1310 1407/1762/1339 1372/1727/1340
f 1395/1750/1315 1235/1582/1325 1368/1723/1341 1412/1768/1330
f 1350/1704/1306 1349/1703/1323 1272/1623/1337 1209/1553/1342
f 1383/1738/1310 1303/1656/1319 1322/1675/1335 1407/1762/1339
f 1235/1583/1325 1388/1743/1312 1409/1764/1343 1368/1722/1341
f 1351/1705/1307 1350/1704/1306 1209/1553/1342 1208/1552/1344
f 1397/1752/1309 1398/1753/1308 1415/1771/1345 1414/1770/1334
f 1390/1745/1302 1222/1566/1311 1372/1727/1340 1411/1767/1346
f 1346/1700/1305 1402/1757/1304 1419/1775/1332 1279/1631/1347
f 1382/1737/1313 1351/1705/1307 1208/1552/1344 1406/1761/1348
f 1398/1753/1308 1399/1754/1314 1416/1772/1349 1415/1771/1345
f 1248/1597/1303 1390/1745/1302 1411/1767/1346 1365/1719/1336
f 1381/1736/1320 1298/1651/1316 1327/1681/1331 1405/1760/1338
f 1400/1755/1317 1382/1737/1313 1406/1761/1348 1417/1773/1326
f 1399/1754/1314 1403/1758/1318 1420/1776/1329 1416/1772/1349
f 1388/1743/1312 1346/1700/1305 1279/1631/1347 1409/1764/1343
f 1411/1767/1346 1372/1727/1340 1223/1567/1350 1431/1787/1351
f 1409/1764/1343 1279/1631/1347 1389/1744/1352 1429/1785/1353
f 1365/1719/1336 1411/1767/1346 1431/1787/1351 1296/1648/1354
f 1208/1552/1344 1209/1553/1342 1393/1748/1355 1394/1749/1356
f 1414/1770/1334 1415/1771/1345 1439/1795/1357 1438/1794/1358
f 1372/1727/1340 1407/1762/1339 1424/1780/1359 1223/1567/1350
f 1407/1762/1339 1322/1675/1335 1348/1702/1360 1424/1780/1359
f 1279/1631/1347 1419/1775/1332 1443/1799/1361 1389/1744/1352
f 1406/1761/1348 1208/1552/1344 1394/1749/1356 1423/1779/1362
f 1415/1771/1345 1416/1772/1349 1440/1796/1363 1439/1795/1357
f 1327/1681/1331 1412/1768/1330 1436/1792/1364 1343/1697/1365
f 1417/1773/1326 1406/1761/1348 1423/1779/1362 1441/1797/1366
f 1416/1772/1349 1420/1776/1329 1444/1800/1367 1440/1796/1363
f 1418/1774/1327 1417/1773/1326 1441/1797/1366 1442/1798/1368
f 1420/1776/1329 1200/1543/1328 1396/1751/1369 1444/1800/1367
f 1322/1675/1335 1414/1770/1334 1438/1794/1358 1348/1702/1360
f 1419/1775/1332 1418/1774/1327 1442/1798/1368 1443/1799/1361
f 1200/1543/1328 1404/1759/1333 1421/1777/1370 1396/1751/1369
f 1272/1623/1337 1365/1719/1336 1296/1648/1354 1392/1747/1371
f 1404/1759/1333 1405/1760/1338 1422/1778/1372 1421/1777/1370
f 1368/1722/1341 1409/1764/1343 1429/1785/1353 1249/1599/1373
f 1412/1768/1330 1368/1723/1341 1249/1598/1373 1436/1792/1364
f 1405/1760/1338 1327/1681/1331 1343/1697/1365 1422/1778/1372
f 1209/1553/1342 1272/1623/1337 1392/1747/1371 1393/1748/1355
f 1442/1798/1368 1441/1797/1366 1455/1811/1374 1456/1812/1375
f 1444/1800/1367 1396/1751/1369 1273/1624/1376 1458/1814/1377
f 1443/1799/1361 1442/1798/1368 1456/1812/1375 1457/1813/1378
f 1396/1751/1369 1421/1777/1370 1445/1801/1379 1273/1624/1376
f 1223/1567/1350 1424/1780/1359 1448/1804/1380 1413/1769/1381
f 1348/1702/1360 1438/1794/1358 1452/1808/1382 1366/1720/1383
f 1392/1747/1371 1296/1648/1354 1408/1763/1384 1320/1673/1385
f 1421/1777/1370 1422/1778/1372 1446/1802/1386 1445/1801/1379
f 1436/1792/1364 1249/1598/1373 1410/1766/1387 1451/1807/1388
f 1393/1748/1355 1392/1747/1371 1320/1673/1385 1282/1634/1389
f 1296/1648/1354 1431/1787/1351 1450/1806/1390 1408/1763/1384
f 1424/1780/1359 1348/1702/1360 1366/1720/1383 1448/1804/1380
f 1249/1599/1373 1429/1785/1353 1449/1805/1391 1410/1765/1387
f 1394/1749/1356 1393/1748/1355 1282/1634/1389 1281/1633/1392
f 1438/1794/1358 1439/1795/1357 1453/1809/1393 1452/1808/1382
f 1431/1787/1351 1223/1567/1350 1413/1769/1381 1450/1806/1390
f 1389/1744/1352 1443/1799/1361 1457/1813/1378 1326/1680/1394
f 1343/1697/1365 1436/1792/1364 1451/1807/1388 1370/1725/1395
f 1423/1779/1362 1394/1749/1356 1281/1633/1392 1447/1803/1396
f 1439/1795/1357 1440/1796/1363 1454/1810/1397 1453/1809/1393
f 1422/1778/1372 1343/1697/1365 1370/1725/1395 1446/1802/1386
f 1441/1797/1366 1423/1779/1362 1447/1803/1396 1455/1811/1374
f 1440/1796/1363 1444/1800/1367 1458/1814/1377 1454/1810/1397
f 1429/1785/1353 1389/1744/1352 1326/1680/1394 1449/1805/1391
f 1282/1634/1389 1320/1673/1385 1433/1789/1398 1434/1790/1399
f 1408/1763/1384 1450/1806/1390 1469/1825/1400 1341/1695/1401
f 1446/1802/1386 1370/1725/1395 1386/1741/1173 1460/1816/1172
f 1281/1633/1392 1282/1634/1389 1434/1790/1399 1435/1791/1402
f 1452/1808/1382 1453/1809/1393 1477/1833/1403 1476/1832/1404
f 1413/1769/1381 1448/1804/1380 1462/1818/1405 1225/1570/1406
f 1326/1680/1394 1457/1813/1378 1481/1837/1178 1430/1786/1177
f 1447/1803/1396 1281/1633/1392 1435/1791/1402 1461/1817/1407
f 1453/1809/1393 1454/1810/1397 1478/1834/1408 1477/1833/1403
f 1450/1806/1390 1413/1769/1381 1225/1570/1406 1469/1825/1400
f 1448/1804/1380 1366/1720/1383 1391/1746/1409 1462/1818/1405
f 1370/1725/1395 1451/1807/1388 1474/1830/1174 1386/1741/1173
f 1455/1811/1374 1447/1803/1396 1461/1817/1407 1479/1835/1180
f 1454/1810/1397 1458/1814/1377 1482/1838/1410 1478/1834/1408
f 1456/1812/1375 1455/1811/1374 1479/1835/1180 1480/1836/1179
f 1458/1814/1377 1273/1624/1376 1437/1793/1181 1482/1838/1410
f 1366/1720/1383 1452/1808/1382 1476/1832/1404 1391/1746/1409
f 1457/1813/1378 1456/1812/1375 1480/1836/1179 1481/1837/1178
f 1273/1624/1376 1445/1801/1379 1459/1815/1171 1437/1793/1181
f 1320/1673/1385 1408/1763/1384 1341/1695/1401 1433/1789/1398
f 1445/1801/1379 1446/1802/1386 1460/1816/1172 1459/1815/1171
f 1449/1805/1391 1326/1680/1394 1430/1786/1177 1467/1823/1176
f 1410/1765/1387 1449/1805/1391 1467/1823/1176 1297/1649/1175
f 1451/1807/1388 1410/1766/1387 1297/1650/1175 1474/1830/1174
f 1482/1838/1410 1437/1793/1181 1384/1739/246 1432/1788/246
f 1472/1828/246 1468/1824/246 1432/1788/246 1384/1739/246
f 1468/1824/246 1472/1828/246 1237/1585/246 1299/1652/246
f 1465/1821/246 1475/1831/246 1299/1652/246 1237/1586/246
f 1475/1831/246 1465/1821/246 1427/1783/246 1387/1742/246
f 1479/1835/1180 1461/1817/1407 1387/1742/246 1427/1783/246
f 1387/1742/246 1461/1817/1407 1435/1791/1402 1344/1698/246
f 1344/1698/246 1471/1827/246 1475/1831/246 1387/1742/246
f 1471/1827/246 1232/1579/246 1299/1652/246 1475/1831/246
f 1232/1579/246 1464/1820/246 1468/1824/246 1299/1652/246
f 1464/1820/246 1426/1782/246 1432/1788/246 1468/1824/246
f 1426/1782/246 1478/1834/1408 1482/1838/1410 1432/1788/246
f 1425/1781/246 1477/1833/1403 1478/1834/1408 1426/1782/246
f 1463/1819/246 1425/1781/246 1426/1782/246 1464/1820/246
f 1228/1574/246 1463/1819/246 1464/1820/246 1232/1579/246
f 1470/1826/246 1228/1574/246 1232/1579/246 1471/1827/246
f 1342/1696/246 1470/1826/246 1471/1827/246 1344/1698/246
f 1434/1790/1399 1342/1696/246 1344/1698/246 1435/1791/1402
f 1433/1789/1398 1341/1695/1401 1342/1696/246 1434/1790/1399
f 1341/1695/1401 1469/1825/1400 1470/1826/246 1342/1696/246
f 1228/1574/246 1470/1826/246 1469/1825/1400 1225/1570/1406
f 1225/1570/1406 1462/1818/1405 1463/1819/246 1228/1574/246
f 1462/1818/1405 1391/1746/1409 1425/1781/246 1463/1819/246
f 1391/1746/1409 1476/1832/1404 1477/1833/1403 1425/1781/246
f 272/475/297 273/477/314 1491/1848/1411 1490/1847/1412
f 1493/1850/1413 1492/1849/1414 1516/1874/1415 1517/1875/1416
f 285/506/310 257/444/309 1485/1842/1417 1498/1855/1418
f 275/481/278 274/479/293 1492/1849/1414 1493/1850/1413
f 278/487/304 250/431/303 1483/1839/1419 1496/1853/1420
f 255/439/274 290/515/275 1499/1856/1421 1484/1841/1422
f 271/473/298 272/475/297 1490/1847/1412 1489/1846/1423
f 269/468/272 283/501/273 1497/1854/1424 1488/1845/1425
f 274/479/293 298/531/294 1506/1863/1426 1492/1849/1414
f 262/453/276 276/483/277 1494/1851/1427 1486/1843/1428
f 298/531/294 294/523/323 1502/1859/1429 1506/1863/1426
f 250/431/303 285/506/310 1498/1855/1418 1483/1839/1419
f 296/527/288 297/529/271 1505/1862/1430 1504/1861/1431
f 294/523/323 293/521/324 1501/1858/1432 1502/1859/1429
f 264/457/316 278/487/304 1496/1853/1420 1487/1844/1433
f 257/444/309 271/473/298 1489/1846/1423 1485/1842/1417
f 295/525/289 296/527/288 1504/1861/1431 1503/1860/1434
f 293/521/324 292/519/317 1500/1857/1435 1501/1858/1432
f 297/529/271 269/468/272 1488/1845/1425 1505/1862/1430
f 290/515/275 262/453/276 1486/1843/1428 1499/1856/1421
f 277/485/313 295/525/289 1503/1860/1434 1495/1852/1436
f 283/501/273 255/440/274 1484/1840/1422 1497/1854/1424
f 273/477/314 277/485/313 1495/1852/1436 1491/1848/1411
f 276/483/277 275/481/278 1493/1850/1413 1494/1851/1427
f 292/519/317 264/457/316 1487/1844/1433 1500/1857/1435
f 1511/1869/1437 1520/1878/1438 1544/1903/1439 1535/1894/1440
f 1504/1861/1431 1505/1862/1430 1529/1887/1441 1528/1886/1442
f 1505/1862/1430 1488/1845/1425 1512/1870/1443 1529/1887/1441
f 1492/1849/1414 1506/1863/1426 1530/1888/1444 1516/1874/1415
f 1503/1860/1434 1504/1861/1431 1528/1886/1442 1527/1885/1445
f 1485/1842/1417 1489/1846/1423 1513/1871/1446 1509/1867/1447
f 1506/1863/1426 1502/1859/1429 1526/1884/1448 1530/1888/1444
f 1495/1852/1436 1503/1860/1434 1527/1885/1445 1519/1877/1449
f 1486/1843/1428 1494/1851/1427 1518/1876/1450 1510/1868/1451
f 1502/1859/1429 1501/1858/1432 1525/1883/1452 1526/1884/1448
f 1496/1853/1420 1483/1839/1419 1507/1864/1453 1520/1878/1438
f 1491/1848/1411 1495/1852/1436 1519/1877/1449 1515/1873/1454
f 1487/1844/1433 1496/1853/1420 1520/1878/1438 1511/1869/1437
f 1501/1858/1432 1500/1857/1435 1524/1882/1455 1525/1883/1452
f 1497/1854/1424 1484/1840/1422 1508/1865/1456 1521/1879/1457
f 1490/1847/1412 1491/1848/1411 1515/1873/1454 1514/1872/1458
f 1488/1845/1425 1497/1854/1424 1521/1879/1457 1512/1870/1443
f 1498/1855/1418 1485/1842/1417 1509/1867/1447 1522/1880/1459
f 1489/1846/1423 1490/1847/1412 1514/1872/1458 1513/1871/1446
f 1483/1839/1419 1498/1855/1418 1522/1880/1459 1507/1864/1453
f 1499/1856/1421 1486/1843/1428 1510/1868/1451 1523/1881/1460
f 1494/1851/1427 1493/1850/1413 1517/1875/1416 1518/1876/1450
f 1484/1841/1422 1499/1856/1421 1523/1881/1460 1508/1866/1456
f 1500/1857/1435 1487/1844/1433 1511/1869/1437 1524/1882/1455
f 1552/1911/1461 1553/1912/1462 1577/1937/1463 1576/1936/1464
f 1525/1883/1452 1524/1882/1455 1548/1907/1465 1549/1908/1466
f 1521/1879/1457 1508/1865/1456 1532/1890/1467 1545/1904/1468
f 1514/1872/1458 1515/1873/1454 1539/1898/1469 1538/1897/1470
f 1512/1870/1443 1521/1879/1457 1545/1904/1468 1536/1895/1471
f 1522/1880/1459 1509/1867/1447 1533/1892/1472 1546/1905/1473
f 1513/1871/1446 1514/1872/1458 1538/1897/1470 1537/1896/1474
f 1507/1864/1453 1522/1880/1459 1546/1905/1473 1531/1889/1475
f 1523/1881/1460 1510/1868/1451 1534/1893/1476 1547/1906/1477
f 1518/1876/1450 1517/1875/1416 1541/1900/1478 1542/1901/1479
f 1508/1866/1456 1523/1881/1460 1547/1906/1477 1532/1891/1467
f 1524/1882/1455 1511/1869/1437 1535/1894/1440 1548/1907/1465
f 1517/1875/1416 1516/1874/1415 1540/1899/1480 1541/1900/1478
f 1528/1886/1442 1529/1887/1441 1553/1912/1462 1552/1911/1461
f 1529/1887/1441 1512/1870/1443 1536/1895/1471 1553/1912/1462
f 1516/1874/1415 1530/1888/1444 1554/1913/1481 1540/1899/1480
f 1527/1885/1445 1528/1886/1442 1552/1911/1461 1551/1910/1482
f 1509/1867/1447 1513/1871/1446 1537/1896/1474 1533/1892/1472
f 1530/1888/1444 1526/1884/1448 1550/1909/1483 1554/1913/1481
f 1519/1877/1449 1527/1885/1445 1551/1910/1482 1543/1902/1484
f 1510/1868/1451 1518/1876/1450 1542/1901/1479 1534/1893/1476
f 1526/1884/1448 1525/1883/1452 1549/1908/1466 1550/1909/1483
f 1520/1878/1438 1507/1864/1453 1531/1889/1475 1544/1903/1439
f 1515/1873/1454 1519/1877/1449 1543/1902/1484 1539/1898/1469
f 1573/1933/1485 1572/1932/1486 1596/1957/1487 1597/1958/1488
f 1553/1912/1462 1536/1895/1471 1560/1920/1489 1577/1937/1463
f 1540/1899/1480 1554/1913/1481 1578/1938/1490 1564/1924/1491
f 1551/1910/1482 1552/1911/1461 1576/1936/1464 1575/1935/1492
f 1533/1892/1472 1537/1896/1474 1561/1921/1493 1557/1917/1494
f 1554/1913/1481 1550/1909/1483 1574/1934/1495 1578/1938/1490
f 1543/1902/1484 1551/1910/1482 1575/1935/1492 1567/1927/1496
f 1534/1893/1476 1542/1901/1479 1566/1926/1497 1558/1918/1498
f 1550/1909/1483 1549/1908/1466 1573/1933/1485 1574/1934/1495
f 1544/1903/1439 1531/1889/1475 1555/1914/1499 1568/1928/1500
f 1539/1898/1469 1543/1902/1484 1567/1927/1496 1563/1923/1501
f 1535/1894/1440 1544/1903/1439 1568/1928/1500 1559/1919/1502
f 1549/1908/1466 1548/1907/1465 1572/1932/1486 1573/1933/1485
f 1545/1904/1468 1532/1890/1467 1556/1915/1503 1569/1929/1504
f 1538/1897/1470 1539/1898/1469 1563/1923/1501 1562/1922/1505
f 1536/1895/1471 1545/1904/1468 1569/1929/1504 1560/1920/1489
f 1546/1905/1473 1533/1892/1472 1557/1917/1494 1570/1930/1506
f 1537/1896/1474 1538/1897/1470 1562/1922/1505 1561/1921/1493
f 1531/1889/1475 1546/1905/1473 1570/1930/1506 1555/1914/1499
f 1547/1906/1477 1534/1893/1476 1558/1918/1498 1571/1931/1507
f 1542/1901/1479 1541/1900/1478 1565/1925/1508 1566/1926/1497
f 1532/1891/1467 1547/1906/1477 1571/1931/1507 1556/1916/1503
f 1548/1907/1465 1535/1894/1440 1559/1919/1502 1572/1932/1486
f 1541/1900/1478 1540/1899/1480 1564/1924/1491 1565/1925/1508
f 1600/1961/1509 1601/1962/1510 1625/1987/1511 1624/1986/1512
f 1569/1929/1504 1556/1915/1503 1580/1940/1513 1593/1954/1514
f 1562/1922/1505 1563/1923/1501 1587/1948/1515 1586/1947/1516
f 1560/1920/1489 1569/1929/1504 1593/1954/1514 1584/1945/1517
f 1570/1930/1506 1557/1917/1494 1581/1942/1518 1594/1955/1519
f 1561/1921/1493 1562/1922/1505 1586/1947/1516 1585/1946/1520
f 1555/1914/1499 1570/1930/1506 1594/1955/1519 1579/1939/1521
f 1571/1931/1507 1558/1918/1498 1582/1943/1522 1595/1956/1523
f 1566/1926/1497 1565/1925/1508 1589/1950/1524 1590/1951/1525
f 1556/1916/1503 1571/1931/1507 1595/1956/1523 1580/1941/1513
f 1572/1932/1486 1559/1919/1502 1583/1944/1526 1596/1957/1487
f 1565/1925/1508 1564/1924/1491 1588/1949/1527 1589/1950/1524
f 1576/1936/1464 1577/1937/1463 1601/1962/1510 1600/1961/1509
f 1577/1937/1463 1560/1920/1489 1584/1945/1517 1601/1962/1510
f 1564/1924/1491 1578/1938/1490 1602/1963/1528 1588/1949/1527
f 1575/1935/1492 1576/1936/1464 1600/1961/1509 1599/1960/1529
f 1557/1917/1494 1561/1921/1493 1585/1946/1520 1581/1942/1518
f 1578/1938/1490 1574/1934/1495 1598/1959/1530 1602/1963/1528
f 1567/1927/1496 1575/1935/1492 1599/1960/1529 1591/1952/1531
f 1558/1918/1498 1566/1926/1497 1590/1951/1525 1582/1943/1522
f 1574/1934/1495 1573/1933/1485 1597/1958/1488 1598/1959/1530
f 1568/1928/1500 1555/1914/1499 1579/1939/1521 1592/1953/1532
f 1563/1923/1501 1567/1927/1496 1591/1952/1531 1587/1948/1515
f 1559/1919/1502 1568/1928/1500 1592/1953/1532 1583/1944/1526
f 1617/1979/1533 1604/1965/1534 1628/1990/1535 1641/2004/1536
f 1601/1962/1510 1584/1945/1517 1608/1970/1537 1625/1987/1511
f 1588/1949/1527 1602/1963/1528 1626/1988/1538 1612/1974/1539
f 1599/1960/1529 1600/1961/1509 1624/1986/1512 1623/1985/1540
f 1581/1942/1518 1585/1946/1520 1609/1971/1541 1605/1967/1542
f 1602/1963/1528 1598/1959/1530 1622/1984/1543 1626/1988/1538
f 1591/1952/1531 1599/1960/1529 1623/1985/1540 1615/1977/1544
f 1582/1943/1522 1590/1951/1525 1614/1976/1545 1606/1968/1546
f 1598/1959/1530 1597/1958/1488 1621/1983/1547 1622/1984/1543
f 1592/1953/1532 1579/1939/1521 1603/1964/1548 1616/1978/1549
f 1587/1948/1515 1591/1952/1531 1615/1977/1544 1611/1973/1550
f 1583/1944/1526 1592/1953/1532 1616/1978/1549 1607/1969/1551
f 1597/1958/1488 1596/1957/1487 1620/1982/1552 1621/1983/1547
f 1593/1954/1514 1580/1940/1513 1604/1965/1534 1617/1979/1533
f 1586/1947/1516 1587/1948/1515 1611/1973/1550 1610/1972/1553
f 1584/1945/1517 1593/1954/1514 1617/1979/1533 1608/1970/1537
f 1594/1955/1519 1581/1942/1518 1605/1967/1542 1618/1980/1554
f 1585/1946/1520 1586/1947/1516 1610/1972/1553 1609/1971/1541
f 1579/1939/1521 1594/1955/1519 1618/1980/1554 1603/1964/1548
f 1595/1956/1523 1582/1943/1522 1606/1968/1546 1619/1981/1555
f 1590/1951/1525 1589/1950/1524 1613/1975/1556 1614/1976/1545
f 1580/1941/1513 1595/1956/1523 1619/1981/1555 1604/1966/1534
f 1596/1957/1487 1583/1944/1526 1607/1969/1551 1620/1982/1552
f 1589/1950/1524 1588/1949/1527 1612/1974/1539 1613/1975/1556
f 1636/1999/1557 1650/2013/1558 1674/2038/1559 1660/2024/1560
f 1610/1972/1553 1611/1973/1550 1635/1998/1561 1634/1997/1562
f 1608/1970/1537 1617/1979/1533 1641/2004/1536 1632/1995/1563
f 1618/1980/1554 1605/1967/1542 1629/1992/1564 1642/2005/1565
f 1609/1971/1541 1610/1972/1553 1634/1997/1562 1633/1996/1566
f 1603/1964/1548 1618/1980/1554 1642/2005/1565 1627/1989/1567
f 1619/1981/1555 1606/1968/1546 1630/1993/1568 1643/2006/1569
f 1614/1976/1545 1613/1975/1556 1637/2000/1570 1638/2001/1571
f 1604/1966/1534 1619/1981/1555 1643/2006/1569 1628/1991/1535
f 1620/1982/1552 1607/1969/1551 1631/1994/1572 1644/2007/1573
f 1613/1975/1556 1612/1974/1539 1636/1999/1557 1637/2000/1570
f 1624/1986/1512 1625/1987/1511 1649/2012/1574 1648/2011/1575
f 1625/1987/1511 1608/1970/1537 1632/1995/1563 1649/2012/1574
f 1612/1974/1539 1626/1988/1538 1650/2013/1558 1636/1999/1557
f 1623/1985/1540 1624/1986/1512 1648/2011/1575 1647/2010/1576
f 1605/1967/1542 1609/1971/1541 1633/1996/1566 1629/1992/1564
f 1626/1988/1538 1622/1984/1543 1646/2009/1577 1650/2013/1558
f 1615/1977/1544 1623/1985/1540 1647/2010/1576 1639/2002/1578
f 1606/1968/1546 1614/1976/1545 1638/2001/1571 1630/1993/1568
f 1622/1984/1543 1621/1983/1547 1645/2008/1579 1646/2009/1577
f 1616/1978/1549 1603/1964/1548 1627/1989/1567 1640/2003/1580
f 1611/1973/1550 1615/1977/1544 1639/2002/1578 1635/1998/1561
f 1607/1969/1551 1616/1978/1549 1640/2003/1580 1631/1994/1572
f 1621/1983/1547 1620/1982/1552 1644/2007/1573 1645/2008/1579
f 1656/2020/1581 1665/2029/1582 1689/2054/1583 1680/2045/1584
f 1649/2012/1574 1632/1995/1563 1656/2020/1581 1673/2037/1585
f 1647/2010/1576 1648/2011/1575 1672/2036/1586 1671/2035/1587
f 1650/2013/1558 1646/2009/1577 1670/2034/1588 1674/2038/1559
f 1629/1992/1564 1633/1996/1566 1657/2021/1589 1653/2017/1590
f 1639/2002/1578 1647/2010/1576 1671/2035/1587 1663/2027/1591
f 1646/2009/1577 1645/2008/1579 1669/2033/1592 1670/2034/1588
f 1630/1993/1568 1638/2001/1571 1662/2026/1593 1654/2018/1594
f 1640/2003/1580 1627/1989/1567 1651/2014/1595 1664/2028/1596
f 1635/1998/1561 1639/2002/1578 1663/2027/1591 1659/2023/1597
f 1645/2008/1579 1644/2007/1573 1668/2032/1598 1669/2033/1592
f 1631/1994/1572 1640/2003/1580 1664/2028/1596 1655/2019/1599
f 1634/1997/1562 1635/1998/1561 1659/2023/1597 1658/2022/1600
f 1641/2004/1536 1628/1990/1535 1652/2016/1601 1665/2029/1582
f 1632/1995/1563 1641/2004/1536 1665/2029/1582 1656/2020/1581
f 1633/1996/1566 1634/1997/1562 1658/2022/1600 1657/2021/1589
f 1642/2005/1565 1629/1992/1564 1653/2017/1590 1666/2030/1602
f 1627/1989/1567 1642/2005/1565 1666/2030/1602 1651/2014/1595
f 1638/2001/1571 1637/2000/1570 1661/2025/1603 1662/2026/1593
f 1643/2006/1569 1630/1993/1568 1654/2018/1594 1667/2031/1604
f 1628/1991/1535 1643/2006/1569 1667/2031/1604 1652/2015/1601
f 1637/2000/1570 1636/1999/1557 1660/2024/1560 1661/2025/1603
f 1644/2007/1573 1631/1994/1572 1655/2019/1599 1668/2032/1598
f 1648/2011/1575 1649/2012/1574 1673/2037/1585 1672/2036/1586
f 1695/2060/1605 1696/2061/1606 1720/2086/1607 1719/2085/1608
f 1666/2030/1602 1653/2017/1590 1677/2042/1609 1690/2055/1610
f 1657/2021/1589 1658/2022/1600 1682/2047/1611 1681/2046/1612
f 1651/2014/1595 1666/2030/1602 1690/2055/1610 1675/2039/1613
f 1667/2031/1604 1654/2018/1594 1678/2043/1614 1691/2056/1615
f 1662/2026/1593 1661/2025/1603 1685/2050/1616 1686/2051/1617
f 1652/2015/1601 1667/2031/1604 1691/2056/1615 1676/2041/1618
f 1668/2032/1598 1655/2019/1599 1679/2044/1619 1692/2057/1620
f 1661/2025/1603 1660/2024/1560 1684/2049/1621 1685/2050/1616
f 1672/2036/1586 1673/2037/1585 1697/2062/1622 1696/2061/1606
f 1673/2037/1585 1656/2020/1581 1680/2045/1584 1697/2062/1622
f 1660/2024/1560 1674/2038/1559 1698/2063/1623 1684/2049/1621
f 1671/2035/1587 1672/2036/1586 1696/2061/1606 1695/2060/1605
f 1653/2017/1590 1657/2021/1589 1681/2046/1612 1677/2042/1609
f 1674/2038/1559 1670/2034/1588 1694/2059/1624 1698/2063/1623
f 1663/2027/1591 1671/2035/1587 1695/2060/1605 1687/2052/1625
f 1654/2018/1594 1662/2026/1593 1686/2051/1617 1678/2043/1614
f 1670/2034/1588 1669/2033/1592 1693/2058/1626 1694/2059/1624
f 1664/2028/1596 1651/2014/1595 1675/2039/1613 1688/2053/1627
f 1659/2023/1597 1663/2027/1591 1687/2052/1625 1683/2048/1628
f 1655/2019/1599 1664/2028/1596 1688/2053/1627 1679/2044/1619
f 1669/2033/1592 1668/2032/1598 1692/2057/1620 1693/2058/1626
f 1665/2029/1582 1652/2016/1601 1676/2040/1618 1689/2054/1583
f 1658/2022/1600 1659/2023/1597 1683/2048/1628 1682/2047/1611
f 1714/2080/1629 1701/2067/1630 1752/2120/1631 1751/2119/1632
f 1677/2042/1609 1681/2046/1612 1705/2071/1633 1701/2067/1630
f 1698/2063/1623 1694/2059/1624 1718/2084/1634 1722/2088/1635
f 1687/2052/1625 1695/2060/1605 1719/2085/1608 1711/2077/1636
f 1678/2043/1614 1686/2051/1617 1710/2076/1637 1702/2068/1638
f 1694/2059/1624 1693/2058/1626 1717/2083/1639 1718/2084/1634
f 1688/2053/1627 1675/2039/1613 1699/2064/1640 1712/2078/1641
f 1683/2048/1628 1687/2052/1625 1711/2077/1636 1707/2073/1642
f 1679/2044/1619 1688/2053/1627 1712/2078/1641 1703/2069/1643
f 1693/2058/1626 1692/2057/1620 1716/2082/1644 1717/2083/1639
f 1689/2054/1583 1676/2040/1618 1700/2066/1645 1713/2079/1646
f 1682/2047/1611 1683/2048/1628 1707/2073/1642 1706/2072/1647
f 1680/2045/1584 1689/2054/1583 1713/2079/1646 1704/2070/1648
f 1690/2055/1610 1677/2042/1609 1701/2067/1630 1714/2080/1629
f 1681/2046/1612 1682/2047/1611 1706/2072/1647 1705/2071/1633
f 1675/2039/1613 1690/2055/1610 1714/2080/1629 1699/2064/1640
f 1691/2056/1615 1678/2043/1614 1702/2068/1638 1715/2081/1649
f 1686/2051/1617 1685/2050/1616 1709/2075/1650 1710/2076/1637
f 1676/2041/1618 1691/2056/1615 1715/2081/1649 1700/2065/1645
f 1692/2057/1620 1679/2044/1619 1703/2069/1643 1716/2082/1644
f 1685/2050/1616 1684/2049/1621 1708/2074/1651 1709/2075/1650
f 1696/2061/1606 1697/2062/1622 1721/2087/1652 1720/2086/1607
f 1697/2062/1622 1680/2045/1584 1704/2070/1648 1721/2087/1652
f 1684/2049/1621 1698/2063/1623 1722/2088/1635 1708/2074/1651
f 1731/2098/1653 1735/2102/1654 1811/2181/1655 1812/2182/1656
f 1705/2071/1633 1706/2072/1647 1765/2133/1657 1759/2127/1658
f 1699/2064/1640 1714/2080/1629 1751/2119/1632 1748/2115/1659
f 1715/2081/1649 1702/2068/1638 1754/2122/1660 1753/2121/1661
f 1710/2076/1637 1709/2075/1650 1766/2134/1662 1760/2128/1663
f 1700/2065/1645 1715/2081/1649 1753/2121/1661 1750/2118/1664
f 1716/2082/1644 1703/2069/1643 1756/2124/1665 1755/2123/1666
f 1709/2075/1650 1708/2074/1651 1767/2135/1667 1766/2134/1662
f 1720/2086/1607 1721/2087/1652 1757/2125/1668 1761/2129/1669
f 1721/2087/1652 1704/2070/1648 1758/2126/1670 1757/2125/1668
f 1708/2074/1651 1722/2088/1635 1768/2136/1671 1767/2135/1667
f 1719/2085/1608 1720/2086/1607 1761/2129/1669 1762/2130/1672
f 1701/2067/1630 1705/2071/1633 1759/2127/1658 1752/2120/1631
f 1722/2088/1635 1718/2084/1634 1769/2137/1673 1768/2136/1671
f 1711/2077/1636 1719/2085/1608 1762/2130/1672 1763/2131/1674
f 1702/2068/1638 1710/2076/1637 1760/2128/1663 1754/2122/1660
f 1718/2084/1634 1717/2083/1639 1770/2138/1675 1769/2137/1673
f 1712/2078/1641 1699/2064/1640 1748/2115/1659 1747/2114/1676
f 1707/2073/1642 1711/2077/1636 1763/2131/1674 1764/2132/1677
f 1703/2069/1643 1712/2078/1641 1747/2114/1676 1756/2124/1665
f 1717/2083/1639 1716/2082/1644 1755/2123/1666 1770/2138/1675
f 1713/2079/1646 1700/2066/1645 1750/2117/1664 1749/2116/1678
f 1706/2072/1647 1707/2073/1642 1764/2132/1677 1765/2133/1657
f 1704/2070/1648 1713/2079/1646 1749/2116/1678 1758/2126/1670
f 1723/2089/1679 1736/2103/1680 1747/2114/1676 1748/2115/1659
f 1724/2090/1681 1737/2104/1682 1749/2116/1678 1750/2117/1664
f 1725/2092/1683 1738/2105/1684 1751/2119/1632 1752/2120/1631
f 1726/2093/1685 1739/2106/1686 1753/2121/1661 1754/2122/1660
f 1727/2094/1687 1740/2107/1688 1755/2123/1666 1756/2124/1665
f 1728/2095/1689 1745/2112/1690 1757/2125/1668 1758/2126/1670
f 1729/2096/1691 1725/2092/1683 1752/2120/1631 1759/2127/1658
f 1734/2101/1692 1726/2093/1685 1754/2122/1660 1760/2128/1663
f 1736/2103/1680 1727/2094/1687 1756/2124/1665 1747/2114/1676
f 1737/2104/1682 1728/2095/1689 1758/2126/1670 1749/2116/1678
f 1738/2105/1684 1723/2089/1679 1748/2115/1659 1751/2119/1632
f 1739/2106/1686 1724/2091/1681 1750/2118/1664 1753/2121/1661
f 1745/2112/1690 1744/2111/1693 1761/2129/1669 1757/2125/1668
f 1744/2111/1693 1743/2110/1694 1762/2130/1672 1761/2129/1669
f 1743/2110/1694 1735/2102/1654 1763/2131/1674 1762/2130/1672
f 1735/2102/1654 1731/2098/1653 1764/2132/1677 1763/2131/1674
f 1731/2098/1653 1730/2097/1695 1765/2133/1657 1764/2132/1677
f 1730/2097/1695 1729/2096/1691 1759/2127/1658 1765/2133/1657
f 1733/2100/1696 1734/2101/1692 1760/2128/1663 1766/2134/1662
f 1732/2099/1697 1733/2100/1696 1766/2134/1662 1767/2135/1667
f 1746/2113/1698 1732/2099/1697 1767/2135/1667 1768/2136/1671
f 1742/2109/1699 1746/2113/1698 1768/2136/1671 1769/2137/1673
f 1741/2108/1700 1742/2109/1699 1769/2137/1673 1770/2138/1675
f 1740/2107/1688 1741/2108/1700 1770/2138/1675 1755/2123/1666
f 1783/2152/1701 1791/2160/1702 1839/2210/1703 1831/2202/1704
f 1727/2094/1687 1736/2103/1680 1795/2164/1705 1804/2174/1706
f 1741/2108/1700 1740/2107/1688 1803/2173/1707 1818/2188/1708
f 1737/2104/1682 1724/2090/1681 1798/2167/1709 1797/2166/1710
f 1730/2097/1695 1731/2098/1653 1812/2182/1656 1813/2183/1711
f 1728/2095/1689 1737/2104/1682 1797/2166/1710 1806/2176/1712
f 1738/2105/1684 1725/2092/1683 1800/2170/1713 1799/2169/1714
f 1729/2096/1691 1730/2097/1695 1813/2183/1711 1807/2177/1715
f 1723/2089/1679 1738/2105/1684 1799/2169/1714 1796/2165/1716
f 1739/2106/1686 1726/2093/1685 1802/2172/1717 1801/2171/1718
f 1734/2101/1692 1733/2100/1696 1814/2184/1719 1808/2178/1720
f 1724/2091/1681 1739/2106/1686 1801/2171/1718 1798/2168/1709
f 1740/2107/1688 1727/2094/1687 1804/2174/1706 1803/2173/1707
f 1733/2100/1696 1732/2099/1697 1815/2185/1721 1814/2184/1719
f 1744/2111/1693 1745/2112/1690 1805/2175/1722 1809/2179/1723
f 1745/2112/1690 1728/2095/1689 1806/2176/1712 1805/2175/1722
f 1732/2099/1697 1746/2113/1698 1816/2186/1724 1815/2185/1721
f 1743/2110/1694 1744/2111/1693 1809/2179/1723 1810/2180/1725
f 1725/2092/1683 1729/2096/1691 1807/2177/1715 1800/2170/1713
f 1746/2113/1698 1742/2109/1699 1817/2187/1726 1816/2186/1724
f 1735/2102/1654 1743/2110/1694 1810/2180/1725 1811/2181/1655
f 1726/2093/1685 1734/2101/1692 1808/2178/1720 1802/2172/1717
f 1742/2109/1699 1741/2108/1700 1818/2188/1708 1817/2187/1726
f 1736/2103/1680 1723/2089/1679 1796/2165/1716 1795/2164/1705
f 1771/2139/1727 1784/2153/1728 1795/2164/1705 1796/2165/1716
f 1772/2140/1729 1785/2154/1730 1797/2166/1710 1798/2167/1709
f 1773/2142/1731 1786/2155/1732 1799/2169/1714 1800/2170/1713
f 1774/2143/1733 1787/2156/1734 1801/2171/1718 1802/2172/1717
f 1775/2144/1735 1788/2157/1736 1803/2173/1707 1804/2174/1706
f 1776/2145/1737 1793/2162/1738 1805/2175/1722 1806/2176/1712
f 1777/2146/1739 1773/2142/1731 1800/2170/1713 1807/2177/1715
f 1782/2151/1740 1774/2143/1733 1802/2172/1717 1808/2178/1720
f 1784/2153/1728 1775/2144/1735 1804/2174/1706 1795/2164/1705
f 1785/2154/1730 1776/2145/1737 1806/2176/1712 1797/2166/1710
f 1786/2155/1732 1771/2139/1727 1796/2165/1716 1799/2169/1714
f 1787/2156/1734 1772/2141/1729 1798/2168/1709 1801/2171/1718
f 1793/2162/1738 1792/2161/1741 1809/2179/1723 1805/2175/1722
f 1792/2161/1741 1791/2160/1702 1810/2180/1725 1809/2179/1723
f 1791/2160/1702 1783/2152/1701 1811/2181/1655 1810/2180/1725
f 1783/2152/1701 1779/2148/1742 1812/2182/1656 1811/2181/1655
f 1779/2148/1742 1778/2147/1743 1813/2183/1711 1812/2182/1656
f 1778/2147/1743 1777/2146/1739 1807/2177/1715 1813/2183/1711
f 1781/2150/1744 1782/2151/1740 1808/2178/1720 1814/2184/1719
f 1780/2149/1745 1781/2150/1744 1814/2184/1719 1815/2185/1721
f 1794/2163/1746 1780/2149/1745 1815/2185/1721 1816/2186/1724
f 1790/2159/1747 1794/2163/1746 1816/2186/1724 1817/2187/1726
f 1789/2158/1748 1790/2159/1747 1817/2187/1726 1818/2188/1708
f 1788/2157/1736 1789/2158/1748 1818/2188/1708 1803/2173/1707
f 1774/2143/1733 1782/2151/1740 1830/2201/1749 1822/2193/1750
f 1790/2159/1747 1789/2158/1748 1837/2208/1751 1838/2209/1752
f 1784/2153/1728 1771/2139/1727 1819/2189/1753 1832/2203/1754
f 1779/2148/1742 1783/2152/1701 1831/2202/1704 1827/2198/1755
f 1775/2144/1735 1784/2153/1728 1832/2203/1754 1823/2194/1756
f 1789/2158/1748 1788/2157/1736 1836/2207/1757 1837/2208/1751
f 1785/2154/1730 1772/2140/1729 1820/2190/1758 1833/2204/1759
f 1778/2147/1743 1779/2148/1742 1827/2198/1755 1826/2197/1760
f 1776/2145/1737 1785/2154/1730 1833/2204/1759 1824/2195/1761
f 1786/2155/1732 1773/2142/1731 1821/2192/1762 1834/2205/1763
f 1777/2146/1739 1778/2147/1743 1826/2197/1760 1825/2196/1764
f 1771/2139/1727 1786/2155/1732 1834/2205/1763 1819/2189/1753
f 1787/2156/1734 1774/2143/1733 1822/2193/1750 1835/2206/1765
f 1782/2151/1740 1781/2150/1744 1829/2200/1766 1830/2201/1749
f 1772/2141/1729 1787/2156/1734 1835/2206/1765 1820/2191/1758
f 1788/2157/1736 1775/2144/1735 1823/2194/1756 1836/2207/1757
f 1781/2150/1744 1780/2149/1745 1828/2199/1767 1829/2200/1766
f 1792/2161/1741 1793/2162/1738 1841/2212/1768 1840/2211/1769
f 1793/2162/1738 1776/2145/1737 1824/2195/1761 1841/2212/1768
f 1780/2149/1745 1794/2163/1746 1842/2213/1770 1828/2199/1767
f 1791/2160/1702 1792/2161/1741 1840/2211/1769 1839/2210/1703
f 1773/2142/1731 1777/2146/1739 1825/2196/1764 1821/2192/1762
f 1794/2163/1746 1790/2159/1747 1838/2209/1752 1842/2213/1770
usemtl Lamb_Glass
f 385/657/279 251/432/108 363/611/160 401/685/280
f 389/661/281 351/587/157 364/613/109 402/687/282
f 386/658/283 348/583/112 365/615/177 403/689/284
f 391/665/285 353/591/176 366/617/105 404/691/286
f 378/642/94 279/489/233 367/619/9 405/693/9
f 392/667/287 354/593/178 368/621/56 406/695/56
f 379/645/21 268/465/234 369/623/56 407/697/56
f 390/663/290 352/589/161 370/625/9 408/699/9
f 376/636/49 284/503/235 371/627/17 409/701/17
f 396/675/291 358/601/222 372/629/1 410/703/1
f 377/639/85 280/492/236 373/631/1 411/705/1
f 394/671/292 356/597/196 374/633/17 412/707/17
f 395/673/355 357/599/220 362/609/117 400/683/356
f 387/659/357 349/584/116 361/607/221 399/681/358
f 393/669/359 355/595/194 360/605/113 398/679/360
f 388/660/361 350/585/120 359/603/195 397/677/362
f 399/681/358 361/607/221 358/601/222 396/675/291
f 409/701/17 371/627/17 357/599/220 395/673/355
f 397/677/362 359/603/195 356/597/196 394/671/292
f 411/705/1 373/631/1 355/595/194 393/669/359
f 403/689/284 365/615/177 354/593/178 392/667/287
f 405/693/9 367/619/9 353/591/176 391/665/285
f 401/685/280 363/611/160 352/589/161 390/663/290
f 407/697/56 369/623/56 351/587/157 389/661/281
f 400/683/356 362/609/117 350/585/120 388/660/361
f 398/679/360 360/605/113 349/584/116 387/659/357
f 402/687/282 364/613/109 348/583/112 386/658/283
f 404/691/286 366/617/105 251/432/108 385/657/279
f 406/695/56 368/621/56 282/499/59 422/728/366
f 412/707/17 374/633/17 270/471/20 420/722/378
f 408/699/9 370/625/9 281/496/12 421/725/364
f 410/703/1 372/629/1 267/463/4 419/719/363
o Candle
v 0.000000 4.616863 0.037255
v 0.000000 4.616863 -0.037255
v 0.018628 4.616863 0.032264
v -0.018628 4.616863 -0.032264
v -0.018628 4.616863 0.032264
v 0.018628 4.616863 -0.032264
v 0.026343 4.616863 0.026343
v 0.032264 4.616863 0.018628
v 0.035986 4.616863 0.009642
v -0.035986 4.616863 -0.009642
v -0.032264 4.616863 -0.018628
v -0.026343 4.616863 -0.026343
v 0.037255 4.616863 0.000000
v -0.009642 4.616863 0.035986
v 0.009642 4.616863 -0.035986
v 0.009642 4.616863 0.035986
v -0.009642 4.616863 -0.035986
v -0.026343 4.616863 0.026343
v -0.032264 4.616863 0.018628
v -0.035986 4.616863 0.009642
v 0.035986 4.616863 -0.009642
v 0.032264 4.616863 -0.018628
v 0.026343 4.616863 -0.026343
v -0.037255 4.616863 0.000000
v -0.000924 4.697675 0.002189
v -0.000128 4.697674 0.002300
v 0.000666 4.697673 -0.003735
v -0.000128 4.697673 -0.003836
v 0.000667 4.697673 0.002200
v 0.001407 4.697673 0.001891
v -0.000922 4.697673 -0.003732
v -0.001663 4.697673 -0.003425
v -0.002302 4.697677 0.001385
v -0.001666 4.697677 0.001876
v 0.002041 4.697675 -0.002948
v 0.001406 4.697675 -0.003432
v 0.002042 4.697675 0.001396
v -0.002299 4.697673 -0.002939
v 0.002529 4.697676 -0.002317
v 0.002835 4.697677 -0.001580
v 0.002939 4.697677 -0.000786
v 0.002835 4.697677 0.000009
v 0.002529 4.697676 0.000754
v -0.002788 4.697674 -0.002307
v -0.003095 4.697675 -0.001570
v -0.003201 4.697676 -0.000781
v -0.003097 4.697677 0.000010
v -0.002790 4.697677 0.000749
v -0.009642 4.697513 0.035986
v 0.000000 4.697513 0.037255
v 0.009642 4.697513 -0.035986
v 0.000000 4.697513 -0.037255
v 0.009642 4.697513 0.035986
v 0.018628 4.697513 0.032264
v -0.009642 4.697513 -0.035986
v -0.018628 4.697513 -0.032264
v -0.026343 4.697513 0.026343
v -0.018628 4.697513 0.032264
v 0.026343 4.697513 -0.026343
v 0.018628 4.697513 -0.032264
v 0.026343 4.697513 0.026343
v -0.026343 4.697513 -0.026343
v 0.032264 4.697513 -0.018628
v 0.035986 4.697513 -0.009642
v 0.037255 4.697513 0.000000
v 0.035986 4.697513 0.009642
v 0.032264 4.697513 0.018628
v -0.032264 4.697513 -0.018628
v -0.035986 4.697513 -0.009642
v -0.037255 4.697513 0.000000
v -0.035986 4.697513 0.009642
v -0.032264 4.697513 0.018628
v 0.001766 4.736992 0.007692
v 0.002016 4.736991 0.007726
v 0.002261 4.736996 0.005807
v 0.002012 4.736997 0.005767
v 0.002265 4.736991 0.007694
v 0.002498 4.736991 0.007597
v 0.001762 4.736997 0.005806
v 0.001529 4.736997 0.005902
v 0.001332 4.736993 0.007437
v 0.001533 4.736992 0.007593
v 0.002694 4.736995 0.006060
v 0.002494 4.736996 0.005904
v 0.002698 4.736991 0.007443
v 0.001329 4.736997 0.006056
v 0.002848 4.736995 0.006263
v 0.002952 4.736994 0.006498
v 0.002979 4.736993 0.006752
v 0.002946 4.736992 0.007005
v 0.002850 4.736992 0.007241
v 0.001176 4.736996 0.006257
v 0.001080 4.736995 0.006492
v 0.001048 4.736995 0.006744
v 0.001081 4.736994 0.006998
v 0.001178 4.736993 0.007234
v 0.001923 4.701281 0.000684
v 0.001794 4.704899 -0.000087
v 0.001683 4.708509 -0.000772
v 0.001779 4.712193 -0.000707
v 0.002101 4.716751 0.000506
v 0.002505 4.722207 0.002675
v 0.002826 4.727239 0.004893
v 0.002975 4.731203 0.006523
v 0.002931 4.734061 0.007352
v 0.002804 4.735845 0.007556
v 0.002972 4.735847 0.007329
v 0.003141 4.734068 0.007062
v 0.003242 4.731238 0.006147
v 0.003170 4.727244 0.004432
v 0.002923 4.722167 0.002117
v 0.002572 4.716709 -0.000114
v 0.002266 4.712195 -0.001350
v 0.002169 4.708512 -0.001423
v 0.002280 4.704902 -0.000735
v 0.002409 4.701283 0.000038
v -0.000247 4.701279 0.001590
v -0.000375 4.704897 0.000823
v -0.000486 4.708506 0.000139
v -0.000391 4.712193 0.000198
v 0.000018 4.716791 0.001378
v 0.000660 4.722235 0.003446
v 0.001286 4.727212 0.005537
v 0.001743 4.731142 0.007052
v 0.001984 4.734056 0.007752
v 0.002051 4.735845 0.007871
v 0.002327 4.735844 0.007837
v 0.002332 4.734056 0.007709
v 0.002201 4.731119 0.007001
v 0.001851 4.727200 0.005464
v 0.001335 4.722242 0.003358
v 0.000780 4.716802 0.001279
v 0.000404 4.712191 0.000097
v 0.000311 4.708504 0.000044
v 0.000421 4.704895 0.000726
v 0.000549 4.701278 0.001492
v -0.001040 4.701278 -0.004439
v -0.001168 4.704895 -0.005205
v -0.001279 4.708504 -0.005887
v -0.001185 4.712191 -0.005835
v -0.000807 4.716234 -0.004671
v -0.000095 4.721495 -0.002024
v 0.000674 4.726813 0.001021
v 0.001263 4.731143 0.003445
v 0.001617 4.734084 0.004997
v 0.001764 4.735860 0.005711
v 0.001507 4.735860 0.005818
v 0.001294 4.734084 0.005132
v 0.000836 4.731147 0.003621
v 0.000124 4.726826 0.001234
v -0.000754 4.721510 -0.001748
v -0.001536 4.716242 -0.004365
v -0.001926 4.712191 -0.005528
v -0.002019 4.708504 -0.005580
v -0.001909 4.704895 -0.004898
v -0.001781 4.701278 -0.004133
v -0.002417 4.701279 -0.003648
v -0.002545 4.704896 -0.004415
v -0.002656 4.708506 -0.005098
v -0.002562 4.712192 -0.005042
v -0.002158 4.716265 -0.003874
v -0.001316 4.721551 -0.001309
v -0.000345 4.726865 0.001582
v 0.000474 4.731168 0.003906
v 0.001017 4.734086 0.005347
v 0.001287 4.735859 0.005989
v 0.001119 4.735858 0.006213
v 0.000806 4.734089 0.005631
v 0.000199 4.731185 0.004278
v -0.000694 4.726924 0.002056
v -0.001736 4.721626 -0.000727
v -0.002629 4.716308 -0.003231
v -0.003051 4.712193 -0.004413
v -0.003145 4.708508 -0.004472
v -0.003035 4.704897 -0.003787
v -0.002906 4.701280 -0.003018
v -0.000246 4.701278 -0.004544
v -0.000374 4.704895 -0.005310
v -0.000484 4.708504 -0.005992
v -0.000390 4.712191 -0.005939
v -0.000024 4.716240 -0.004771
v 0.000613 4.721504 -0.002120
v 0.001258 4.726818 0.000917
v 0.001720 4.731138 0.003379
v 0.001965 4.734074 0.004947
v 0.002040 4.735855 0.005672
v -0.002422 4.701284 0.000668
v -0.002551 4.704903 -0.000107
v -0.002663 4.708514 -0.000797
v -0.002565 4.712196 -0.000722
v -0.002087 4.716659 0.000487
v -0.001212 4.722109 0.002642
v -0.000263 4.727230 0.004857
v 0.000512 4.731253 0.006481
v 0.001031 4.734073 0.007320
v 0.001294 4.735848 0.007540
v 0.001516 4.735847 0.007718
v 0.001310 4.734066 0.007550
v 0.000871 4.731232 0.006778
v 0.000195 4.727246 0.005223
v -0.000656 4.722174 0.003075
v -0.001464 4.716722 0.000970
v -0.001929 4.712195 -0.000228
v -0.002026 4.708512 -0.000302
v -0.001914 4.704902 0.000387
v -0.001785 4.701283 0.001160
v 0.001013 4.735857 0.006475
v 0.000675 4.734090 0.005964
v 0.000035 4.731217 0.004718
v -0.000903 4.726987 0.002616
v -0.001988 4.721715 -0.000050
v -0.002918 4.716365 -0.002483
v -0.003359 4.712194 -0.003679
v -0.003453 4.708509 -0.003739
v -0.003342 4.704899 -0.003053
v -0.003214 4.701281 -0.002282
v 0.002409 4.701283 -0.003032
v 0.002280 4.704902 -0.003806
v 0.002169 4.708512 -0.004494
v 0.002265 4.712196 -0.004425
v 0.002587 4.716415 -0.003187
v 0.002953 4.721793 -0.000674
v 0.003190 4.727046 0.002106
v 0.003235 4.731228 0.004322
v 0.003128 4.734086 0.005658
v 0.002965 4.735855 0.006228
v 0.002794 4.735857 0.006000
v 0.002914 4.734087 0.005366
v 0.002961 4.731204 0.003934
v 0.002844 4.726969 0.001606
v 0.002533 4.721684 -0.001275
v 0.002112 4.716343 -0.003840
v 0.001778 4.712195 -0.005057
v 0.001683 4.708510 -0.005118
v 0.001794 4.704900 -0.004432
v 0.001923 4.701281 -0.003661
v 0.002573 4.735858 0.005824
v 0.002636 4.734084 0.005141
v 0.002600 4.731178 0.003634
v 0.002385 4.726892 0.001215
v 0.001975 4.721589 -0.001742
v 0.001489 4.716295 -0.004340
v 0.001143 4.712194 -0.005539
v 0.001048 4.708508 -0.005597
v 0.001159 4.704898 -0.004912
v 0.001288 4.701280 -0.004143
v 0.000978 4.735856 0.006758
v 0.000633 4.734089 0.006323
v -0.000015 4.731238 0.005188
v -0.000958 4.727064 0.003220
v -0.002057 4.721815 0.000676
v -0.003005 4.716433 -0.001682
v -0.003464 4.712195 -0.002889
v -0.003560 4.708512 -0.002956
v -0.003449 4.704901 -0.002268
v -0.003320 4.701283 -0.001496
v 0.002715 4.701284 -0.002296
v 0.002586 4.704903 -0.003071
v 0.002474 4.708514 -0.003761
v 0.002571 4.712196 -0.003687
v 0.002881 4.716495 -0.002435
v 0.003210 4.721904 0.000015
v 0.003402 4.727116 0.002680
v 0.003406 4.731246 0.004766
v 0.003264 4.734083 0.005998
v 0.003078 4.735848 0.006494
v 0.001289 4.701279 0.001182
v 0.001161 4.704896 0.000415
v 0.001050 4.708506 -0.000268
v 0.001144 4.712192 -0.000212
v 0.001490 4.716787 0.000982
v 0.001964 4.722223 0.003095
v 0.002378 4.727217 0.005248
v 0.002622 4.731160 0.006817
v 0.002656 4.734056 0.007574
v 0.002584 4.735844 0.007729
v 0.001016 4.735853 0.007044
v 0.000681 4.734086 0.006686
v 0.000055 4.731257 0.005660
v -0.000860 4.727136 0.003824
v -0.001941 4.721919 0.001398
v -0.002887 4.716508 -0.000885
v -0.003360 4.712196 -0.002097
v -0.003457 4.708513 -0.002170
v -0.003345 4.704903 -0.001481
v -0.003216 4.701284 -0.000706
v 0.002820 4.701284 -0.001503
v 0.002690 4.704903 -0.002278
v 0.002578 4.708514 -0.002968
v 0.002676 4.712196 -0.002894
v 0.002978 4.716575 -0.001636
v 0.003290 4.722008 0.000745
v 0.003470 4.727174 0.003287
v 0.003464 4.731259 0.005241
v 0.003317 4.734069 0.006361
v 0.003111 4.735850 0.006780
v 0.001124 4.735851 0.007310
v 0.000817 4.734080 0.007026
v 0.000235 4.731264 0.006101
v -0.000623 4.727193 0.004381
v -0.001651 4.722023 0.002070
v -0.002573 4.716586 -0.000145
v -0.003054 4.712197 -0.001359
v -0.003151 4.708515 -0.001433
v -0.003039 4.704903 -0.000743
v -0.002910 4.701284 0.000032
v -0.001043 4.701281 0.001476
v -0.001172 4.704900 0.000705
v -0.001283 4.708510 0.000019
v -0.001187 4.712194 0.000086
v -0.000747 4.716767 0.001273
v -0.000018 4.722218 0.003350
v 0.000721 4.727238 0.005454
v 0.001289 4.731191 0.006973
v 0.001635 4.734058 0.007699
v 0.001774 4.735845 0.007831
v 0.002715 4.701284 -0.000708
v 0.002586 4.704903 -0.001483
v 0.002474 4.708514 -0.002172
v 0.002572 4.712196 -0.002097
v 0.002871 4.716648 -0.000844
v 0.003191 4.722098 0.001461
v 0.003389 4.727223 0.003883
v 0.003408 4.731255 0.005712
v 0.003271 4.734074 0.006724
v 0.003077 4.735848 0.007065
v 0.000548 4.701279 -0.004445
v 0.000420 4.704896 -0.005212
v 0.000309 4.708506 -0.005895
v 0.000404 4.712193 -0.005838
v 0.000760 4.716260 -0.004658
v 0.001320 4.721535 -0.002026
v 0.001843 4.726836 0.000976
v 0.002178 4.731144 0.003440
v 0.002312 4.734083 0.005000
v 0.002315 4.735859 0.005714
vn 0.1900 0.6789 -0.7092
vn -0.0000 0.6789 -0.7343
vn -0.1900 0.6789 -0.7092
vn -0.3671 0.6789 -0.6359
vn -0.5192 0.6789 -0.5192
vn -0.6359 0.6789 -0.3671
vn -0.7092 0.6789 -0.1900
vn -0.7343 0.6789 -0.0000
vn -0.7092 0.6789 0.1900
vn -0.6359 0.6789 0.3671
vn -0.5192 0.6789 0.5192
vn -0.3671 0.6789 0.6359
vn -0.1900 0.6789 0.7092
vn -0.0000 0.6789 0.7343
vn 0.1900 0.6789 0.7092
vn 0.3671 0.6789 0.6359
vn 0.5192 0.6789 0.5192
vn 0.6359 0.6789 0.3671
vn 0.7092 0.6789 0.1900
vn 0.7343 0.6789 -0.0000
vn 0.7092 0.6789 -0.1900
vn 0.6359 0.6789 -0.3671
vn 0.5192 0.6789 -0.5192
vn 0.3671 0.6789 -0.6359
vn -0.8682 -0.0687 -0.4915
vn -0.7131 -0.0523 -0.6991
vn -0.4911 -0.7256 -0.4821
vn -0.6006 -0.7244 -0.3385
vn 0.7358 -0.6773 -0.0000
vn 0.7107 -0.6773 -0.1904
vn -0.7358 -0.6772 -0.0000
vn -0.7107 -0.6772 0.1905
vn 0.3678 -0.6773 0.6372
vn 0.5202 -0.6773 0.5203
vn 0.6372 -0.6773 -0.3679
vn 0.1904 -0.6773 -0.7107
vn -0.0000 -0.6773 -0.7357
vn -0.7107 -0.6773 -0.1905
vn 0.3678 -0.6773 -0.6372
vn 0.5202 -0.6773 -0.5203
vn -0.1904 -0.6772 0.7107
vn -0.0000 -0.6772 0.7358
vn -0.6371 -0.6773 -0.3679
vn -0.3679 -0.6772 0.6372
vn -0.1904 -0.6773 -0.7106
vn -0.3678 -0.6773 -0.6372
vn -0.5202 -0.6773 -0.5203
vn 0.1904 -0.6772 0.7107
vn 0.6372 -0.6772 0.3679
vn 0.7107 -0.6772 0.1905
vn -0.6371 -0.6772 0.3679
vn -0.5202 -0.6772 0.5203
vn 0.1586 -0.7931 -0.5881
vn 0.0031 -0.7977 -0.6031
vn -0.1928 -0.6723 0.7148
vn -0.0000 -0.6662 0.7458
vn -0.1541 -0.7989 -0.5814
vn -0.3035 -0.7951 -0.5251
vn 0.1942 -0.6661 0.7201
vn 0.3736 -0.6701 0.6414
vn 0.4426 -0.7740 -0.4529
vn 0.3070 -0.7849 -0.5381
vn -0.5125 -0.6961 0.5028
vn -0.3695 -0.6822 0.6310
vn -0.4353 -0.7874 -0.4366
vn 0.5218 -0.6792 0.5161
vn -0.6119 -0.7129 0.3427
vn -0.6625 -0.7304 0.1663
vn -0.6636 -0.7480 -0.0106
vn -0.6215 -0.7636 -0.1753
vn -0.5428 -0.7770 -0.3189
vn 0.6281 -0.6925 0.3549
vn 0.6842 -0.7081 0.1743
vn 0.6878 -0.7259 -0.0102
vn 0.6429 -0.7436 -0.1836
vn 0.5578 -0.7600 -0.3336
vn 0.1895 -0.7185 -0.6692
vn 0.3601 -0.7141 -0.6003
vn 0.5052 -0.7096 -0.4911
vn 0.6168 -0.7056 -0.3489
vn 0.6870 -0.7033 -0.1825
vn 0.7125 -0.7016 -0.0033
vn 0.6901 -0.7014 0.1785
vn 0.6199 -0.7023 0.3500
vn 0.5057 -0.7042 0.4984
vn 0.3567 -0.7061 0.6117
vn 0.1892 -0.7103 0.6780
vn -0.0013 -0.7056 0.7086
vn -0.1914 -0.7139 0.6736
vn -0.3560 -0.7136 0.6033
vn -0.4996 -0.7149 0.4891
vn -0.6013 -0.7190 0.3485
vn -0.6785 -0.7122 0.1798
vn -0.6909 -0.7230 -0.0049
vn -0.6696 -0.7221 -0.1736
vn -0.3461 -0.7260 -0.5943
vn -0.1763 -0.7250 -0.6658
vn 0.0059 -0.7222 -0.6917
vn -0.2569 -0.0319 -0.9659
vn 0.0065 -0.0292 -0.9996
vn 0.4917 -0.2252 0.8412
vn 0.2570 -0.2335 0.9378
vn 0.8601 -0.1832 0.4760
vn 0.7001 -0.2076 0.6832
vn -0.0074 -0.2383 0.9712
vn 0.5120 -0.0396 -0.8581
vn 0.7126 -0.0529 -0.6996
vn 0.9591 -0.1544 0.2372
vn -0.7109 -0.1925 0.6764
vn -0.8615 -0.1658 0.4799
vn -0.5063 -0.2146 0.8353
vn 0.9921 -0.1246 -0.0154
vn -0.9600 -0.1392 0.2429
vn -0.5037 -0.0398 -0.8630
vn 0.9595 -0.0964 -0.2649
vn -0.9936 -0.1126 -0.0120
vn 0.8645 -0.0721 -0.4975
vn 0.2706 -0.0316 -0.9622
vn -0.9625 -0.0891 -0.2563
vn -0.2709 -0.2286 0.9351
vn -0.2520 -0.2017 -0.9465
vn -0.4973 -0.1899 -0.8465
vn -0.2519 -0.1984 -0.9472
vn -0.5000 -0.1864 -0.8457
vn -0.2558 -0.0845 -0.9630
vn -0.5092 -0.0756 -0.8573
vn -0.2552 0.1429 -0.9563
vn -0.5021 0.1425 -0.8530
vn -0.2450 0.3165 -0.9164
vn -0.4757 0.3068 -0.8244
vn -0.2378 0.3846 -0.8919
vn -0.4663 0.3689 -0.8040
vn -0.2396 0.3852 -0.8912
vn -0.4850 0.3638 -0.7952
vn -0.2486 0.3067 -0.9188
vn -0.5095 0.2837 -0.8124
vn -0.2555 0.1531 -0.9546
vn -0.5134 0.1385 -0.8469
vn -0.4899 0.1589 0.8572
vn -0.2492 0.1859 0.9504
vn -0.4879 0.1565 0.8588
vn -0.2470 0.1827 0.9516
vn -0.4869 0.0738 0.8703
vn -0.2459 0.0822 0.9658
vn -0.4883 -0.1050 0.8663
vn -0.2482 -0.1295 0.9600
vn -0.4774 -0.2813 0.8324
vn -0.2397 -0.3318 0.9124
vn -0.4569 -0.3813 0.8036
vn -0.2182 -0.4401 0.8710
vn -0.4505 -0.4142 0.7909
vn -0.2092 -0.4693 0.8579
vn -0.4633 -0.4104 0.7855
vn -0.2246 -0.4602 0.8589
vn -0.4824 -0.3652 0.7962
vn -0.2480 -0.4046 0.8802
vn -0.8614 -0.1306 -0.4908
vn -0.9628 -0.0861 -0.2563
vn -0.8632 -0.1273 -0.4885
vn -0.9635 -0.0835 -0.2544
vn -0.8723 -0.0432 -0.4871
vn -0.9684 -0.0228 -0.2484
vn -0.8662 0.1118 -0.4870
vn -0.9650 0.0821 -0.2489
vn -0.8435 0.2221 -0.4890
vn -0.9539 0.1501 -0.2600
vn -0.8352 0.2567 -0.4864
vn -0.9499 0.1642 -0.2661
vn -0.8480 0.2375 -0.4739
vn -0.9565 0.1393 -0.2563
vn -0.8680 0.1676 -0.4675
vn -0.9660 0.0797 -0.2461
vn -0.8765 0.0557 -0.4781
vn -0.9686 -0.0075 -0.2483
vn 0.0028 0.2002 0.9798
vn 0.0040 0.1965 0.9805
vn 0.0061 0.0855 0.9963
vn 0.0039 -0.1460 0.9893
vn 0.0029 -0.3625 0.9320
vn 0.0155 -0.4734 0.8807
vn 0.0257 -0.4977 0.8669
vn 0.0131 -0.4848 0.8745
vn -0.0033 -0.4272 0.9041
vn 0.8634 -0.0734 -0.4992
vn 0.7031 -0.1205 -0.7008
vn 0.8642 -0.0719 -0.4980
vn 0.7046 -0.1181 -0.6997
vn 0.8696 -0.0395 -0.4922
vn 0.7134 -0.0576 -0.6984
vn 0.8701 0.0126 -0.4926
vn 0.7132 0.0531 -0.6990
vn 0.8636 0.0488 -0.5019
vn 0.6989 0.1386 -0.7017
vn 0.8598 0.0572 -0.5075
vn 0.6925 0.1697 -0.7012
vn 0.8638 0.0418 -0.5020
vn 0.7044 0.1566 -0.6923
vn 0.8703 0.0049 -0.4925
vn 0.7202 0.1056 -0.6857
vn 0.8703 -0.0437 -0.4906
vn 0.7229 0.0262 -0.6905
vn 0.4990 -0.1583 -0.8520
vn 0.2640 -0.1852 -0.9466
vn 0.5017 -0.1554 -0.8510
vn 0.2678 -0.1819 -0.9461
vn 0.5117 -0.0717 -0.8562
vn 0.2756 -0.0814 -0.9578
vn 0.5085 0.0884 -0.8565
vn 0.2694 0.1159 -0.9560
vn 0.4878 0.2138 -0.8464
vn 0.2505 0.2694 -0.9299
vn 0.4818 0.2620 -0.8362
vn 0.2493 0.3294 -0.9107
vn 0.5014 0.2521 -0.8277
vn 0.2741 0.3235 -0.9057
vn 0.5242 0.1893 -0.8303
vn 0.2948 0.2525 -0.9216
vn 0.5266 0.0832 -0.8461
vn 0.2884 0.1251 -0.9493
vn -0.9994 -0.0346 -0.0004
vn -0.9995 -0.0329 0.0012
vn -1.0000 -0.0008 0.0090
vn -0.9989 0.0454 0.0077
vn -0.9980 0.0629 -0.0058
vn -0.9985 0.0518 -0.0152
vn -0.9997 0.0231 -0.0124
vn -0.9997 -0.0245 -0.0025
vn -0.9968 -0.0802 -0.0021
vn 0.0093 -0.2000 -0.9797
vn 0.0124 -0.1967 -0.9804
vn 0.0150 -0.0862 -0.9962
vn 0.0095 0.1341 -0.9909
vn 0.0011 0.3038 -0.9527
vn 0.0046 0.3710 -0.9286
vn 0.0237 0.3702 -0.9287
vn 0.0339 0.2936 -0.9553
vn 0.0209 0.1486 -0.9887
vn 0.9655 -0.0205 -0.2595
vn 0.9659 -0.0199 -0.2580
vn 0.9680 -0.0184 -0.2503
vn 0.9676 -0.0294 -0.2507
vn 0.9642 -0.0481 -0.2607
vn 0.9612 -0.0659 -0.2680
vn 0.9597 -0.0832 -0.2683
vn 0.9590 -0.1044 -0.2633
vn 0.9578 -0.1210 -0.2606
vn 0.4895 0.1904 0.8509
vn 0.6945 0.1667 0.6999
vn 0.4889 0.1867 0.8521
vn 0.6933 0.1636 0.7018
vn 0.4947 0.0756 0.8658
vn 0.6983 0.0631 0.7130
vn 0.4911 -0.1547 0.8573
vn 0.6940 -0.1462 0.7050
vn 0.4624 -0.3664 0.8074
vn 0.6616 -0.3392 0.6687
vn 0.4285 -0.4725 0.7701
vn 0.6242 -0.4384 0.6466
vn 0.4137 -0.4941 0.7647
vn 0.6104 -0.4623 0.6432
vn 0.4267 -0.4788 0.7672
vn 0.6258 -0.4481 0.6384
vn 0.4552 -0.4178 0.7863
vn 0.6569 -0.3881 0.6464
vn -0.9658 0.0200 0.2587
vn -0.9653 0.0207 0.2604
vn -0.9631 0.0215 0.2682
vn -0.9639 0.0050 0.2662
vn -0.9669 -0.0325 0.2531
vn -0.9674 -0.0710 0.2431
vn -0.9654 -0.1029 0.2396
vn -0.9610 -0.1349 0.2414
vn -0.9562 -0.1604 0.2447
vn 0.9994 0.0343 0.0008
vn 0.9994 0.0339 0.0028
vn 0.9999 0.0041 0.0106
vn 0.9976 -0.0690 0.0091
vn 0.9898 -0.1427 -0.0006
vn 0.9823 -0.1872 -0.0063
vn 0.9782 -0.2072 -0.0108
vn 0.9768 -0.2136 -0.0141
vn 0.9796 -0.2004 -0.0147
vn -0.7039 -0.1657 -0.6907
vn -0.7068 -0.1621 -0.6886
vn -0.7177 -0.0611 -0.6936
vn -0.7094 0.1323 -0.6923
vn -0.6802 0.2746 -0.6796
vn -0.6702 0.3257 -0.6670
vn -0.6890 0.3127 -0.6539
vn -0.7150 0.2366 -0.6579
vn -0.7235 0.1052 -0.6823
vn -0.8627 0.0733 0.5003
vn -0.8616 0.0730 0.5023
vn -0.8590 0.0424 0.5101
vn -0.8612 -0.0356 0.5070
vn -0.8611 -0.1269 0.4923
vn -0.8556 -0.1916 0.4808
vn -0.8524 -0.2252 0.4719
vn -0.8515 -0.2418 0.4653
vn -0.8522 -0.2373 0.4663
vn 0.9618 0.0862 0.2599
vn 0.9613 0.0848 0.2621
vn 0.9625 0.0263 0.2699
vn 0.9583 -0.1028 0.2667
vn 0.9405 -0.2260 0.2536
vn 0.9231 -0.2943 0.2477
vn 0.9171 -0.3168 0.2419
vn 0.9209 -0.3124 0.2332
vn 0.9332 -0.2755 0.2308
vn -0.6994 0.1207 0.7044
vn -0.6977 0.1193 0.7064
vn -0.6963 0.0603 0.7153
vn -0.6984 -0.0730 0.7120
vn -0.6920 -0.2115 0.6902
vn -0.6779 -0.2975 0.6723
vn -0.6732 -0.3318 0.6609
vn -0.6798 -0.3363 0.6517
vn -0.6910 -0.3075 0.6542
vn 0.8569 0.1313 0.4984
vn 0.8560 0.1289 0.5006
vn 0.8590 0.0463 0.5099
vn 0.8538 -0.1290 0.5043
vn 0.8261 -0.2925 0.4816
vn 0.7968 -0.3791 0.4704
vn 0.7879 -0.4032 0.4655
vn 0.7987 -0.3924 0.4563
vn 0.8222 -0.3396 0.4567
vn 0.2536 0.2018 0.9460
vn 0.2537 0.1978 0.9468
vn 0.2580 0.0832 0.9626
vn 0.2555 -0.1546 0.9544
vn 0.2398 -0.3740 0.8959
vn 0.2283 -0.4834 0.8451
vn 0.2266 -0.5039 0.8335
vn 0.2270 -0.4889 0.8423
vn 0.2346 -0.4295 0.8721
vt 0.685243 0.028559
vt 0.891242 0.028559
vt 0.483027 0.028559
vt 0.720344 0.028559
vt 0.924238 0.028559
vt 0.516023 0.028559
vt 0.650424 0.028559
vt 0.858018 0.028559
vt 0.737903 0.028559
vt 0.755412 0.028559
vt 0.772836 0.028559
vt 0.973858 0.028559
vt 0.565643 0.028559
vt 0.957259 0.028559
vt 0.549044 0.028559
vt 0.940729 0.028559
vt 0.532514 0.028559
vt 0.790146 0.028559
vt 0.667782 0.028559
vt 0.874673 0.028559
vt 0.702777 0.028559
vt 0.907753 0.028559
vt 0.499538 0.028559
vt 0.633194 0.028559
vt 0.616103 0.028559
vt 0.599154 0.028559
vt 0.807323 0.028559
vt 0.824358 0.028559
vt 0.841253 0.028559
vt 0.582339 0.028559
vt 0.626774 0.089489
vt 0.654010 0.089488
vt 0.888636 0.089488
vt 0.899151 0.089487
vt 0.490936 0.089487
vt 0.693326 0.089487
vt 0.738601 0.089488
vt 0.501372 0.089487
vt 0.511787 0.089487
vt 0.591542 0.089491
vt 0.607149 0.089490
vt 0.867064 0.089489
vt 0.877974 0.089489
vt 0.773996 0.089489
vt 0.522229 0.089488
vt 0.855780 0.089490
vt 0.843864 0.089490
vt 0.830911 0.089491
vt 0.816205 0.089491
vt 0.798238 0.089490
vt 0.532760 0.089488
vt 0.543474 0.089489
vt 0.554450 0.089490
vt 0.565898 0.089490
vt 0.578105 0.089491
vt 0.667782 0.089367
vt 0.685243 0.089367
vt 0.874673 0.089367
vt 0.891242 0.089367
vt 0.483027 0.089367
vt 0.702777 0.089367
vt 0.720344 0.089367
vt 0.499538 0.089367
vt 0.516023 0.089367
vt 0.633194 0.089367
vt 0.650424 0.089367
vt 0.841253 0.089367
vt 0.858018 0.089367
vt 0.737903 0.089367
vt 0.532514 0.089367
vt 0.824358 0.089367
vt 0.807323 0.089367
vt 0.790146 0.089367
vt 0.772836 0.089367
vt 0.755412 0.089367
vt 0.549044 0.089367
vt 0.565643 0.089367
vt 0.582339 0.089367
vt 0.599154 0.089367
vt 0.616103 0.089367
vt 0.698074 0.119133
vt 0.700354 0.119133
vt 0.708801 0.119136
vt 0.705889 0.119136
vt 0.702732 0.119133
vt 0.705108 0.119133
vt 0.702568 0.119136
vt 0.699288 0.119136
vt 0.694230 0.119134
vt 0.695996 0.119133
vt 0.712633 0.119136
vt 0.711112 0.119136
vt 0.707380 0.119133
vt 0.696378 0.119136
vt 0.713330 0.119135
vt 0.713325 0.119135
vt 0.712499 0.119134
vt 0.711189 0.119134
vt 0.709444 0.119133
vt 0.694112 0.119136
vt 0.692638 0.119136
vt 0.691987 0.119135
vt 0.692106 0.119135
vt 0.692893 0.119134
vt 0.805594 0.092208
vt 0.836451 0.094936
vt 0.854133 0.097658
vt 0.850647 0.100435
vt 0.810470 0.103871
vt 0.743565 0.107985
vt 0.721137 0.111780
vt 0.713443 0.114769
vt 0.709800 0.116924
vt 0.707986 0.118268
vt 0.710242 0.118269
vt 0.712770 0.116928
vt 0.717922 0.114795
vt 0.729238 0.111783
vt 0.761134 0.107955
vt 0.822352 0.103840
vt 0.849982 0.100437
vt 0.852640 0.097660
vt 0.840345 0.094938
vt 0.820813 0.092209
vt 0.622585 0.092207
vt 0.567645 0.094934
vt 0.536657 0.097656
vt 0.535652 0.100435
vt 0.619486 0.103902
vt 0.689422 0.108006
vt 0.696916 0.111759
vt 0.699072 0.114723
vt 0.700008 0.116920
vt 0.700380 0.118268
vt 0.702950 0.118268
vt 0.703306 0.116919
vt 0.703917 0.114705
vt 0.704996 0.111750
vt 0.707805 0.108012
vt 0.740106 0.103910
vt 0.899527 0.100434
vt 0.491312 0.100434
vt 0.904844 0.097654
vt 0.496629 0.097654
vt 0.912809 0.094933
vt 0.504594 0.094933
vt 0.687285 0.092206
vt 0.500306 0.092206
vt 0.499416 0.094933
vt 0.498756 0.097654
vt 0.498050 0.100434
vt 0.905341 0.103482
vt 0.497126 0.103482
vt 0.495339 0.107449
vt 0.903554 0.107449
vt 0.807431 0.111459
vt 0.705298 0.114724
vt 0.703545 0.116941
vt 0.702913 0.118280
vt 0.699226 0.118280
vt 0.698085 0.116941
vt 0.693656 0.114726
vt 0.609640 0.111468
vt 0.510195 0.107460
vt 0.505866 0.103488
vt 0.505386 0.100434
vt 0.506019 0.097654
vt 0.507454 0.094933
vt 0.509431 0.092206
vt 0.518558 0.092206
vt 0.515459 0.094934
vt 0.513221 0.097655
vt 0.512674 0.100434
vt 0.514631 0.103505
vt 0.525305 0.107491
vt 0.618689 0.111498
vt 0.684670 0.114742
vt 0.693386 0.116941
vt 0.695970 0.118279
vt 0.693461 0.118279
vt 0.689973 0.116944
vt 0.679321 0.114755
vt 0.628200 0.111542
vt 0.540918 0.107547
vt 0.523452 0.103538
vt 0.519842 0.100435
vt 0.520302 0.097656
vt 0.523403 0.094935
vt 0.527702 0.092207
vt 0.899393 0.092206
vt 0.491178 0.092206
vt 0.899594 0.094933
vt 0.491379 0.094933
vt 0.491491 0.097654
vt 0.898924 0.100434
vt 0.490709 0.100434
vt 0.488388 0.103487
vt 0.896604 0.103487
vt 0.888870 0.107455
vt 0.801136 0.111462
vt 0.716770 0.114720
vt 0.709023 0.116933
vt 0.706627 0.118276
vt 0.575601 0.092210
vt 0.560704 0.094939
vt 0.550030 0.097661
vt 0.550322 0.100438
vt 0.570197 0.103803
vt 0.631831 0.107912
vt 0.672641 0.111773
vt 0.685862 0.114806
vt 0.691284 0.116932
vt 0.693727 0.118271
vt 0.695658 0.118270
vt 0.693873 0.116927
vt 0.689954 0.114790
vt 0.680812 0.111785
vt 0.651354 0.107960
vt 0.581223 0.103850
vt 0.552921 0.100437
vt 0.552460 0.097660
vt 0.566754 0.094938
vt 0.586939 0.092210
vt 0.691859 0.118278
vt 0.687988 0.116945
vt 0.677272 0.114779
vt 0.637563 0.111590
vt 0.557284 0.107615
vt 0.532359 0.103581
vt 0.526844 0.100436
vt 0.527210 0.097658
vt 0.531272 0.094936
vt 0.536905 0.092208
vt 0.862515 0.092209
vt 0.868032 0.094938
vt 0.871813 0.097660
vt 0.870546 0.100437
vt 0.861170 0.103619
vt 0.828796 0.107673
vt 0.763841 0.111634
vt 0.731069 0.114787
vt 0.719507 0.116942
vt 0.714703 0.118276
vt 0.714015 0.118277
vt 0.718936 0.116942
vt 0.731683 0.114769
vt 0.773170 0.111576
vt 0.844465 0.107591
vt 0.870175 0.103564
vt 0.877369 0.100437
vt 0.878459 0.097658
vt 0.875760 0.094936
vt 0.871839 0.092208
vt 0.712399 0.118278
vt 0.717027 0.116941
vt 0.730051 0.114750
vt 0.782841 0.111518
vt 0.859604 0.107519
vt 0.879047 0.103528
vt 0.884421 0.100436
vt 0.885389 0.097657
vt 0.883631 0.094935
vt 0.881075 0.092207
vt 0.691181 0.118276
vt 0.687341 0.116944
vt 0.677512 0.114795
vt 0.646782 0.111648
vt 0.574598 0.107690
vt 0.541396 0.103632
vt 0.533594 0.100437
vt 0.533812 0.097660
vt 0.538987 0.094937
vt 0.546169 0.092209
vt 0.852996 0.092210
vt 0.860475 0.094939
vt 0.865559 0.097661
vt 0.864079 0.100438
vt 0.852002 0.103678
vt 0.812530 0.107757
vt 0.754805 0.111687
vt 0.728969 0.114801
vt 0.718954 0.116940
vt 0.714587 0.118271
vt 0.777851 0.092206
vt 0.840688 0.094934
vt 0.866582 0.097655
vt 0.861584 0.100434
vt 0.793632 0.103899
vt 0.725850 0.107998
vt 0.713062 0.111763
vt 0.708744 0.114736
vt 0.706606 0.116920
vt 0.705519 0.118268
vt 0.691352 0.118275
vt 0.687824 0.116942
vt 0.679368 0.114810
vt 0.655705 0.111702
vt 0.592931 0.107768
vt 0.550627 0.103689
vt 0.539955 0.100438
vt 0.540005 0.097661
vt 0.546538 0.094939
vt 0.555603 0.092210
vt 0.843130 0.092210
vt 0.853176 0.094939
vt 0.859916 0.097662
vt 0.858178 0.100438
vt 0.842591 0.103739
vt 0.795700 0.107836
vt 0.746040 0.111731
vt 0.725852 0.114810
vt 0.717559 0.116929
vt 0.713648 0.118272
vt 0.692247 0.118273
vt 0.689209 0.116937
vt 0.682268 0.114814
vt 0.664297 0.111745
vt 0.612186 0.107847
vt 0.560159 0.103747
vt 0.545670 0.100438
vt 0.545566 0.097662
vt 0.553842 0.094939
vt 0.565341 0.092210
vt 0.600804 0.092208
vt 0.570858 0.094936
vt 0.550446 0.097658
vt 0.550799 0.100436
vt 0.594776 0.103884
vt 0.670626 0.107994
vt 0.688873 0.111779
vt 0.694387 0.114760
vt 0.696822 0.116921
vt 0.697914 0.118269
vt 0.832647 0.092210
vt 0.846341 0.094939
vt 0.855321 0.097661
vt 0.853207 0.100438
vt 0.832805 0.103795
vt 0.778518 0.107904
vt 0.737530 0.111767
vt 0.722102 0.114807
vt 0.715389 0.116933
vt 0.712171 0.118271
vt 0.890250 0.092206
vt 0.891584 0.094934
vt 0.483369 0.094934
vt 0.892493 0.097655
vt 0.484278 0.097655
vt 0.483409 0.100435
vt 0.891624 0.100435
vt 0.887847 0.103502
vt 0.874285 0.107479
vt 0.792479 0.111476
vt 0.725361 0.114724
vt 0.713657 0.116940
vt 0.709873 0.118279
s 1
usemtl Street_Lamp
f 1856/2232/1771 1843/2214/1772 1858/2234/1773 1845/2217/1774 1849/2222/1775 1850/2223/1776 1851/2224/1777 1855/2231/1778 1863/2240/1779 1864/2241/1780 1865/2242/1781 1848/2221/1782 1857/2233/1783 1844/2215/1784 1859/2235/1785 1846/2218/1786 1854/2229/1787 1853/2227/1788 1852/2225/1789 1866/2243/1790 1862/2239/1791 1861/2238/1792 1860/2237/1793 1847/2220/1794
f 1949/2328/1795 1948/2327/1796 1927/2306/1797 1933/2312/1798
f 1862/2239/1791 1866/2243/1790 1912/2291/1799 1913/2292/1800
f 1863/2240/1779 1855/2231/1778 1907/2286/1801 1906/2285/1802
f 1854/2230/1787 1846/2219/1786 1898/2277/1803 1904/2283/1804
f 1861/2238/1792 1862/2239/1791 1913/2292/1800 1914/2293/1805
f 1843/2214/1772 1856/2232/1771 1891/2269/1806 1892/2270/1807
f 1855/2231/1778 1851/2224/1777 1908/2287/1808 1907/2286/1801
f 1856/2232/1771 1847/2220/1794 1900/2279/1809 1891/2269/1806
f 1860/2237/1793 1861/2238/1792 1914/2293/1805 1899/2278/1810
f 1844/2215/1784 1857/2233/1783 1893/2271/1811 1894/2272/1812
f 1851/2224/1777 1850/2223/1776 1909/2288/1813 1908/2287/1808
f 1857/2233/1783 1848/2221/1782 1902/2281/1814 1893/2271/1811
f 1845/2217/1774 1858/2234/1773 1895/2274/1815 1896/2275/1816
f 1850/2223/1776 1849/2222/1775 1903/2282/1817 1909/2288/1813
f 1858/2234/1773 1843/2214/1772 1892/2270/1807 1895/2274/1815
f 1846/2219/1786 1859/2236/1785 1897/2276/1818 1898/2277/1803
f 1853/2228/1788 1854/2230/1787 1904/2283/1804 1910/2289/1819
f 1859/2236/1785 1844/2216/1784 1894/2273/1812 1897/2276/1818
f 1847/2220/1794 1860/2237/1793 1899/2278/1810 1900/2279/1809
f 1852/2226/1789 1853/2228/1788 1910/2289/1819 1911/2290/1820
f 1865/2242/1781 1864/2241/1780 1905/2284/1821 1901/2280/1822
f 1848/2221/1782 1865/2242/1781 1901/2280/1822 1902/2281/1814
f 1866/2243/1790 1852/2226/1789 1911/2290/1820 1912/2291/1799
f 1864/2241/1780 1863/2240/1779 1906/2285/1802 1905/2284/1821
f 1849/2222/1775 1845/2217/1774 1896/2275/1816 1903/2282/1817
f 1867/2244/1823 1868/2245/1824 1892/2270/1807 1891/2269/1806
f 1869/2246/1825 1870/2247/1826 1894/2272/1812 1893/2271/1811
f 1871/2249/1827 1872/2250/1828 1896/2275/1816 1895/2274/1815
f 1873/2251/1829 1874/2252/1830 1898/2277/1803 1897/2276/1818
f 1875/2253/1831 1876/2254/1832 1900/2279/1809 1899/2278/1810
f 1877/2255/1833 1878/2256/1834 1902/2281/1814 1901/2280/1822
f 1872/2250/1828 1879/2257/1835 1903/2282/1817 1896/2275/1816
f 1874/2252/1830 1880/2258/1836 1904/2283/1804 1898/2277/1803
f 1876/2254/1832 1867/2244/1823 1891/2269/1806 1900/2279/1809
f 1878/2256/1834 1869/2246/1825 1893/2271/1811 1902/2281/1814
f 1868/2245/1824 1871/2249/1827 1895/2274/1815 1892/2270/1807
f 1870/2248/1826 1873/2251/1829 1897/2276/1818 1894/2273/1812
f 1881/2259/1837 1877/2255/1833 1901/2280/1822 1905/2284/1821
f 1882/2260/1838 1881/2259/1837 1905/2284/1821 1906/2285/1802
f 1883/2261/1839 1882/2260/1838 1906/2285/1802 1907/2286/1801
f 1884/2262/1840 1883/2261/1839 1907/2286/1801 1908/2287/1808
f 1885/2263/1841 1884/2262/1840 1908/2287/1808 1909/2288/1813
f 1879/2257/1835 1885/2263/1841 1909/2288/1813 1903/2282/1817
f 1880/2258/1836 1886/2264/1842 1910/2289/1819 1904/2283/1804
f 1886/2264/1842 1887/2265/1843 1911/2290/1820 1910/2289/1819
f 1887/2265/1843 1888/2266/1844 1912/2291/1799 1911/2290/1820
f 1888/2266/1844 1889/2267/1845 1913/2292/1800 1912/2291/1799
f 1889/2267/1845 1890/2268/1846 1914/2293/1805 1913/2292/1800
f 1890/2268/1846 1875/2253/1831 1899/2278/1810 1914/2293/1805
f 1915/2294/1847 1924/2303/1848 1923/2302/1849 1938/2317/1850 1937/2316/1851 1936/2315/1852 1935/2314/1853 1934/2313/1854 1928/2307/1855 1922/2301/1856 1921/2300/1857 1918/2297/1858 1917/2296/1859 1926/2305/1860 1925/2304/1861 1929/2308/1862 1930/2309/1863 1931/2310/1864 1932/2311/1865 1933/2312/1798 1927/2306/1797 1920/2299/1866 1919/2298/1867 1916/2295/1868
f 1969/2348/1869 1968/2347/1870 1916/2295/1868 1919/2298/1867
f 1989/2373/1871 1988/2372/1872 1921/2300/1857 1922/2301/1856
f 2009/2393/1873 2008/2392/1874 1928/2307/1855 1934/2313/1854
f 1988/2372/1872 2028/2416/1875 1918/2297/1858 1921/2300/1857
f 2039/2427/1876 2038/2426/1877 1923/2302/1849 1924/2303/1848
f 2049/2437/1878 2009/2393/1873 1934/2313/1854 1935/2314/1853
f 2069/2457/1879 2068/2456/1880 1929/2308/1862 1925/2304/1861
f 2079/2467/1881 2069/2457/1879 1925/2304/1861 1926/2305/1860
f 2089/2477/1882 2049/2437/1878 1935/2314/1853 1936/2315/1852
f 2068/2456/1880 2108/2496/1883 1930/2309/1863 1929/2308/1862
f 1948/2327/1796 2118/2506/1884 1920/2299/1866 1927/2306/1797
f 2119/2507/1885 2089/2477/1882 1936/2315/1852 1937/2316/1851
f 2108/2496/1883 2138/2526/1886 1931/2310/1864 1930/2309/1863
f 2008/2392/1874 1989/2373/1871 1922/2301/1856 1928/2307/1855
f 2139/2527/1887 2119/2507/1885 1937/2316/1851 1938/2317/1850
f 1968/2347/1870 2158/2546/1888 1915/2294/1847 1916/2295/1868
f 2138/2526/1886 2168/2556/1889 1932/2311/1865 1931/2310/1864
f 2158/2546/1888 2039/2427/1876 1924/2303/1848 1915/2294/1847
f 2038/2426/1877 2139/2527/1887 1938/2317/1850 1923/2302/1849
f 2028/2416/1875 2178/2569/1890 1917/2296/1859 1918/2297/1858
f 2168/2556/1889 1949/2328/1795 1933/2312/1798 1932/2311/1865
f 2178/2569/1890 2079/2467/1881 1926/2305/1860 1917/2296/1859
f 2118/2506/1884 1969/2348/1869 1919/2298/1867 1920/2299/1866
f 1872/2250/1828 1871/2249/1827 1978/2360/1891 2109/2497/1892
f 2109/2497/1892 1978/2360/1891 1977/2358/1893 2110/2498/1894
f 2110/2498/1894 1977/2358/1893 1976/2356/1895 2111/2499/1896
f 2111/2499/1896 1976/2356/1895 1975/2354/1897 2112/2500/1898
f 2112/2500/1898 1975/2354/1897 1974/2353/1899 2113/2501/1900
f 2113/2501/1900 1974/2353/1899 1973/2352/1901 2114/2502/1902
f 2114/2502/1902 1973/2352/1901 1972/2351/1903 2115/2503/1904
f 2115/2503/1904 1972/2351/1903 1971/2350/1905 2116/2504/1906
f 2116/2504/1906 1971/2350/1905 1970/2349/1907 2117/2505/1908
f 2117/2505/1908 1970/2349/1907 1969/2348/1869 2118/2506/1884
f 1869/2246/1825 1878/2256/1834 2088/2476/1909 2169/2557/1910
f 2169/2557/1910 2088/2476/1909 2087/2475/1911 2170/2558/1912
f 2170/2558/1912 2087/2475/1911 2086/2474/1913 2171/2560/1914
f 2171/2560/1914 2086/2474/1913 2085/2473/1915 2172/2563/1916
f 2172/2563/1916 2085/2473/1915 2084/2472/1917 2173/2564/1918
f 2173/2564/1918 2084/2472/1917 2083/2471/1919 2174/2565/1920
f 2174/2565/1920 2083/2471/1919 2082/2470/1921 2175/2566/1922
f 2175/2566/1922 2082/2470/1921 2081/2469/1923 2176/2567/1924
f 2176/2567/1924 2081/2469/1923 2080/2468/1925 2177/2568/1926
f 2177/2568/1926 2080/2468/1925 2079/2467/1881 2178/2569/1890
f 1884/2262/1840 1885/2263/1841 1958/2337/1927 2159/2547/1928
f 2159/2547/1928 1958/2337/1927 1957/2336/1929 2160/2548/1930
f 2160/2548/1930 1957/2336/1929 1956/2335/1931 2161/2549/1932
f 2161/2549/1932 1956/2335/1931 1955/2334/1933 2162/2550/1934
f 2162/2550/1934 1955/2334/1933 1954/2333/1935 2163/2551/1936
f 2163/2551/1936 1954/2333/1935 1953/2332/1937 2164/2552/1938
f 2164/2552/1938 1953/2332/1937 1952/2331/1939 2165/2553/1940
f 2165/2553/1940 1952/2331/1939 1951/2330/1941 2166/2554/1942
f 2166/2554/1942 1951/2330/1941 1950/2329/1943 2167/2555/1944
f 2167/2555/1944 1950/2329/1943 1949/2328/1795 2168/2556/1889
f 1870/2247/1826 1869/2246/1825 2169/2557/1910 2019/2403/1945
f 2019/2403/1945 2169/2557/1910 2170/2558/1912 2020/2405/1946
f 2020/2406/1946 2170/2559/1912 2171/2561/1914 2021/2407/1947
f 2021/2407/1947 2171/2561/1914 2172/2562/1916 2022/2409/1948
f 2022/2408/1948 2172/2563/1916 2173/2564/1918 2023/2411/1949
f 2023/2411/1949 2173/2564/1918 2174/2565/1920 2024/2412/1950
f 2024/2412/1950 2174/2565/1920 2175/2566/1922 2025/2413/1951
f 2025/2413/1951 2175/2566/1922 2176/2567/1924 2026/2414/1952
f 2026/2414/1952 2176/2567/1924 2177/2568/1926 2027/2415/1953
f 2027/2415/1953 2177/2568/1926 2178/2569/1890 2028/2416/1875
f 1875/2253/1831 1890/2268/1846 2148/2536/1954 2029/2417/1955
f 2029/2417/1955 2148/2536/1954 2147/2535/1956 2030/2418/1957
f 2030/2418/1957 2147/2535/1956 2146/2534/1958 2031/2419/1959
f 2031/2419/1959 2146/2534/1958 2145/2533/1960 2032/2420/1961
f 2032/2420/1961 2145/2533/1960 2144/2532/1962 2033/2421/1963
f 2033/2421/1963 2144/2532/1962 2143/2531/1964 2034/2422/1965
f 2034/2422/1965 2143/2531/1964 2142/2530/1966 2035/2423/1967
f 2035/2423/1967 2142/2530/1966 2141/2529/1968 2036/2424/1969
f 2036/2424/1969 2141/2529/1968 2140/2528/1970 2037/2425/1971
f 2037/2425/1971 2140/2528/1970 2139/2527/1887 2038/2426/1877
f 1867/2244/1823 1876/2254/1832 2048/2436/1972 2149/2537/1973
f 2149/2537/1973 2048/2436/1972 2047/2435/1974 2150/2538/1975
f 2150/2538/1975 2047/2435/1974 2046/2434/1976 2151/2539/1977
f 2151/2539/1977 2046/2434/1976 2045/2433/1978 2152/2540/1979
f 2152/2540/1979 2045/2433/1978 2044/2432/1980 2153/2541/1981
f 2153/2541/1981 2044/2432/1980 2043/2431/1982 2154/2542/1983
f 2154/2542/1983 2043/2431/1982 2042/2430/1984 2155/2543/1985
f 2155/2543/1985 2042/2430/1984 2041/2429/1986 2156/2544/1987
f 2156/2544/1987 2041/2429/1986 2040/2428/1988 2157/2545/1989
f 2157/2545/1989 2040/2428/1988 2039/2427/1876 2158/2546/1888
f 1883/2261/1839 1884/2262/1840 2159/2547/1928 2129/2517/1990
f 2129/2517/1990 2159/2547/1928 2160/2548/1930 2130/2518/1991
f 2130/2518/1991 2160/2548/1930 2161/2549/1932 2131/2519/1992
f 2131/2519/1992 2161/2549/1932 2162/2550/1934 2132/2520/1993
f 2132/2520/1993 2162/2550/1934 2163/2551/1936 2133/2521/1994
f 2133/2521/1994 2163/2551/1936 2164/2552/1938 2134/2522/1995
f 2134/2522/1995 2164/2552/1938 2165/2553/1940 2135/2523/1996
f 2135/2523/1996 2165/2553/1940 2166/2554/1942 2136/2524/1997
f 2136/2524/1997 2166/2554/1942 2167/2555/1944 2137/2525/1998
f 2137/2525/1998 2167/2555/1944 2168/2556/1889 2138/2526/1886
f 1868/2245/1824 1867/2244/1823 2149/2537/1973 1959/2338/1999
f 1959/2338/1999 2149/2537/1973 2150/2538/1975 1960/2339/2000
f 1960/2339/2000 2150/2538/1975 2151/2539/1977 1961/2340/2001
f 1961/2340/2001 2151/2539/1977 2152/2540/1979 1962/2341/2002
f 1962/2341/2002 2152/2540/1979 2153/2541/1981 1963/2342/2003
f 1963/2342/2003 2153/2541/1981 2154/2542/1983 1964/2343/2004
f 1964/2343/2004 2154/2542/1983 2155/2543/1985 1965/2344/2005
f 1965/2344/2005 2155/2543/1985 2156/2544/1987 1966/2345/2006
f 1966/2345/2006 2156/2544/1987 2157/2545/1989 1967/2346/2007
f 1967/2346/2007 2157/2545/1989 2158/2546/1888 1968/2347/1870
f 1890/2268/1846 1889/2267/1845 2128/2516/2008 2148/2536/1954
f 2148/2536/1954 2128/2516/2008 2127/2515/2009 2147/2535/1956
f 2147/2535/1956 2127/2515/2009 2126/2514/2010 2146/2534/1958
f 2146/2534/1958 2126/2514/2010 2125/2513/2011 2145/2533/1960
f 2145/2533/1960 2125/2513/2011 2124/2512/2012 2144/2532/1962
f 2144/2532/1962 2124/2512/2012 2123/2511/2013 2143/2531/1964
f 2143/2531/1964 2123/2511/2013 2122/2510/2014 2142/2530/1966
f 2142/2530/1966 2122/2510/2014 2121/2509/2015 2141/2529/1968
f 2141/2529/1968 2121/2509/2015 2120/2508/2016 2140/2528/1970
f 2140/2528/1970 2120/2508/2016 2119/2507/1885 2139/2527/1887
f 1880/2258/1836 1874/2252/1830 1998/2382/2017 1999/2383/2018
f 1999/2383/2018 1998/2382/2017 1997/2381/2019 2000/2384/2020
f 2000/2384/2020 1997/2381/2019 1996/2380/2021 2001/2385/2022
f 2001/2385/2022 1996/2380/2021 1995/2379/2023 2002/2386/2024
f 2002/2386/2024 1995/2379/2023 1994/2378/2025 2003/2387/2026
f 2003/2387/2026 1994/2378/2025 1993/2377/2027 2004/2388/2028
f 2004/2388/2028 1993/2377/2027 1992/2376/2029 2005/2389/2030
f 2005/2389/2030 1992/2376/2029 1991/2375/2031 2006/2390/2032
f 2006/2390/2032 1991/2375/2031 1990/2374/2033 2007/2391/2034
f 2007/2391/2034 1990/2374/2033 1989/2373/1871 2008/2392/1874
f 1882/2260/1838 1883/2261/1839 2129/2517/1990 2099/2487/2035
f 2099/2487/2035 2129/2517/1990 2130/2518/1991 2100/2488/2036
f 2100/2488/2036 2130/2518/1991 2131/2519/1992 2101/2489/2037
f 2101/2489/2037 2131/2519/1992 2132/2520/1993 2102/2490/2038
f 2102/2490/2038 2132/2520/1993 2133/2521/1994 2103/2491/2039
f 2103/2491/2039 2133/2521/1994 2134/2522/1995 2104/2492/2040
f 2104/2492/2040 2134/2522/1995 2135/2523/1996 2105/2493/2041
f 2105/2493/2041 2135/2523/1996 2136/2524/1997 2106/2494/2042
f 2106/2494/2042 2136/2524/1997 2137/2525/1998 2107/2495/2043
f 2107/2495/2043 2137/2525/1998 2138/2526/1886 2108/2496/1883
f 1889/2267/1845 1888/2266/1844 2098/2486/2044 2128/2516/2008
f 2128/2516/2008 2098/2486/2044 2097/2485/2045 2127/2515/2009
f 2127/2515/2009 2097/2485/2045 2096/2484/2046 2126/2514/2010
f 2126/2514/2010 2096/2484/2046 2095/2483/2047 2125/2513/2011
f 2125/2513/2011 2095/2483/2047 2094/2482/2048 2124/2512/2012
f 2124/2512/2012 2094/2482/2048 2093/2481/2049 2123/2511/2013
f 2123/2511/2013 2093/2481/2049 2092/2480/2050 2122/2510/2014
f 2122/2510/2014 2092/2480/2050 2091/2479/2051 2121/2509/2015
f 2121/2509/2015 2091/2479/2051 2090/2478/2052 2120/2508/2016
f 2120/2508/2016 2090/2478/2052 2089/2477/1882 2119/2507/1885
f 1879/2257/1835 1872/2250/1828 2109/2497/1892 1939/2318/2053
f 1939/2318/2053 2109/2497/1892 2110/2498/1894 1940/2319/2054
f 1940/2319/2054 2110/2498/1894 2111/2499/1896 1941/2320/2055
f 1941/2320/2055 2111/2499/1896 2112/2500/1898 1942/2321/2056
f 1942/2321/2056 2112/2500/1898 2113/2501/1900 1943/2322/2057
f 1943/2322/2057 2113/2501/1900 2114/2502/1902 1944/2323/2058
f 1944/2323/2058 2114/2502/1902 2115/2503/1904 1945/2324/2059
f 1945/2324/2059 2115/2503/1904 2116/2504/1906 1946/2325/2060
f 1946/2325/2060 2116/2504/1906 2117/2505/1908 1947/2326/2061
f 1947/2326/2061 2117/2505/1908 2118/2506/1884 1948/2327/1796
f 1881/2259/1837 1882/2260/1838 2099/2487/2035 2059/2447/2062
f 2059/2447/2062 2099/2487/2035 2100/2488/2036 2060/2448/2063
f 2060/2448/2063 2100/2488/2036 2101/2489/2037 2061/2449/2064
f 2061/2449/2064 2101/2489/2037 2102/2490/2038 2062/2450/2065
f 2062/2450/2065 2102/2490/2038 2103/2491/2039 2063/2451/2066
f 2063/2451/2066 2103/2491/2039 2104/2492/2040 2064/2452/2067
f 2064/2452/2067 2104/2492/2040 2105/2493/2041 2065/2453/2068
f 2065/2453/2068 2105/2493/2041 2106/2494/2042 2066/2454/2069
f 2066/2454/2069 2106/2494/2042 2107/2495/2043 2067/2455/2070
f 2067/2455/2070 2107/2495/2043 2108/2496/1883 2068/2456/1880
f 1888/2266/1844 1887/2265/1843 2058/2446/2071 2098/2486/2044
f 2098/2486/2044 2058/2446/2071 2057/2445/2072 2097/2485/2045
f 2097/2485/2045 2057/2445/2072 2056/2444/2073 2096/2484/2046
f 2096/2484/2046 2056/2444/2073 2055/2443/2074 2095/2483/2047
f 2095/2483/2047 2055/2443/2074 2054/2442/2075 2094/2482/2048
f 2094/2482/2048 2054/2442/2075 2053/2441/2076 2093/2481/2049
f 2093/2481/2049 2053/2441/2076 2052/2440/2077 2092/2480/2050
f 2092/2480/2050 2052/2440/2077 2051/2439/2078 2091/2479/2051
f 2091/2479/2051 2051/2439/2078 2050/2438/2079 2090/2478/2052
f 2090/2478/2052 2050/2438/2079 2049/2437/1878 2089/2477/1882
f 1878/2256/1834 1877/2255/1833 2078/2466/2080 2088/2476/1909
f 2088/2476/1909 2078/2466/2080 2077/2465/2081 2087/2475/1911
f 2087/2475/1911 2077/2465/2081 2076/2464/2082 2086/2474/1913
f 2086/2474/1913 2076/2464/2082 2075/2463/2083 2085/2473/1915
f 2085/2473/1915 2075/2463/2083 2074/2462/2084 2084/2472/1917
f 2084/2472/1917 2074/2462/2084 2073/2461/2085 2083/2471/1919
f 2083/2471/1919 2073/2461/2085 2072/2460/2086 2082/2470/1921
f 2082/2470/1921 2072/2460/2086 2071/2459/2087 2081/2469/1923
f 2081/2469/1923 2071/2459/2087 2070/2458/2088 2080/2468/1925
f 2080/2468/1925 2070/2458/2088 2069/2457/1879 2079/2467/1881
f 1877/2255/1833 1881/2259/1837 2059/2447/2062 2078/2466/2080
f 2078/2466/2080 2059/2447/2062 2060/2448/2063 2077/2465/2081
f 2077/2465/2081 2060/2448/2063 2061/2449/2064 2076/2464/2082
f 2076/2464/2082 2061/2449/2064 2062/2450/2065 2075/2463/2083
f 2075/2463/2083 2062/2450/2065 2063/2451/2066 2074/2462/2084
f 2074/2462/2084 2063/2451/2066 2064/2452/2067 2073/2461/2085
f 2073/2461/2085 2064/2452/2067 2065/2453/2068 2072/2460/2086
f 2072/2460/2086 2065/2453/2068 2066/2454/2069 2071/2459/2087
f 2071/2459/2087 2066/2454/2069 2067/2455/2070 2070/2458/2088
f 2070/2458/2088 2067/2455/2070 2068/2456/1880 2069/2457/1879
f 1887/2265/1843 1886/2264/1842 2018/2402/2089 2058/2446/2071
f 2058/2446/2071 2018/2402/2089 2017/2401/2090 2057/2445/2072
f 2057/2445/2072 2017/2401/2090 2016/2400/2091 2056/2444/2073
f 2056/2444/2073 2016/2400/2091 2015/2399/2092 2055/2443/2074
f 2055/2443/2074 2015/2399/2092 2014/2398/2093 2054/2442/2075
f 2054/2442/2075 2014/2398/2093 2013/2397/2094 2053/2441/2076
f 2053/2441/2076 2013/2397/2094 2012/2396/2095 2052/2440/2077
f 2052/2440/2077 2012/2396/2095 2011/2395/2096 2051/2439/2078
f 2051/2439/2078 2011/2395/2096 2010/2394/2097 2050/2438/2079
f 2050/2438/2079 2010/2394/2097 2009/2393/1873 2049/2437/1878
f 1876/2254/1832 1875/2253/1831 2029/2417/1955 2048/2436/1972
f 2048/2436/1972 2029/2417/1955 2030/2418/1957 2047/2435/1974
f 2047/2435/1974 2030/2418/1957 2031/2419/1959 2046/2434/1976
f 2046/2434/1976 2031/2419/1959 2032/2420/1961 2045/2433/1978
f 2045/2433/1978 2032/2420/1961 2033/2421/1963 2044/2432/1980
f 2044/2432/1980 2033/2421/1963 2034/2422/1965 2043/2431/1982
f 2043/2431/1982 2034/2422/1965 2035/2423/1967 2042/2430/1984
f 2042/2430/1984 2035/2423/1967 2036/2424/1969 2041/2429/1986
f 2041/2429/1986 2036/2424/1969 2037/2425/1971 2040/2428/1988
f 2040/2428/1988 2037/2425/1971 2038/2426/1877 2039/2427/1876
f 1873/2251/1829 1870/2248/1826 2019/2404/1945 1979/2361/2098
f 1979/2361/2098 2019/2404/1945 2020/2406/1946 1980/2362/2099
f 1980/2362/2099 2020/2406/1946 2021/2407/1947 1981/2363/2100
f 1981/2363/2100 2021/2407/1947 2022/2409/1948 1982/2364/2101
f 1982/2364/2101 2022/2409/1948 2023/2410/1949 1983/2366/2102
f 1983/2365/2102 2023/2411/1949 2024/2412/1950 1984/2368/2103
f 1984/2368/2103 2024/2412/1950 2025/2413/1951 1985/2369/2104
f 1985/2369/2104 2025/2413/1951 2026/2414/1952 1986/2370/2105
f 1986/2370/2105 2026/2414/1952 2027/2415/1953 1987/2371/2106
f 1987/2371/2106 2027/2415/1953 2028/2416/1875 1988/2372/1872
f 1886/2264/1842 1880/2258/1836 1999/2383/2018 2018/2402/2089
f 2018/2402/2089 1999/2383/2018 2000/2384/2020 2017/2401/2090
f 2017/2401/2090 2000/2384/2020 2001/2385/2022 2016/2400/2091
f 2016/2400/2091 2001/2385/2022 2002/2386/2024 2015/2399/2092
f 2015/2399/2092 2002/2386/2024 2003/2387/2026 2014/2398/2093
f 2014/2398/2093 2003/2387/2026 2004/2388/2028 2013/2397/2094
f 2013/2397/2094 2004/2388/2028 2005/2389/2030 2012/2396/2095
f 2012/2396/2095 2005/2389/2030 2006/2390/2032 2011/2395/2096
f 2011/2395/2096 2006/2390/2032 2007/2391/2034 2010/2394/2097
f 2010/2394/2097 2007/2391/2034 2008/2392/1874 2009/2393/1873
f 1874/2252/1830 1873/2251/1829 1979/2361/2098 1998/2382/2017
f 1998/2382/2017 1979/2361/2098 1980/2362/2099 1997/2381/2019
f 1997/2381/2019 1980/2362/2099 1981/2363/2100 1996/2380/2021
f 1996/2380/2021 1981/2363/2100 1982/2364/2101 1995/2379/2023
f 1995/2379/2023 1982/2364/2101 1983/2366/2102 1994/2378/2025
f 1994/2378/2025 1983/2366/2102 1984/2367/2103 1993/2377/2027
f 1993/2377/2027 1984/2368/2103 1985/2369/2104 1992/2376/2029
f 1992/2376/2029 1985/2369/2104 1986/2370/2105 1991/2375/2031
f 1991/2375/2031 1986/2370/2105 1987/2371/2106 1990/2374/2033
f 1990/2374/2033 1987/2371/2106 1988/2372/1872 1989/2373/1871
f 1871/2249/1827 1868/2245/1824 1959/2338/1999 1978/2360/1891
f 1978/2360/1891 1959/2338/1999 1960/2339/2000 1977/2359/1893
f 1977/2359/1893 1960/2339/2000 1961/2340/2001 1976/2357/1895
f 1976/2357/1895 1961/2340/2001 1962/2341/2002 1975/2355/1897
f 1975/2355/1897 1962/2341/2002 1963/2342/2003 1974/2353/1899
f 1974/2353/1899 1963/2342/2003 1964/2343/2004 1973/2352/1901
f 1973/2352/1901 1964/2343/2004 1965/2344/2005 1972/2351/1903
f 1972/2351/1903 1965/2344/2005 1966/2345/2006 1971/2350/1905
f 1971/2350/1905 1966/2345/2006 1967/2346/2007 1970/2349/1907
f 1970/2349/1907 1967/2346/2007 1968/2347/1870 1969/2348/1869
f 1885/2263/1841 1879/2257/1835 1939/2318/2053 1958/2337/1927
f 1958/2337/1927 1939/2318/2053 1940/2319/2054 1957/2336/1929
f 1957/2336/1929 1940/2319/2054 1941/2320/2055 1956/2335/1931
f 1956/2335/1931 1941/2320/2055 1942/2321/2056 1955/2334/1933
f 1955/2334/1933 1942/2321/2056 1943/2322/2057 1954/2333/1935
f 1954/2333/1935 1943/2322/2057 1944/2323/2058 1953/2332/1937
f 1953/2332/1937 1944/2323/2058 1945/2324/2059 1952/2331/1939
f 1952/2331/1939 1945/2324/2059 1946/2325/2060 1951/2330/1941
f 1951/2330/1941 1946/2325/2060 1947/2326/2061 1950/2329/1943
f 1950/2329/1943 1947/2326/2061 1948/2327/1796 1949/2328/1795
