# Blender 3.5.0
# www.blender.org
mtllib Bergere.mtl
o Bergere
v 0.241147 1.054170 -0.431943
v 0.241147 0.267528 -0.431943
v 0.341040 0.267528 0.211210
v 0.195171 0.267528 -0.431943
v 0.276019 0.267528 0.211210
v 0.195171 1.074713 -0.431928
v 0.146378 0.267528 -0.431943
v 0.097586 0.267568 -0.431943
v 0.048793 0.267686 -0.431943
v 0.000000 0.267743 -0.431943
v 0.230646 0.486030 0.197976
v 0.138009 0.488597 0.197976
v 0.069005 0.491069 0.197976
v 0.000000 0.491995 0.197976
v 0.000000 0.269815 0.211210
v 0.069005 0.269416 0.211210
v 0.138009 0.268457 0.211210
v 0.207014 0.267614 0.211210
v 0.000000 1.129993 -0.431846
v 0.048793 1.125421 -0.431826
v 0.097586 1.113194 -0.431799
v 0.146378 1.095547 -0.431831
v 0.241147 1.054170 -0.352334
v 0.241147 0.267577 -0.352341
v 0.195171 0.257683 -0.352341
v 0.000000 0.271077 -0.352341
v 0.048793 0.270817 -0.352341
v 0.097586 0.270101 -0.352341
v 0.146378 0.269111 -0.352341
v 0.276019 0.267732 0.134653
v 0.215305 0.490811 0.135553
v 0.000000 0.274696 0.134653
v 0.069005 0.273938 0.134653
v 0.138009 0.271941 0.134653
v 0.207014 0.269489 0.134653
v 0.341040 0.267528 0.134653
v 0.190998 0.268900 -0.329103
v 0.131705 0.458191 -0.315908
v 0.095499 0.457556 -0.329062
v 0.047750 0.459089 -0.328779
v 0.000000 0.459626 -0.328623
v 0.000000 0.272558 -0.329103
v 0.047750 0.272256 -0.329103
v 0.095499 0.271410 -0.329103
v 0.143249 0.270199 -0.329103
v 0.276019 0.490748 0.211210
v 0.138009 0.487462 0.211210
v 0.069005 0.489702 0.211210
v 0.000000 0.490546 0.211210
v 0.143249 0.455255 -0.357765
v 0.095499 0.460012 -0.315842
v 0.047750 0.461658 -0.315515
v 0.000000 0.462234 -0.315342
v 0.138009 0.514394 0.133895
v 0.341040 0.490280 0.211210
v 0.069005 0.517957 0.133895
v 0.000000 0.519272 0.133895
v 0.000000 0.463434 0.211210
v 0.069005 0.462600 0.211210
v 0.138009 0.460386 0.211210
v 0.248687 0.448141 0.211210
v 0.276019 0.635196 0.211210
v 0.341040 0.635193 0.211210
v 0.138009 0.510100 0.177982
v 0.138009 0.489100 0.197957
v 0.138009 0.507956 0.185400
v 0.138009 0.503224 0.191801
v 0.138009 0.496609 0.196210
v 0.069005 0.512912 0.177982
v 0.069005 0.491573 0.197957
v 0.069005 0.510641 0.185400
v 0.069005 0.505801 0.191800
v 0.069005 0.499112 0.196210
v 0.000000 0.513957 0.177982
v 0.000000 0.492499 0.197957
v 0.000000 0.511642 0.185400
v 0.000000 0.506764 0.191800
v 0.000000 0.500049 0.196210
v 0.095499 0.460519 -0.315853
v 0.097309 0.483433 -0.296695
v 0.095637 0.468228 -0.314494
v 0.096029 0.475280 -0.310335
v 0.096616 0.480615 -0.304064
v 0.047750 0.462166 -0.315514
v 0.048654 0.485321 -0.295842
v 0.047818 0.469898 -0.313978
v 0.048015 0.477003 -0.309658
v 0.048308 0.482414 -0.303268
v 0.000000 0.462742 -0.315337
v 0.000000 0.485984 -0.295483
v 0.000000 0.470483 -0.313740
v 0.000000 0.477606 -0.309364
v 0.000000 0.483044 -0.302932
v 0.215305 0.491312 0.135534
v 0.195959 0.511927 0.134483
v 0.213833 0.498795 0.135227
v 0.209639 0.505334 0.134920
v 0.203363 0.509943 0.134658
v 0.211304 0.508209 0.177982
v 0.230646 0.486531 0.197957
v 0.218705 0.505768 0.185400
v 0.224980 0.500818 0.191800
v 0.229173 0.494076 0.196210
v 0.115035 0.482489 -0.297018
v 0.131705 0.458697 -0.315928
v 0.121414 0.479316 -0.304470
v 0.126822 0.473695 -0.310718
v 0.130436 0.466462 -0.314743
v 0.207014 0.382867 0.211210
v 0.138009 0.385209 0.211210
v 0.069005 0.387134 0.211210
v 0.000000 0.387867 0.211210
v 0.248687 0.267528 0.211210
v 0.175845 1.082965 -0.431887
v 0.175845 0.267528 -0.431943
v 0.175845 0.262150 -0.352341
v 0.248687 0.268260 0.134653
v 0.172085 0.269404 -0.329103
v 0.276019 0.635081 0.212605
v 0.341040 0.635080 0.212605
v 0.276019 0.634609 0.213922
v 0.341040 0.634609 0.213922
v 0.276019 0.633812 0.215072
v 0.341040 0.633812 0.215072
v 0.276019 0.632745 0.215977
v 0.341040 0.632745 0.215977
v 0.276019 0.631479 0.216573
v 0.341040 0.631479 0.216573
v 0.276019 0.630102 0.216821
v 0.341040 0.630102 0.216821
v 0.276019 0.628708 0.216703
v 0.341040 0.628708 0.216703
v 0.276019 0.627394 0.216228
v 0.341040 0.627392 0.216228
v 0.276019 0.626248 0.215427
v 0.341040 0.626245 0.215427
v 0.276019 0.625351 0.214357
v 0.341040 0.625344 0.214357
v 0.276019 0.624763 0.213089
v 0.341040 0.624752 0.213089
v 0.276019 0.624526 0.211711
v 0.341040 0.624509 0.211711
v 0.224431 0.267833 -0.344595
v 0.207715 0.268285 -0.336849
v 0.319366 0.635080 0.212605
v 0.297693 0.635080 0.212605
v 0.319366 0.634609 0.213922
v 0.297693 0.634609 0.213922
v 0.319366 0.633812 0.215072
v 0.297693 0.633812 0.215072
v 0.319366 0.632745 0.215977
v 0.297693 0.632745 0.215977
v 0.319366 0.631479 0.216573
v 0.297693 0.631479 0.216573
v 0.319366 0.630102 0.216821
v 0.297693 0.630102 0.216821
v 0.319366 0.628708 0.216703
v 0.297693 0.628708 0.216703
v 0.319366 0.627392 0.216228
v 0.297693 0.627392 0.216228
v 0.319366 0.626245 0.215427
v 0.297693 0.626245 0.215427
v 0.319366 0.625344 0.214357
v 0.297693 0.625344 0.214357
v 0.319366 0.624752 0.213089
v 0.297693 0.624752 0.213089
v 0.319366 0.624509 0.211711
v 0.297693 0.624509 0.211711
v 0.319366 0.678084 0.210579
v 0.297693 0.678084 0.210579
v 0.297693 0.678213 0.134946
v 0.319366 0.678068 0.134913
v 0.210496 0.652268 -0.342655
v 0.225822 0.651853 -0.344620
v 0.319366 0.676472 0.223768
v 0.297693 0.676472 0.223768
v 0.319366 0.671690 0.235438
v 0.297693 0.671690 0.235438
v 0.319366 0.664045 0.245469
v 0.297693 0.664045 0.245469
v 0.319366 0.654059 0.253173
v 0.297693 0.654059 0.253173
v 0.319366 0.642418 0.258025
v 0.297693 0.642418 0.258025
v 0.319366 0.629916 0.259691
v 0.297693 0.629916 0.259691
v 0.319366 0.617410 0.258058
v 0.297693 0.617410 0.258058
v 0.319366 0.605755 0.253238
v 0.297693 0.605755 0.253238
v 0.319366 0.595750 0.245560
v 0.297693 0.595750 0.245560
v 0.319366 0.588078 0.235549
v 0.297693 0.588078 0.235549
v 0.319366 0.583264 0.223892
v 0.297693 0.583264 0.223892
v 0.319366 0.581556 0.210079
v 0.297693 0.581565 0.210079
v 0.325972 0.688049 0.211210
v 0.319366 0.681462 0.210793
v 0.323444 0.687547 0.211179
v 0.321301 0.686120 0.211088
v 0.319869 0.683983 0.210953
v 0.297693 0.681462 0.210793
v 0.291089 0.688049 0.211210
v 0.297190 0.683983 0.210953
v 0.295759 0.686120 0.211088
v 0.293616 0.687547 0.211179
v 0.291084 0.688195 0.134653
v 0.297693 0.681581 0.134846
v 0.293613 0.687667 0.134667
v 0.295757 0.686226 0.134709
v 0.297190 0.684089 0.134772
v 0.319366 0.681462 0.134825
v 0.325978 0.688049 0.134653
v 0.319870 0.683983 0.134759
v 0.321303 0.686120 0.134703
v 0.323448 0.687547 0.134666
v 0.203885 0.662172 -0.341440
v 0.210496 0.655577 -0.342555
v 0.217083 0.661832 -0.343271
v 0.206415 0.661616 -0.341813
v 0.208560 0.660168 -0.342155
v 0.209993 0.658047 -0.342414
v 0.225822 0.655178 -0.344555
v 0.232437 0.661481 -0.345280
v 0.219235 0.661779 -0.343562
v 0.226325 0.657633 -0.344572
v 0.227760 0.659692 -0.344717
v 0.229906 0.661043 -0.344967
v 0.325968 0.686127 0.226313
v 0.319366 0.679703 0.224619
v 0.323441 0.685638 0.226184
v 0.321300 0.684245 0.225817
v 0.319869 0.682161 0.225267
v 0.297693 0.679703 0.224619
v 0.291093 0.686127 0.226313
v 0.297190 0.682161 0.225267
v 0.295760 0.684245 0.225817
v 0.293619 0.685638 0.226184
v 0.325964 0.680354 0.240400
v 0.319366 0.674589 0.237098
v 0.323439 0.679915 0.240149
v 0.321299 0.678666 0.239433
v 0.319869 0.676795 0.238362
v 0.297693 0.674589 0.237098
v 0.291096 0.680354 0.240400
v 0.297191 0.676795 0.238362
v 0.295761 0.678666 0.239433
v 0.293621 0.679915 0.240149
v 0.325961 0.671126 0.252508
v 0.319366 0.666414 0.247824
v 0.323438 0.670767 0.252151
v 0.321298 0.669746 0.251136
v 0.319868 0.668217 0.249616
v 0.297693 0.666414 0.247824
v 0.291099 0.671126 0.252508
v 0.297191 0.668217 0.249617
v 0.295761 0.669746 0.251136
v 0.293622 0.670767 0.252151
v 0.325959 0.659073 0.261808
v 0.319366 0.655737 0.256063
v 0.323436 0.658819 0.261371
v 0.321297 0.658096 0.260125
v 0.319868 0.657013 0.258261
v 0.297693 0.655737 0.256063
v 0.291100 0.659073 0.261808
v 0.297191 0.657013 0.258261
v 0.295762 0.658096 0.260125
v 0.293623 0.658819 0.261371
v 0.325958 0.645020 0.267665
v 0.319366 0.643288 0.261250
v 0.323435 0.644888 0.267176
v 0.321297 0.644513 0.265786
v 0.319868 0.643951 0.263705
v 0.297693 0.643288 0.261250
v 0.291102 0.645020 0.267665
v 0.297191 0.643951 0.263705
v 0.295762 0.644513 0.265786
v 0.293624 0.644888 0.267176
v 0.319366 0.629920 0.263032
v 0.325957 0.629929 0.269676
v 0.319868 0.629924 0.265575
v 0.321297 0.629927 0.267730
v 0.323435 0.629929 0.269170
v 0.291103 0.629929 0.269676
v 0.297693 0.629920 0.263032
v 0.293625 0.629929 0.269170
v 0.295763 0.629927 0.267730
v 0.297191 0.629924 0.265575
v 0.325956 0.614833 0.267705
v 0.319366 0.616548 0.261286
v 0.323434 0.614964 0.267216
v 0.321296 0.615336 0.265825
v 0.319868 0.615892 0.263742
v 0.297693 0.616548 0.261286
v 0.291103 0.614833 0.267705
v 0.297191 0.615892 0.263742
v 0.295763 0.615336 0.265825
v 0.293625 0.614964 0.267216
v 0.325955 0.600765 0.261886
v 0.319366 0.604086 0.256131
v 0.323434 0.601018 0.261448
v 0.321296 0.601738 0.260201
v 0.319868 0.602815 0.258334
v 0.297693 0.604086 0.256132
v 0.291104 0.600765 0.261886
v 0.297191 0.602815 0.258334
v 0.295763 0.601738 0.260201
v 0.293625 0.601018 0.261448
v 0.325955 0.588687 0.252618
v 0.319366 0.593387 0.247921
v 0.323434 0.589045 0.252260
v 0.321296 0.590064 0.251242
v 0.319868 0.591588 0.249719
v 0.297693 0.593387 0.247921
v 0.291104 0.588687 0.252618
v 0.297191 0.591588 0.249719
v 0.295763 0.590064 0.251242
v 0.293626 0.589045 0.252260
v 0.325955 0.579427 0.240534
v 0.319366 0.585183 0.237217
v 0.323433 0.579865 0.240282
v 0.321296 0.581113 0.239563
v 0.319868 0.582980 0.238487
v 0.297693 0.585183 0.237217
v 0.291105 0.579427 0.240534
v 0.297191 0.582980 0.238487
v 0.295763 0.581113 0.239563
v 0.293626 0.579865 0.240282
v 0.325955 0.573616 0.226463
v 0.319366 0.580036 0.224752
v 0.323433 0.574105 0.226333
v 0.321296 0.575497 0.225962
v 0.319868 0.577579 0.225407
v 0.297693 0.580036 0.224752
v 0.291105 0.573616 0.226463
v 0.297191 0.577579 0.225407
v 0.295763 0.575497 0.225962
v 0.293626 0.574105 0.226333
v 0.325954 0.571654 0.211366
v 0.319366 0.578186 0.210517
v 0.312780 0.571654 0.211366
v 0.319366 0.578241 0.211409
v 0.323433 0.572151 0.211301
v 0.321296 0.573567 0.211117
v 0.319868 0.575686 0.210842
v 0.297693 0.578197 0.210517
v 0.291105 0.571708 0.211366
v 0.297693 0.578249 0.211409
v 0.304279 0.571654 0.211366
v 0.297191 0.575701 0.210842
v 0.295763 0.573590 0.211117
v 0.293626 0.572187 0.211301
v 0.330546 0.688049 0.211210
v 0.341040 0.677555 0.211210
v 0.334562 0.687250 0.211210
v 0.337967 0.684975 0.211210
v 0.340241 0.681571 0.211210
v 0.272857 0.678605 0.206784
v 0.286502 0.688049 0.211210
v 0.274865 0.682219 0.208478
v 0.278163 0.685283 0.209914
v 0.282249 0.687330 0.210873
v 0.341040 0.677557 0.134653
v 0.330535 0.688049 0.134653
v 0.340241 0.681572 0.134653
v 0.337963 0.684976 0.134653
v 0.334555 0.687250 0.134653
v 0.286509 0.688257 0.134653
v 0.272689 0.678719 0.134653
v 0.282241 0.687576 0.134653
v 0.278116 0.685523 0.134653
v 0.274762 0.682414 0.134653
v 0.232437 0.661481 -0.345280
v 0.241147 0.650966 -0.347024
v 0.241147 0.671636 -0.345679
v 0.235771 0.660626 -0.345749
v 0.238596 0.658329 -0.346243
v 0.240484 0.654936 -0.346687
v 0.192732 0.652708 -0.339707
v 0.203885 0.662172 -0.341440
v 0.195171 0.672612 -0.339226
v 0.194329 0.656399 -0.339980
v 0.197009 0.659493 -0.340409
v 0.200364 0.661522 -0.340925
v 0.330554 0.686127 0.226313
v 0.341040 0.675978 0.223587
v 0.334567 0.685354 0.226105
v 0.337969 0.683154 0.225514
v 0.340242 0.679862 0.224630
v 0.276019 0.675968 0.223585
v 0.286496 0.686127 0.226313
v 0.276816 0.679856 0.224629
v 0.279088 0.683151 0.225514
v 0.282487 0.685354 0.226105
v 0.330561 0.680354 0.240400
v 0.341040 0.671249 0.235130
v 0.334571 0.679661 0.239999
v 0.337971 0.677688 0.238856
v 0.340242 0.674734 0.237147
v 0.276019 0.671243 0.235126
v 0.286492 0.680354 0.240400
v 0.276816 0.674729 0.237144
v 0.279086 0.677686 0.238855
v 0.282484 0.679661 0.239998
v 0.330565 0.671126 0.252508
v 0.341040 0.663693 0.245051
v 0.334574 0.670560 0.251940
v 0.337972 0.668949 0.250324
v 0.340243 0.666537 0.247904
v 0.276019 0.663688 0.245046
v 0.286489 0.671126 0.252508
v 0.276816 0.666535 0.247902
v 0.279085 0.668947 0.250322
v 0.282482 0.670560 0.251940
v 0.330569 0.659073 0.261808
v 0.341040 0.653824 0.252672
v 0.334576 0.658673 0.261113
v 0.337973 0.657535 0.259132
v 0.340243 0.655833 0.256168
v 0.276019 0.653822 0.252668
v 0.286486 0.659073 0.261808
v 0.276816 0.655831 0.256166
v 0.279085 0.657535 0.259131
v 0.282481 0.658673 0.261113
v 0.330572 0.645020 0.267665
v 0.341040 0.642319 0.257474
v 0.334578 0.644814 0.266889
v 0.337974 0.644229 0.264680
v 0.340243 0.643353 0.261374
v 0.276019 0.642318 0.257471
v 0.286484 0.645020 0.267665
v 0.276816 0.643352 0.261372
v 0.279084 0.644229 0.264679
v 0.282479 0.644814 0.266889
v 0.330574 0.629929 0.269676
v 0.341040 0.629964 0.259128
v 0.334579 0.629932 0.268873
v 0.337975 0.629939 0.266587
v 0.340243 0.629951 0.263165
v 0.276019 0.629964 0.259125
v 0.286483 0.629929 0.269676
v 0.276815 0.629951 0.263163
v 0.279084 0.629939 0.266586
v 0.282479 0.629932 0.268873
v 0.330575 0.614833 0.267705
v 0.341040 0.617604 0.257522
v 0.334580 0.615044 0.266930
v 0.337975 0.615645 0.264722
v 0.340244 0.616544 0.261419
v 0.276019 0.617604 0.257520
v 0.286482 0.614833 0.267705
v 0.276815 0.616544 0.261417
v 0.279084 0.615645 0.264722
v 0.282478 0.615044 0.266930
v 0.330576 0.600765 0.261886
v 0.341040 0.606084 0.252765
v 0.334581 0.601170 0.261192
v 0.337975 0.602323 0.259215
v 0.340244 0.604049 0.256256
v 0.276019 0.606085 0.252764
v 0.286481 0.600765 0.261886
v 0.276815 0.604049 0.256255
v 0.279083 0.602323 0.259214
v 0.282478 0.601170 0.261192
v 0.330577 0.588687 0.252618
v 0.341040 0.596194 0.245184
v 0.334581 0.589259 0.252052
v 0.337976 0.590886 0.250441
v 0.340244 0.593322 0.248029
v 0.276019 0.596195 0.245183
v 0.286481 0.588687 0.252618
v 0.276815 0.593322 0.248028
v 0.279083 0.590886 0.250440
v 0.282477 0.589259 0.252052
v 0.330578 0.579427 0.240534
v 0.341040 0.588611 0.235298
v 0.334581 0.580126 0.240136
v 0.337976 0.582117 0.239001
v 0.340244 0.585096 0.237302
v 0.276019 0.588612 0.235298
v 0.286481 0.579427 0.240534
v 0.276815 0.585097 0.237302
v 0.279083 0.582117 0.239001
v 0.282477 0.580126 0.240136
v 0.330578 0.573616 0.226463
v 0.341040 0.583853 0.223785
v 0.334582 0.574396 0.226259
v 0.337976 0.576615 0.225679
v 0.340244 0.579936 0.224810
v 0.276019 0.583894 0.223785
v 0.286480 0.573618 0.226463
v 0.276815 0.579973 0.224810
v 0.279083 0.576640 0.225679
v 0.282477 0.574407 0.226259
v 0.341040 0.582247 0.211435
v 0.330578 0.571654 0.211366
v 0.340244 0.578193 0.211408
v 0.337976 0.574757 0.211386
v 0.334582 0.572461 0.211371
v 0.286480 0.571748 0.211366
v 0.276019 0.582420 0.211435
v 0.282477 0.572595 0.211371
v 0.279083 0.574923 0.211386
v 0.276815 0.578374 0.211408
v 0.201626 0.270719 -0.271134
v 0.212253 0.272404 -0.213164
v 0.222881 0.273417 -0.155195
v 0.233509 0.273462 -0.097225
v 0.244136 0.272524 -0.039256
v 0.254764 0.270878 0.018714
v 0.265391 0.269045 0.076683
v 0.151219 0.464771 -0.271134
v 0.159190 0.473660 -0.213164
v 0.167161 0.481075 -0.155195
v 0.177612 0.486416 -0.097225
v 0.189232 0.489496 -0.039256
v 0.204409 0.490612 0.018714
v 0.217157 0.490440 0.076683
v 0.000000 0.276637 -0.271134
v 0.000000 0.280555 -0.213164
v 0.000000 0.283517 -0.155195
v 0.000000 0.284926 -0.097225
v 0.000000 0.284488 -0.039256
v 0.000000 0.282295 0.018714
v 0.000000 0.278797 0.076683
v 0.050406 0.276165 -0.271134
v 0.053063 0.279907 -0.213164
v 0.055720 0.282705 -0.155195
v 0.058377 0.283985 -0.097225
v 0.061034 0.283478 -0.039256
v 0.063691 0.281292 0.018714
v 0.066348 0.277878 0.076683
v 0.100813 0.274835 -0.271134
v 0.106127 0.278082 -0.213164
v 0.111441 0.280427 -0.155195
v 0.116754 0.281362 -0.097225
v 0.122068 0.280683 -0.039256
v 0.127382 0.278539 0.018714
v 0.132696 0.275393 0.076683
v 0.151219 0.272894 -0.271134
v 0.159190 0.275415 -0.213164
v 0.167161 0.277120 -0.155195
v 0.175131 0.277597 -0.097225
v 0.183102 0.276734 -0.039256
v 0.191073 0.274736 0.018714
v 0.199043 0.272089 0.076683
v 0.328554 0.267567 0.073778
v 0.316067 0.268252 0.012904
v 0.303580 0.269208 -0.047970
v 0.291094 0.269850 -0.108844
v 0.278607 0.269860 -0.169719
v 0.266120 0.269234 -0.230593
v 0.253634 0.268280 -0.291467
v 0.139464 0.467662 -0.259476
v 0.147224 0.476345 -0.203043
v 0.154983 0.483460 -0.146610
v 0.165223 0.488463 -0.090178
v 0.170502 0.491218 -0.033745
v 0.178261 0.492055 0.022688
v 0.204134 0.491639 0.079120
v 0.122460 0.491756 -0.243226
v 0.129884 0.500037 -0.189494
v 0.137309 0.506641 -0.135499
v 0.147215 0.511111 -0.081503
v 0.158289 0.513385 -0.027506
v 0.172921 0.513830 0.026490
v 0.185122 0.513087 0.080486
v 0.192398 0.510993 0.079730
v 0.180068 0.511627 0.024801
v 0.165309 0.511049 -0.030128
v 0.154107 0.508603 -0.085056
v 0.144073 0.503934 -0.139985
v 0.136520 0.497131 -0.194914
v 0.128967 0.488684 -0.249676
v 0.198566 0.506281 0.079201
v 0.186127 0.506816 0.023482
v 0.171260 0.506116 -0.032237
v 0.159949 0.503518 -0.087957
v 0.149807 0.498680 -0.143676
v 0.142145 0.491712 -0.199395
v 0.134484 0.483132 -0.255063
v 0.202687 0.499665 0.078980
v 0.190176 0.500123 0.022733
v 0.175236 0.499332 -0.033514
v 0.163853 0.496627 -0.089762
v 0.153638 0.491671 -0.146009
v 0.145904 0.484595 -0.202256
v 0.138170 0.475933 -0.258503
v 0.204134 0.492142 0.079101
v 0.191598 0.492559 0.022668
v 0.176632 0.491724 -0.033764
v 0.165223 0.488969 -0.090197
v 0.154983 0.483967 -0.146630
v 0.147224 0.476852 -0.203062
v 0.139464 0.468169 -0.259495
v 0.132922 0.515919 0.079972
v 0.127834 0.516842 0.026049
v 0.122747 0.516386 -0.027874
v 0.117659 0.513892 -0.081797
v 0.112571 0.509015 -0.135719
v 0.107484 0.501908 -0.189530
v 0.102396 0.493133 -0.242978
v 0.051198 0.495724 -0.242097
v 0.053742 0.505264 -0.188951
v 0.056286 0.513120 -0.135702
v 0.058830 0.518537 -0.081797
v 0.061373 0.521165 -0.027874
v 0.063917 0.521423 0.026049
v 0.066461 0.520079 0.079972
v 0.000000 0.496639 -0.241707
v 0.000000 0.506468 -0.188642
v 0.000000 0.514640 -0.135618
v 0.000000 0.520323 -0.081797
v 0.000000 0.522962 -0.027874
v 0.000000 0.523113 0.026049
v 0.000000 0.521606 0.079972
v 0.181660 0.271580 -0.271134
v 0.191236 0.273601 -0.213164
v 0.200811 0.274885 -0.155195
v 0.210386 0.275089 -0.097225
v 0.219961 0.274159 -0.039256
v 0.229536 0.272341 0.018714
v 0.239112 0.270141 0.076683
v 0.218962 0.269767 -0.277912
v 0.230209 0.271233 -0.218974
v 0.241456 0.272129 -0.160036
v 0.252704 0.272153 -0.101098
v 0.263951 0.271299 -0.042161
v 0.275198 0.269851 0.016777
v 0.286445 0.268352 0.075715
v 0.236298 0.268944 -0.284689
v 0.248165 0.270165 -0.224783
v 0.260032 0.270931 -0.164877
v 0.271899 0.270937 -0.104971
v 0.283766 0.270180 -0.045065
v 0.295633 0.268962 0.014841
v 0.307499 0.267845 0.074747
v 0.341040 0.476755 0.134653
v 0.326836 0.489786 0.134653
v 0.341040 0.490628 0.148596
v 0.339959 0.482024 0.134653
v 0.336880 0.486350 0.134653
v 0.332272 0.489076 0.134653
v 0.227924 0.475200 -0.349203
v 0.241147 0.464352 -0.352341
v 0.241147 0.492258 -0.352341
v 0.232984 0.475329 -0.350404
v 0.237274 0.473313 -0.351422
v 0.240141 0.469458 -0.352103
v 0.240155 0.480357 -0.288791
v 0.253634 0.468758 -0.291467
v 0.245313 0.480198 -0.289815
v 0.249686 0.477938 -0.290683
v 0.252608 0.473921 -0.291263
v 0.252445 0.485150 -0.228364
v 0.266120 0.472876 -0.230593
v 0.257678 0.484732 -0.229217
v 0.262115 0.482253 -0.229940
v 0.265079 0.478090 -0.230423
v 0.264784 0.488869 -0.167917
v 0.278607 0.476015 -0.169719
v 0.270074 0.488229 -0.168607
v 0.274559 0.485561 -0.169191
v 0.277555 0.481272 -0.169581
v 0.277159 0.491113 -0.107448
v 0.291094 0.477800 -0.108844
v 0.282492 0.490296 -0.107982
v 0.287012 0.487479 -0.108435
v 0.290033 0.483091 -0.108738
v 0.289557 0.491873 -0.046956
v 0.303580 0.478233 -0.047970
v 0.294923 0.490930 -0.047344
v 0.299473 0.488007 -0.047673
v 0.302513 0.483549 -0.047893
v 0.301966 0.491536 0.013560
v 0.316067 0.477702 0.012904
v 0.307362 0.490519 0.013309
v 0.311937 0.487533 0.013096
v 0.314994 0.483032 0.012954
v 0.328554 0.476904 0.073778
v 0.314383 0.490809 0.074096
v 0.327475 0.482240 0.073803
v 0.324403 0.486755 0.073872
v 0.319806 0.489765 0.073975
v 0.272967 0.484636 0.152714
v 0.291043 0.485806 0.134653
v 0.261454 0.486022 0.120806
v 0.242035 0.486708 0.134955
v 0.274343 0.484725 0.145802
v 0.278261 0.484979 0.139943
v 0.284125 0.485358 0.136028
v 0.241147 0.630709 -0.348346
v 0.224790 0.604863 -0.346368
v 0.241147 0.594568 -0.350489
v 0.239902 0.623199 -0.348540
v 0.236356 0.615650 -0.348224
v 0.231050 0.609211 -0.347463
v 0.342818 0.654076 0.152349
v 0.323118 0.630235 0.134653
v 0.340773 0.646473 0.145577
v 0.336312 0.639272 0.139836
v 0.330112 0.633570 0.136000
v 0.276026 0.627245 0.152056
v 0.287262 0.615886 0.134704
v 0.274992 0.620984 0.145400
v 0.276764 0.616626 0.139765
v 0.281073 0.614836 0.136009
v 0.190808 0.588729 -0.340042
v 0.179008 0.598442 -0.337689
v 0.174650 0.599094 -0.335549
v 0.170262 0.563613 -0.336635
v 0.184942 0.587110 -0.338975
v 0.180640 0.588387 -0.338164
v 0.178556 0.592367 -0.337711
v 0.326836 0.489786 0.134653
v 0.341040 0.490628 0.148596
v 0.332272 0.494407 0.135714
v 0.336880 0.496189 0.138737
v 0.339959 0.494862 0.143260
v 0.137028 1.025086 -0.341209
v 0.136781 0.967768 -0.334154
v 0.136677 0.903769 -0.325646
v 0.136596 0.839610 -0.319896
v 0.136486 0.775315 -0.318914
v 0.136316 0.711005 -0.323093
v 0.136098 0.646805 -0.330961
v 0.135860 0.582783 -0.339950
v 0.135614 0.529116 -0.346058
v 0.097377 1.047631 -0.343363
v 0.097168 0.982067 -0.327613
v 0.096960 0.916503 -0.314756
v 0.096751 0.850939 -0.304604
v 0.096542 0.785375 -0.299920
v 0.096334 0.719811 -0.301685
v 0.096125 0.654248 -0.308254
v 0.095916 0.588684 -0.316644
v 0.096475 0.532243 -0.322809
v 0.048688 1.058788 -0.343010
v 0.048584 0.992155 -0.326170
v 0.048480 0.925521 -0.311749
v 0.048375 0.858888 -0.299858
v 0.048271 0.792255 -0.293926
v 0.048167 0.725622 -0.295757
v 0.048063 0.658988 -0.303309
v 0.047958 0.592355 -0.313129
v 0.048221 0.534826 -0.320541
v 0.000000 1.062957 -0.342969
v 0.000000 0.995920 -0.325769
v 0.000000 0.928883 -0.310781
v 0.000000 0.861846 -0.298195
v 0.000000 0.794810 -0.291643
v 0.000000 0.727773 -0.293547
v 0.000000 0.660736 -0.301486
v 0.000000 0.593700 -0.311827
v 0.000000 0.535764 -0.319738
v 0.225822 1.095490 -0.421094
v 0.225822 1.088792 -0.431117
v 0.225822 1.092437 -0.428766
v 0.225822 1.094789 -0.425246
v 0.231234 1.093537 -0.421086
v 0.241147 1.077613 -0.431943
v 0.235027 1.090967 -0.425241
v 0.238244 1.087039 -0.428763
v 0.240393 1.082349 -0.431117
v 0.175845 1.106359 -0.431887
v 0.175845 1.117064 -0.421056
v 0.175845 1.110713 -0.431062
v 0.175845 1.114276 -0.428714
v 0.175845 1.116506 -0.425201
v 0.195171 1.108269 -0.421145
v 0.195171 1.098083 -0.431928
v 0.195171 1.107917 -0.425271
v 0.195171 1.105858 -0.428770
v 0.195171 1.102404 -0.431107
v 0.000000 1.153558 -0.431846
v 0.000000 1.164931 -0.420987
v 0.000000 1.157910 -0.431019
v 0.000000 1.161600 -0.428665
v 0.000000 1.164065 -0.425143
v 0.048793 1.160359 -0.420967
v 0.048793 1.148967 -0.431826
v 0.048793 1.159492 -0.425123
v 0.048793 1.157022 -0.428645
v 0.048793 1.153327 -0.430999
v 0.097586 1.148132 -0.420941
v 0.097586 1.136692 -0.431799
v 0.097586 1.147261 -0.425096
v 0.097586 1.144781 -0.428619
v 0.097586 1.141070 -0.430973
v 0.146378 1.130485 -0.420973
v 0.146378 1.118987 -0.431831
v 0.146378 1.129609 -0.425128
v 0.146378 1.127117 -0.428651
v 0.146378 1.123387 -0.431005
v 0.230550 1.091475 -0.363130
v 0.241147 1.077644 -0.352334
v 0.234606 1.089697 -0.358999
v 0.238044 1.086444 -0.355496
v 0.240341 1.082211 -0.353156
v 0.195171 1.087808 -0.351754
v 0.195171 1.100761 -0.362539
v 0.195171 1.092341 -0.352575
v 0.195171 1.096395 -0.354913
v 0.195171 1.099351 -0.358412
v 0.146378 1.118896 -0.351829
v 0.146378 1.130485 -0.362680
v 0.146378 1.123330 -0.352655
v 0.146378 1.127090 -0.355007
v 0.146378 1.129602 -0.358527
v 0.097586 1.136616 -0.351761
v 0.097586 1.148132 -0.362613
v 0.097586 1.141023 -0.352587
v 0.097586 1.144759 -0.354940
v 0.097586 1.147255 -0.358460
v 0.048793 1.148899 -0.351817
v 0.048793 1.160359 -0.362669
v 0.048793 1.153285 -0.352643
v 0.048793 1.157002 -0.354995
v 0.048793 1.159487 -0.358516
v 0.000000 1.164931 -0.362713
v 0.000000 1.153492 -0.351861
v 0.000000 1.164060 -0.358560
v 0.000000 1.161581 -0.355039
v 0.000000 1.157870 -0.352687
v 0.175845 1.112538 -0.362554
v 0.175845 1.100070 -0.351727
v 0.175845 1.111332 -0.358411
v 0.175845 1.108539 -0.354898
v 0.175845 1.104584 -0.352551
v 0.225822 1.092998 -0.363088
v 0.225822 1.081060 -0.352230
v 0.225822 1.091947 -0.358933
v 0.225822 1.089309 -0.355410
v 0.225822 1.085486 -0.353056
v 0.210496 1.101876 -0.421119
v 0.210496 1.101350 -0.425261
v 0.210496 1.099143 -0.428773
v 0.210496 1.095590 -0.431119
v 0.210496 1.084449 -0.352027
v 0.210496 1.096884 -0.362857
v 0.210496 1.088923 -0.352851
v 0.210496 1.092857 -0.355199
v 0.210496 1.095653 -0.358712
v 0.341040 0.003281 0.211210
v 0.241147 0.003329 -0.352341
v 0.241147 0.003281 -0.431943
v 0.195171 0.003281 -0.431943
v 0.276019 0.003485 0.134653
v 0.276019 0.003281 0.211210
v 0.195171 0.003329 -0.352341
v 0.341040 0.003281 0.134653
v 0.297693 0.267528 0.203959
v 0.319366 0.267528 0.203959
v 0.319366 0.635193 0.203959
v 0.297693 0.635193 0.203959
v 0.319366 0.490280 0.203959
v 0.297693 0.490392 0.203959
v 0.297693 0.003281 0.203959
v 0.319366 0.003281 0.203959
v 0.210496 1.067865 -0.430229
v 0.225822 1.061018 -0.430229
v 0.225822 0.267528 -0.430229
v 0.210496 0.267528 -0.430229
v 0.225822 1.084409 -0.430229
v 0.210496 1.091233 -0.430229
v 0.225822 0.264247 -0.359142
v 0.210496 0.260953 -0.359142
v 0.319366 0.267528 0.141453
v 0.297693 0.267540 0.141453
v 0.291989 0.267528 0.211210
v 0.297693 0.267528 0.205506
v 0.294172 0.267528 0.210776
v 0.296022 0.267528 0.209540
v 0.297258 0.267528 0.207689
v 0.319366 0.267528 0.205506
v 0.325070 0.267528 0.211210
v 0.319801 0.267528 0.207689
v 0.321037 0.267528 0.209540
v 0.322888 0.267528 0.210776
v 0.319366 0.635193 0.205506
v 0.325070 0.635193 0.211210
v 0.319366 0.635082 0.212583
v 0.313662 0.635193 0.211210
v 0.319801 0.635193 0.207689
v 0.321037 0.635193 0.209540
v 0.322888 0.635193 0.210776
v 0.291989 0.635194 0.211210
v 0.297693 0.635193 0.205506
v 0.303397 0.635193 0.211210
v 0.297693 0.635082 0.212583
v 0.294172 0.635194 0.210776
v 0.296022 0.635194 0.209540
v 0.297258 0.635193 0.207689
v 0.325070 0.490280 0.211210
v 0.319366 0.490280 0.205506
v 0.322888 0.490280 0.210776
v 0.321037 0.490280 0.209540
v 0.319801 0.490280 0.207689
v 0.297693 0.490392 0.205506
v 0.291989 0.490486 0.211210
v 0.297258 0.490400 0.207689
v 0.296022 0.490420 0.209540
v 0.294172 0.490450 0.210776
v 0.325070 0.003281 0.211210
v 0.319366 0.003281 0.205506
v 0.319366 0.003281 0.205506
v 0.322888 0.003281 0.210776
v 0.321037 0.003281 0.209540
v 0.319801 0.003281 0.207689
v 0.297693 0.003281 0.205506
v 0.291989 0.003281 0.211210
v 0.297693 0.003282 0.205506
v 0.297258 0.003281 0.207689
v 0.296022 0.003281 0.209540
v 0.294172 0.003281 0.210776
v 0.209172 1.068457 -0.431942
v 0.210496 1.067865 -0.430618
v 0.209679 1.068230 -0.431841
v 0.210109 1.068038 -0.431555
v 0.210396 1.067910 -0.431125
v 0.225822 1.061018 -0.430619
v 0.227146 1.060426 -0.431943
v 0.225923 1.060973 -0.431125
v 0.226210 1.060844 -0.431555
v 0.226639 1.060652 -0.431842
v 0.227146 0.267528 -0.431943
v 0.225822 0.267528 -0.430619
v 0.226639 0.267528 -0.431842
v 0.226210 0.267528 -0.431555
v 0.225923 0.267528 -0.431125
v 0.210496 0.267528 -0.430619
v 0.209172 0.267528 -0.431943
v 0.210396 0.267528 -0.431125
v 0.210109 0.267528 -0.431555
v 0.209679 0.267528 -0.431842
v 0.227146 1.085240 -0.431809
v 0.225822 1.084409 -0.430619
v 0.226639 1.084922 -0.431760
v 0.226210 1.084652 -0.431516
v 0.225923 1.084472 -0.431115
v 0.210496 1.091233 -0.430618
v 0.209172 1.093243 -0.431808
v 0.210396 1.091386 -0.431115
v 0.210109 1.091822 -0.431516
v 0.209679 1.092474 -0.431759
v 0.209172 0.003281 -0.431943
v 0.210496 0.004606 -0.431935
v 0.211821 0.003281 -0.431943
v 0.210496 0.003282 -0.430619
v 0.209679 0.003788 -0.431942
v 0.210109 0.004218 -0.431941
v 0.210396 0.004505 -0.431938
v 0.225822 0.004606 -0.431943
v 0.227146 0.003281 -0.431943
v 0.225822 0.003282 -0.430619
v 0.224497 0.003281 -0.431943
v 0.226153 0.004275 -0.431943
v 0.226484 0.003944 -0.431943
v 0.226815 0.003612 -0.431943
v 0.225822 0.264247 -0.354453
v 0.227933 0.264705 -0.352341
v 0.225482 0.265122 -0.350451
v 0.223758 0.263803 -0.352341
v 0.225983 0.264282 -0.353645
v 0.226440 0.264381 -0.352960
v 0.227125 0.264530 -0.352502
v 0.208385 0.260502 -0.352341
v 0.210496 0.260953 -0.354453
v 0.212560 0.261396 -0.352341
v 0.210158 0.261844 -0.350458
v 0.209193 0.260675 -0.352502
v 0.209878 0.260821 -0.352960
v 0.210336 0.260919 -0.353645
v 0.210496 0.005440 -0.352341
v 0.208385 0.003329 -0.352341
v 0.210496 0.003328 -0.354453
v 0.212608 0.003329 -0.352341
v 0.209969 0.004913 -0.352341
v 0.209441 0.004385 -0.352341
v 0.208913 0.003857 -0.352341
v 0.227933 0.003329 -0.352341
v 0.225822 0.005440 -0.352396
v 0.223711 0.003329 -0.352341
v 0.225822 0.003328 -0.354453
v 0.227125 0.003490 -0.352346
v 0.226440 0.003948 -0.352358
v 0.225983 0.004633 -0.352375
v 0.322620 0.267528 0.134653
v 0.319366 0.267528 0.137906
v 0.316113 0.267530 0.134653
v 0.318734 0.267545 0.131462
v 0.321375 0.267528 0.134900
v 0.320319 0.267528 0.135606
v 0.319614 0.267528 0.136661
v 0.297693 0.267540 0.137906
v 0.294439 0.267568 0.134653
v 0.297083 0.267584 0.131458
v 0.300946 0.267538 0.134653
v 0.297445 0.267542 0.136661
v 0.296740 0.267548 0.135606
v 0.295684 0.267557 0.134900
v 0.294439 0.003321 0.134653
v 0.297693 0.006544 0.134736
v 0.300946 0.003291 0.134653
v 0.297693 0.003292 0.137906
v 0.297693 0.003292 0.137906
v 0.295684 0.003558 0.134659
v 0.296740 0.004254 0.134677
v 0.297445 0.005302 0.134704
v 0.319366 0.006534 0.134653
v 0.322620 0.003281 0.134653
v 0.319366 0.003281 0.137906
v 0.319366 0.003281 0.137906
v 0.316113 0.003283 0.134653
v 0.320180 0.005721 0.134653
v 0.320993 0.004908 0.134653
v 0.321806 0.004094 0.134653
v 0.241147 1.054170 -0.352334
v 0.210338 1.061018 -0.362457
v 0.225684 1.057594 -0.362661
v 0.216256 0.661596 -0.353668
v 0.209670 0.668209 -0.352214
v 0.224995 0.667863 -0.354343
v 0.218408 0.661544 -0.353958
v 0.000000 1.129993 -0.362293
v 0.048804 1.125421 -0.362248
v 0.097582 1.113194 -0.362193
v 0.146396 1.095547 -0.362261
v 0.175846 1.076762 -0.362159
v 0.195047 1.064441 -0.362185
v 0.000000 1.153492 -0.362293
v 0.048803 1.148899 -0.362248
v 0.097587 1.136616 -0.362193
v 0.146381 1.118896 -0.362261
v 0.175865 1.100070 -0.362159
v 0.195090 1.087808 -0.362186
v 0.210331 1.084449 -0.362457
v 0.225684 1.081060 -0.362661
v 0.195171 1.054986 -0.351452
v 0.195067 1.064441 -0.360496
v 0.195163 1.058605 -0.352233
v 0.195141 1.061672 -0.354226
v 0.195107 1.063722 -0.357127
v 0.146333 1.086184 -0.351156
v 0.146393 1.095547 -0.360571
v 0.146351 1.089767 -0.352079
v 0.146369 1.092805 -0.354192
v 0.146384 1.094834 -0.357174
v 0.097556 1.103953 -0.350578
v 0.097582 1.113194 -0.360503
v 0.097567 1.107490 -0.351696
v 0.097576 1.110488 -0.353975
v 0.097581 1.112491 -0.357068
v 0.048778 1.116233 -0.350602
v 0.048802 1.125421 -0.360558
v 0.048785 1.119749 -0.351732
v 0.048791 1.122730 -0.354021
v 0.048797 1.124722 -0.357120
v 0.000000 1.129993 -0.360602
v 0.000000 1.120823 -0.350644
v 0.000000 1.129295 -0.357164
v 0.000000 1.127307 -0.354065
v 0.000000 1.124332 -0.351775
v 0.175846 1.076762 -0.360469
v 0.175821 1.067306 -0.351407
v 0.175844 1.076042 -0.357099
v 0.175838 1.073992 -0.354194
v 0.175830 1.070924 -0.352195
v 0.201758 1.053532 -0.351626
v 0.210364 1.061018 -0.360768
v 0.205092 1.056397 -0.352445
v 0.207898 1.058825 -0.354469
v 0.209749 1.060448 -0.357392
v 0.225706 1.057594 -0.360972
v 0.234563 1.055641 -0.352289
v 0.225822 1.057594 -0.352230
v 0.226416 1.057445 -0.357631
v 0.228348 1.057022 -0.354808
v 0.231209 1.056389 -0.352932
v 0.209804 0.668247 -0.350527
v 0.203885 0.662172 -0.341440
v 0.216592 0.662325 -0.343163
v 0.209566 0.667845 -0.347165
v 0.208357 0.666550 -0.344258
v 0.206362 0.664557 -0.342248
v 0.232437 0.661481 -0.345280
v 0.225129 0.667901 -0.352658
v 0.219520 0.662052 -0.343578
v 0.229853 0.663998 -0.345433
v 0.227557 0.666103 -0.346888
v 0.225898 0.667473 -0.349426
v 0.234563 1.055641 -0.352289
v 0.225706 1.057594 -0.360970
v 0.225822 1.057594 -0.352230
v 0.231209 1.056388 -0.352932
v 0.228348 1.057022 -0.354807
v 0.226416 1.057445 -0.357630
v 0.000000 1.153492 -0.351861
v 0.000000 1.153492 -0.360602
v 0.000000 1.153492 -0.354046
v 0.000000 1.153492 -0.356231
v 0.000000 1.153492 -0.358417
v 0.048802 1.148899 -0.360558
v 0.048793 1.148899 -0.351817
v 0.048799 1.148899 -0.358373
v 0.048797 1.148899 -0.356187
v 0.048795 1.148899 -0.354002
v 0.097587 1.136616 -0.360503
v 0.097586 1.136616 -0.351761
v 0.097586 1.136616 -0.358317
v 0.097586 1.136616 -0.356132
v 0.097586 1.136616 -0.353947
v 0.146381 1.118896 -0.360571
v 0.146378 1.118896 -0.351829
v 0.146380 1.118896 -0.358385
v 0.146380 1.118896 -0.356200
v 0.146379 1.118896 -0.354014
v 0.175845 1.100070 -0.351727
v 0.175862 1.100070 -0.360468
v 0.175849 1.100070 -0.353912
v 0.175853 1.100070 -0.356098
v 0.175857 1.100070 -0.358283
v 0.195103 1.087808 -0.360496
v 0.195171 1.087808 -0.351754
v 0.195120 1.087808 -0.358310
v 0.195137 1.087808 -0.356125
v 0.195154 1.087808 -0.353940
v 0.225706 1.081060 -0.360970
v 0.234563 1.079128 -0.352289
v 0.226416 1.080913 -0.357630
v 0.228348 1.080494 -0.354807
v 0.231209 1.079867 -0.352932
v 0.210358 1.084449 -0.360767
v 0.210496 1.084449 -0.352027
v 0.210393 1.084449 -0.358582
v 0.210427 1.084449 -0.356397
v 0.210462 1.084449 -0.354212
v -0.241147 1.054170 -0.431943
v -0.241147 0.267528 -0.431943
v -0.341040 0.267528 0.211210
v -0.195171 0.267528 -0.431943
v -0.276019 0.267528 0.211210
v -0.195171 1.074713 -0.431928
v -0.146378 0.267528 -0.431943
v -0.097586 0.267568 -0.431943
v -0.048793 0.267686 -0.431943
v -0.230646 0.486030 0.197976
v -0.138009 0.488597 0.197976
v -0.069005 0.491069 0.197976
v -0.069005 0.269416 0.211210
v -0.138009 0.268457 0.211210
v -0.207014 0.267614 0.211210
v -0.048793 1.125421 -0.431826
v -0.097586 1.113194 -0.431799
v -0.146378 1.095547 -0.431831
v -0.241147 1.054170 -0.352334
v -0.241147 0.267577 -0.352341
v -0.195171 0.257683 -0.352341
v -0.048793 0.270817 -0.352341
v -0.097586 0.270101 -0.352341
v -0.146378 0.269111 -0.352341
v -0.276019 0.267732 0.134653
v -0.215305 0.490811 0.135553
v -0.069005 0.273938 0.134653
v -0.138009 0.271941 0.134653
v -0.207014 0.269489 0.134653
v -0.341040 0.267528 0.134653
v -0.190998 0.268900 -0.329103
v -0.131705 0.458191 -0.315908
v -0.095499 0.457556 -0.329062
v -0.047750 0.459089 -0.328779
v -0.047750 0.272256 -0.329103
v -0.095499 0.271410 -0.329103
v -0.143249 0.270199 -0.329103
v -0.276019 0.490748 0.211210
v -0.138009 0.487462 0.211210
v -0.069005 0.489702 0.211210
v -0.143249 0.455255 -0.357765
v -0.095499 0.460012 -0.315842
v -0.047750 0.461658 -0.315515
v -0.138009 0.514394 0.133895
v -0.341040 0.490280 0.211210
v -0.069005 0.517957 0.133895
v -0.069005 0.462600 0.211210
v -0.138009 0.460386 0.211210
v -0.248687 0.448141 0.211210
v -0.276019 0.635196 0.211210
v -0.341040 0.635193 0.211210
v -0.138009 0.510100 0.177982
v -0.138009 0.489100 0.197957
v -0.138009 0.507956 0.185400
v -0.138009 0.503224 0.191801
v -0.138009 0.496609 0.196210
v -0.069005 0.512912 0.177982
v -0.069005 0.491573 0.197957
v -0.069005 0.510641 0.185400
v -0.069005 0.505801 0.191800
v -0.069005 0.499112 0.196210
v -0.095499 0.460519 -0.315853
v -0.097309 0.483433 -0.296695
v -0.095637 0.468228 -0.314494
v -0.096029 0.475280 -0.310335
v -0.096616 0.480615 -0.304064
v -0.047750 0.462166 -0.315514
v -0.048654 0.485321 -0.295842
v -0.047818 0.469898 -0.313978
v -0.048015 0.477003 -0.309658
v -0.048308 0.482414 -0.303268
v -0.215305 0.491312 0.135534
v -0.195959 0.511927 0.134483
v -0.213833 0.498795 0.135227
v -0.209639 0.505334 0.134920
v -0.203363 0.509943 0.134658
v -0.211304 0.508209 0.177982
v -0.230646 0.486531 0.197957
v -0.218705 0.505768 0.185400
v -0.224980 0.500818 0.191800
v -0.229173 0.494076 0.196210
v -0.115035 0.482489 -0.297018
v -0.131705 0.458697 -0.315928
v -0.121414 0.479316 -0.304470
v -0.126822 0.473695 -0.310718
v -0.130436 0.466462 -0.314743
v -0.207014 0.382867 0.211210
v -0.138009 0.385209 0.211210
v -0.069005 0.387134 0.211210
v -0.248687 0.267528 0.211210
v -0.175845 1.082965 -0.431887
v -0.175845 0.267528 -0.431943
v -0.175845 0.262150 -0.352341
v -0.248687 0.268260 0.134653
v -0.172085 0.269404 -0.329103
v -0.276019 0.635081 0.212605
v -0.341040 0.635080 0.212605
v -0.276019 0.634609 0.213922
v -0.341040 0.634609 0.213922
v -0.276019 0.633812 0.215072
v -0.341040 0.633812 0.215072
v -0.276019 0.632745 0.215977
v -0.341040 0.632745 0.215977
v -0.276019 0.631479 0.216573
v -0.341040 0.631479 0.216573
v -0.276019 0.630102 0.216821
v -0.341040 0.630102 0.216821
v -0.276019 0.628708 0.216703
v -0.341040 0.628708 0.216703
v -0.276019 0.627394 0.216228
v -0.341040 0.627392 0.216228
v -0.276019 0.626248 0.215427
v -0.341040 0.626245 0.215427
v -0.276019 0.625351 0.214357
v -0.341040 0.625344 0.214357
v -0.276019 0.624763 0.213089
v -0.341040 0.624752 0.213089
v -0.276019 0.624526 0.211711
v -0.341040 0.624509 0.211711
v -0.224431 0.267833 -0.344595
v -0.207715 0.268285 -0.336849
v -0.319366 0.635080 0.212605
v -0.297693 0.635080 0.212605
v -0.319366 0.634609 0.213922
v -0.297693 0.634609 0.213922
v -0.319366 0.633812 0.215072
v -0.297693 0.633812 0.215072
v -0.319366 0.632745 0.215977
v -0.297693 0.632745 0.215977
v -0.319366 0.631479 0.216573
v -0.297693 0.631479 0.216573
v -0.319366 0.630102 0.216821
v -0.297693 0.630102 0.216821
v -0.319366 0.628708 0.216703
v -0.297693 0.628708 0.216703
v -0.319366 0.627392 0.216228
v -0.297693 0.627392 0.216228
v -0.319366 0.626245 0.215427
v -0.297693 0.626245 0.215427
v -0.319366 0.625344 0.214357
v -0.297693 0.625344 0.214357
v -0.319366 0.624752 0.213089
v -0.297693 0.624752 0.213089
v -0.319366 0.624509 0.211711
v -0.297693 0.624509 0.211711
v -0.319366 0.678084 0.210579
v -0.297693 0.678084 0.210579
v -0.297693 0.678213 0.134946
v -0.319366 0.678068 0.134913
v -0.210496 0.652268 -0.342655
v -0.225822 0.651853 -0.344620
v -0.319366 0.676472 0.223768
v -0.297693 0.676472 0.223768
v -0.319366 0.671690 0.235438
v -0.297693 0.671690 0.235438
v -0.319366 0.664045 0.245469
v -0.297693 0.664045 0.245469
v -0.319366 0.654059 0.253173
v -0.297693 0.654059 0.253173
v -0.319366 0.642418 0.258025
v -0.297693 0.642418 0.258025
v -0.319366 0.629916 0.259691
v -0.297693 0.629916 0.259691
v -0.319366 0.617410 0.258058
v -0.297693 0.617410 0.258058
v -0.319366 0.605755 0.253238
v -0.297693 0.605755 0.253238
v -0.319366 0.595750 0.245560
v -0.297693 0.595750 0.245560
v -0.319366 0.588078 0.235549
v -0.297693 0.588078 0.235549
v -0.319366 0.583264 0.223892
v -0.297693 0.583264 0.223892
v -0.319366 0.581556 0.210079
v -0.297693 0.581565 0.210079
v -0.325972 0.688049 0.211210
v -0.319366 0.681462 0.210793
v -0.323444 0.687547 0.211179
v -0.321301 0.686120 0.211088
v -0.319869 0.683983 0.210953
v -0.297693 0.681462 0.210793
v -0.291089 0.688049 0.211210
v -0.297190 0.683983 0.210953
v -0.295759 0.686120 0.211088
v -0.293616 0.687547 0.211179
v -0.291084 0.688195 0.134653
v -0.297693 0.681581 0.134846
v -0.293613 0.687667 0.134667
v -0.295757 0.686226 0.134709
v -0.297190 0.684089 0.134772
v -0.319366 0.681462 0.134825
v -0.325978 0.688049 0.134653
v -0.319870 0.683983 0.134759
v -0.321303 0.686120 0.134703
v -0.323448 0.687547 0.134666
v -0.203885 0.662172 -0.341440
v -0.210496 0.655577 -0.342555
v -0.217083 0.661832 -0.343271
v -0.206415 0.661616 -0.341813
v -0.208560 0.660168 -0.342155
v -0.209993 0.658047 -0.342414
v -0.225822 0.655178 -0.344555
v -0.232437 0.661481 -0.345280
v -0.219235 0.661779 -0.343562
v -0.226325 0.657633 -0.344572
v -0.227760 0.659692 -0.344717
v -0.229906 0.661043 -0.344967
v -0.325968 0.686127 0.226313
v -0.319366 0.679703 0.224619
v -0.323441 0.685638 0.226184
v -0.321300 0.684245 0.225817
v -0.319869 0.682161 0.225267
v -0.297693 0.679703 0.224619
v -0.291093 0.686127 0.226313
v -0.297190 0.682161 0.225267
v -0.295760 0.684245 0.225817
v -0.293619 0.685638 0.226184
v -0.325964 0.680354 0.240400
v -0.319366 0.674589 0.237098
v -0.323439 0.679915 0.240149
v -0.321299 0.678666 0.239433
v -0.319869 0.676795 0.238362
v -0.297693 0.674589 0.237098
v -0.291096 0.680354 0.240400
v -0.297191 0.676795 0.238362
v -0.295761 0.678666 0.239433
v -0.293621 0.679915 0.240149
v -0.325961 0.671126 0.252508
v -0.319366 0.666414 0.247824
v -0.323438 0.670767 0.252151
v -0.321298 0.669746 0.251136
v -0.319868 0.668217 0.249616
v -0.297693 0.666414 0.247824
v -0.291099 0.671126 0.252508
v -0.297191 0.668217 0.249617
v -0.295761 0.669746 0.251136
v -0.293622 0.670767 0.252151
v -0.325959 0.659073 0.261808
v -0.319366 0.655737 0.256063
v -0.323436 0.658819 0.261371
v -0.321297 0.658096 0.260125
v -0.319868 0.657013 0.258261
v -0.297693 0.655737 0.256063
v -0.291100 0.659073 0.261808
v -0.297191 0.657013 0.258261
v -0.295762 0.658096 0.260125
v -0.293623 0.658819 0.261371
v -0.325958 0.645020 0.267665
v -0.319366 0.643288 0.261250
v -0.323435 0.644888 0.267176
v -0.321297 0.644513 0.265786
v -0.319868 0.643951 0.263705
v -0.297693 0.643288 0.261250
v -0.291102 0.645020 0.267665
v -0.297191 0.643951 0.263705
v -0.295762 0.644513 0.265786
v -0.293624 0.644888 0.267176
v -0.319366 0.629920 0.263032
v -0.325957 0.629929 0.269676
v -0.319868 0.629924 0.265575
v -0.321297 0.629927 0.267730
v -0.323435 0.629929 0.269170
v -0.291103 0.629929 0.269676
v -0.297693 0.629920 0.263032
v -0.293625 0.629929 0.269170
v -0.295763 0.629927 0.267730
v -0.297191 0.629924 0.265575
v -0.325956 0.614833 0.267705
v -0.319366 0.616548 0.261286
v -0.323434 0.614964 0.267216
v -0.321296 0.615336 0.265825
v -0.319868 0.615892 0.263742
v -0.297693 0.616548 0.261286
v -0.291103 0.614833 0.267705
v -0.297191 0.615892 0.263742
v -0.295763 0.615336 0.265825
v -0.293625 0.614964 0.267216
v -0.325955 0.600765 0.261886
v -0.319366 0.604086 0.256131
v -0.323434 0.601018 0.261448
v -0.321296 0.601738 0.260201
v -0.319868 0.602815 0.258334
v -0.297693 0.604086 0.256132
v -0.291104 0.600765 0.261886
v -0.297191 0.602815 0.258334
v -0.295763 0.601738 0.260201
v -0.293625 0.601018 0.261448
v -0.325955 0.588687 0.252618
v -0.319366 0.593387 0.247921
v -0.323434 0.589045 0.252260
v -0.321296 0.590064 0.251242
v -0.319868 0.591588 0.249719
v -0.297693 0.593387 0.247921
v -0.291104 0.588687 0.252618
v -0.297191 0.591588 0.249719
v -0.295763 0.590064 0.251242
v -0.293626 0.589045 0.252260
v -0.325955 0.579427 0.240534
v -0.319366 0.585183 0.237217
v -0.323433 0.579865 0.240282
v -0.321296 0.581113 0.239563
v -0.319868 0.582980 0.238487
v -0.297693 0.585183 0.237217
v -0.291105 0.579427 0.240534
v -0.297191 0.582980 0.238487
v -0.295763 0.581113 0.239563
v -0.293626 0.579865 0.240282
v -0.325955 0.573616 0.226463
v -0.319366 0.580036 0.224752
v -0.323433 0.574105 0.226333
v -0.321296 0.575497 0.225962
v -0.319868 0.577579 0.225407
v -0.297693 0.580036 0.224752
v -0.291105 0.573616 0.226463
v -0.297191 0.577579 0.225407
v -0.295763 0.575497 0.225962
v -0.293626 0.574105 0.226333
v -0.325954 0.571654 0.211366
v -0.319366 0.578186 0.210517
v -0.312780 0.571654 0.211366
v -0.319366 0.578241 0.211409
v -0.323433 0.572151 0.211301
v -0.321296 0.573567 0.211117
v -0.319868 0.575686 0.210842
v -0.297693 0.578197 0.210517
v -0.291105 0.571708 0.211366
v -0.297693 0.578249 0.211409
v -0.304279 0.571654 0.211366
v -0.297191 0.575701 0.210842
v -0.295763 0.573590 0.211117
v -0.293626 0.572187 0.211301
v -0.330546 0.688049 0.211210
v -0.341040 0.677555 0.211210
v -0.334562 0.687250 0.211210
v -0.337967 0.684975 0.211210
v -0.340241 0.681571 0.211210
v -0.272857 0.678605 0.206784
v -0.286502 0.688049 0.211210
v -0.274865 0.682219 0.208478
v -0.278163 0.685283 0.209914
v -0.282249 0.687330 0.210873
v -0.341040 0.677557 0.134653
v -0.330535 0.688049 0.134653
v -0.340241 0.681572 0.134653
v -0.337963 0.684976 0.134653
v -0.334555 0.687250 0.134653
v -0.286509 0.688257 0.134653
v -0.272689 0.678719 0.134653
v -0.282241 0.687576 0.134653
v -0.278116 0.685523 0.134653
v -0.274762 0.682414 0.134653
v -0.232437 0.661481 -0.345280
v -0.241147 0.650966 -0.347024
v -0.241147 0.671636 -0.345679
v -0.235771 0.660626 -0.345749
v -0.238596 0.658329 -0.346243
v -0.240484 0.654936 -0.346687
v -0.192732 0.652708 -0.339707
v -0.203885 0.662172 -0.341440
v -0.195171 0.672612 -0.339226
v -0.194329 0.656399 -0.339980
v -0.197009 0.659493 -0.340409
v -0.200364 0.661522 -0.340925
v -0.330554 0.686127 0.226313
v -0.341040 0.675978 0.223587
v -0.334567 0.685354 0.226105
v -0.337969 0.683154 0.225514
v -0.340242 0.679862 0.224630
v -0.276019 0.675968 0.223585
v -0.286496 0.686127 0.226313
v -0.276816 0.679856 0.224629
v -0.279088 0.683151 0.225514
v -0.282487 0.685354 0.226105
v -0.330561 0.680354 0.240400
v -0.341040 0.671249 0.235130
v -0.334571 0.679661 0.239999
v -0.337971 0.677688 0.238856
v -0.340242 0.674734 0.237147
v -0.276019 0.671243 0.235126
v -0.286492 0.680354 0.240400
v -0.276816 0.674729 0.237144
v -0.279086 0.677686 0.238855
v -0.282484 0.679661 0.239998
v -0.330565 0.671126 0.252508
v -0.341040 0.663693 0.245051
v -0.334574 0.670560 0.251940
v -0.337972 0.668949 0.250324
v -0.340243 0.666537 0.247904
v -0.276019 0.663688 0.245046
v -0.286489 0.671126 0.252508
v -0.276816 0.666535 0.247902
v -0.279085 0.668947 0.250322
v -0.282482 0.670560 0.251940
v -0.330569 0.659073 0.261808
v -0.341040 0.653824 0.252672
v -0.334576 0.658673 0.261113
v -0.337973 0.657535 0.259132
v -0.340243 0.655833 0.256168
v -0.276019 0.653822 0.252668
v -0.286486 0.659073 0.261808
v -0.276816 0.655831 0.256166
v -0.279085 0.657535 0.259131
v -0.282481 0.658673 0.261113
v -0.330572 0.645020 0.267665
v -0.341040 0.642319 0.257474
v -0.334578 0.644814 0.266889
v -0.337974 0.644229 0.264680
v -0.340243 0.643353 0.261374
v -0.276019 0.642318 0.257471
v -0.286484 0.645020 0.267665
v -0.276816 0.643352 0.261372
v -0.279084 0.644229 0.264679
v -0.282479 0.644814 0.266889
v -0.330574 0.629929 0.269676
v -0.341040 0.629964 0.259128
v -0.334579 0.629932 0.268873
v -0.337975 0.629939 0.266587
v -0.340243 0.629951 0.263165
v -0.276019 0.629964 0.259125
v -0.286483 0.629929 0.269676
v -0.276815 0.629951 0.263163
v -0.279084 0.629939 0.266586
v -0.282479 0.629932 0.268873
v -0.330575 0.614833 0.267705
v -0.341040 0.617604 0.257522
v -0.334580 0.615044 0.266930
v -0.337975 0.615645 0.264722
v -0.340244 0.616544 0.261419
v -0.276019 0.617604 0.257520
v -0.286482 0.614833 0.267705
v -0.276815 0.616544 0.261417
v -0.279084 0.615645 0.264722
v -0.282478 0.615044 0.266930
v -0.330576 0.600765 0.261886
v -0.341040 0.606084 0.252765
v -0.334581 0.601170 0.261192
v -0.337975 0.602323 0.259215
v -0.340244 0.604049 0.256256
v -0.276019 0.606085 0.252764
v -0.286481 0.600765 0.261886
v -0.276815 0.604049 0.256255
v -0.279083 0.602323 0.259214
v -0.282478 0.601170 0.261192
v -0.330577 0.588687 0.252618
v -0.341040 0.596194 0.245184
v -0.334581 0.589259 0.252052
v -0.337976 0.590886 0.250441
v -0.340244 0.593322 0.248029
v -0.276019 0.596195 0.245183
v -0.286481 0.588687 0.252618
v -0.276815 0.593322 0.248028
v -0.279083 0.590886 0.250440
v -0.282477 0.589259 0.252052
v -0.330578 0.579427 0.240534
v -0.341040 0.588611 0.235298
v -0.334581 0.580126 0.240136
v -0.337976 0.582117 0.239001
v -0.340244 0.585096 0.237302
v -0.276019 0.588612 0.235298
v -0.286481 0.579427 0.240534
v -0.276815 0.585097 0.237302
v -0.279083 0.582117 0.239001
v -0.282477 0.580126 0.240136
v -0.330578 0.573616 0.226463
v -0.341040 0.583853 0.223785
v -0.334582 0.574396 0.226259
v -0.337976 0.576615 0.225679
v -0.340244 0.579936 0.224810
v -0.276019 0.583894 0.223785
v -0.286480 0.573618 0.226463
v -0.276815 0.579973 0.224810
v -0.279083 0.576640 0.225679
v -0.282477 0.574407 0.226259
v -0.341040 0.582247 0.211435
v -0.330578 0.571654 0.211366
v -0.340244 0.578193 0.211408
v -0.337976 0.574757 0.211386
v -0.334582 0.572461 0.211371
v -0.286480 0.571748 0.211366
v -0.276019 0.582420 0.211435
v -0.282477 0.572595 0.211371
v -0.279083 0.574923 0.211386
v -0.276815 0.578374 0.211408
v -0.201626 0.270719 -0.271134
v -0.212253 0.272404 -0.213164
v -0.222881 0.273417 -0.155195
v -0.233509 0.273462 -0.097225
v -0.244136 0.272524 -0.039256
v -0.254764 0.270878 0.018714
v -0.265391 0.269045 0.076683
v -0.151219 0.464771 -0.271134
v -0.159190 0.473660 -0.213164
v -0.167161 0.481075 -0.155195
v -0.177612 0.486416 -0.097225
v -0.189232 0.489496 -0.039256
v -0.204409 0.490612 0.018714
v -0.217157 0.490440 0.076683
v -0.050406 0.276165 -0.271134
v -0.053063 0.279907 -0.213164
v -0.055720 0.282705 -0.155195
v -0.058377 0.283985 -0.097225
v -0.061034 0.283478 -0.039256
v -0.063691 0.281292 0.018714
v -0.066348 0.277878 0.076683
v -0.100813 0.274835 -0.271134
v -0.106127 0.278082 -0.213164
v -0.111441 0.280427 -0.155195
v -0.116754 0.281362 -0.097225
v -0.122068 0.280683 -0.039256
v -0.127382 0.278539 0.018714
v -0.132696 0.275393 0.076683
v -0.151219 0.272894 -0.271134
v -0.159190 0.275415 -0.213164
v -0.167161 0.277120 -0.155195
v -0.175131 0.277597 -0.097225
v -0.183102 0.276734 -0.039256
v -0.191073 0.274736 0.018714
v -0.199043 0.272089 0.076683
v -0.328554 0.267567 0.073778
v -0.316067 0.268252 0.012904
v -0.303580 0.269208 -0.047970
v -0.291094 0.269850 -0.108844
v -0.278607 0.269860 -0.169719
v -0.266120 0.269234 -0.230593
v -0.253634 0.268280 -0.291467
v -0.139464 0.467662 -0.259476
v -0.147224 0.476345 -0.203043
v -0.154983 0.483460 -0.146610
v -0.165223 0.488463 -0.090178
v -0.170502 0.491218 -0.033745
v -0.178261 0.492055 0.022688
v -0.204134 0.491639 0.079120
v -0.122460 0.491756 -0.243226
v -0.129884 0.500037 -0.189494
v -0.137309 0.506641 -0.135499
v -0.147215 0.511111 -0.081503
v -0.158289 0.513385 -0.027506
v -0.172921 0.513830 0.026490
v -0.185122 0.513087 0.080486
v -0.192398 0.510993 0.079730
v -0.180068 0.511627 0.024801
v -0.165309 0.511049 -0.030128
v -0.154107 0.508603 -0.085056
v -0.144073 0.503934 -0.139985
v -0.136520 0.497131 -0.194914
v -0.128967 0.488684 -0.249676
v -0.198566 0.506281 0.079201
v -0.186127 0.506816 0.023482
v -0.171260 0.506116 -0.032237
v -0.159949 0.503518 -0.087957
v -0.149807 0.498680 -0.143676
v -0.142145 0.491712 -0.199395
v -0.134484 0.483132 -0.255063
v -0.202687 0.499665 0.078980
v -0.190176 0.500123 0.022733
v -0.175236 0.499332 -0.033514
v -0.163853 0.496627 -0.089762
v -0.153638 0.491671 -0.146009
v -0.145904 0.484595 -0.202256
v -0.138170 0.475933 -0.258503
v -0.204134 0.492142 0.079101
v -0.191598 0.492559 0.022668
v -0.176632 0.491724 -0.033764
v -0.165223 0.488969 -0.090197
v -0.154983 0.483967 -0.146630
v -0.147224 0.476852 -0.203062
v -0.139464 0.468169 -0.259495
v -0.132922 0.515919 0.079972
v -0.127834 0.516842 0.026049
v -0.122747 0.516386 -0.027874
v -0.117659 0.513892 -0.081797
v -0.112571 0.509015 -0.135719
v -0.107484 0.501908 -0.189530
v -0.102396 0.493133 -0.242978
v -0.051198 0.495724 -0.242097
v -0.053742 0.505264 -0.188951
v -0.056286 0.513120 -0.135702
v -0.058830 0.518537 -0.081797
v -0.061373 0.521165 -0.027874
v -0.063917 0.521423 0.026049
v -0.066461 0.520079 0.079972
v -0.181660 0.271580 -0.271134
v -0.191236 0.273601 -0.213164
v -0.200811 0.274885 -0.155195
v -0.210386 0.275089 -0.097225
v -0.219961 0.274159 -0.039256
v -0.229536 0.272341 0.018714
v -0.239112 0.270141 0.076683
v -0.218962 0.269767 -0.277912
v -0.230209 0.271233 -0.218974
v -0.241456 0.272129 -0.160036
v -0.252704 0.272153 -0.101098
v -0.263951 0.271299 -0.042161
v -0.275198 0.269851 0.016777
v -0.286445 0.268352 0.075715
v -0.236298 0.268944 -0.284689
v -0.248165 0.270165 -0.224783
v -0.260032 0.270931 -0.164877
v -0.271899 0.270937 -0.104971
v -0.283766 0.270180 -0.045065
v -0.295633 0.268962 0.014841
v -0.307499 0.267845 0.074747
v -0.341040 0.476755 0.134653
v -0.326836 0.489786 0.134653
v -0.341040 0.490628 0.148596
v -0.339959 0.482024 0.134653
v -0.336880 0.486350 0.134653
v -0.332272 0.489076 0.134653
v -0.227924 0.475200 -0.349203
v -0.241147 0.464352 -0.352341
v -0.241147 0.492258 -0.352341
v -0.232984 0.475329 -0.350404
v -0.237274 0.473313 -0.351422
v -0.240141 0.469458 -0.352103
v -0.240155 0.480357 -0.288791
v -0.253634 0.468758 -0.291467
v -0.245313 0.480198 -0.289815
v -0.249686 0.477938 -0.290683
v -0.252608 0.473921 -0.291263
v -0.252445 0.485150 -0.228364
v -0.266120 0.472876 -0.230593
v -0.257678 0.484732 -0.229217
v -0.262115 0.482253 -0.229940
v -0.265079 0.478090 -0.230423
v -0.264784 0.488869 -0.167917
v -0.278607 0.476015 -0.169719
v -0.270074 0.488229 -0.168607
v -0.274559 0.485561 -0.169191
v -0.277555 0.481272 -0.169581
v -0.277159 0.491113 -0.107448
v -0.291094 0.477800 -0.108844
v -0.282492 0.490296 -0.107982
v -0.287012 0.487479 -0.108435
v -0.290033 0.483091 -0.108738
v -0.289557 0.491873 -0.046956
v -0.303580 0.478233 -0.047970
v -0.294923 0.490930 -0.047344
v -0.299473 0.488007 -0.047673
v -0.302513 0.483549 -0.047893
v -0.301966 0.491536 0.013560
v -0.316067 0.477702 0.012904
v -0.307362 0.490519 0.013309
v -0.311937 0.487533 0.013096
v -0.314994 0.483032 0.012954
v -0.328554 0.476904 0.073778
v -0.314383 0.490809 0.074096
v -0.327475 0.482240 0.073803
v -0.324403 0.486755 0.073872
v -0.319806 0.489765 0.073975
v -0.272967 0.484636 0.152714
v -0.291043 0.485806 0.134653
v -0.261454 0.486022 0.120806
v -0.242035 0.486708 0.134955
v -0.274343 0.484725 0.145802
v -0.278261 0.484979 0.139943
v -0.284125 0.485358 0.136028
v -0.241147 0.630709 -0.348346
v -0.224790 0.604863 -0.346368
v -0.241147 0.594568 -0.350489
v -0.239902 0.623199 -0.348540
v -0.236356 0.615650 -0.348224
v -0.231050 0.609211 -0.347463
v -0.342818 0.654076 0.152349
v -0.323118 0.630235 0.134653
v -0.340773 0.646473 0.145577
v -0.336312 0.639272 0.139836
v -0.330112 0.633570 0.136000
v -0.276026 0.627245 0.152056
v -0.287262 0.615886 0.134704
v -0.274992 0.620984 0.145400
v -0.276764 0.616626 0.139765
v -0.281073 0.614836 0.136009
v -0.190808 0.588729 -0.340042
v -0.179008 0.598442 -0.337689
v -0.174650 0.599094 -0.335549
v -0.170262 0.563613 -0.336635
v -0.184942 0.587110 -0.338975
v -0.180640 0.588387 -0.338164
v -0.178556 0.592367 -0.337711
v -0.326836 0.489786 0.134653
v -0.341040 0.490628 0.148596
v -0.332272 0.494407 0.135714
v -0.336880 0.496189 0.138737
v -0.339959 0.494862 0.143260
v -0.137028 1.025086 -0.341209
v -0.136781 0.967768 -0.334154
v -0.136677 0.903769 -0.325646
v -0.136596 0.839610 -0.319896
v -0.136486 0.775315 -0.318914
v -0.136316 0.711005 -0.323093
v -0.136098 0.646805 -0.330961
v -0.135860 0.582783 -0.339950
v -0.135614 0.529116 -0.346058
v -0.097377 1.047631 -0.343363
v -0.097168 0.982067 -0.327613
v -0.096960 0.916503 -0.314756
v -0.096751 0.850939 -0.304604
v -0.096542 0.785375 -0.299920
v -0.096334 0.719811 -0.301685
v -0.096125 0.654248 -0.308254
v -0.095916 0.588684 -0.316644
v -0.096475 0.532243 -0.322809
v -0.048688 1.058788 -0.343010
v -0.048584 0.992155 -0.326170
v -0.048480 0.925521 -0.311749
v -0.048375 0.858888 -0.299858
v -0.048271 0.792255 -0.293926
v -0.048167 0.725622 -0.295757
v -0.048063 0.658988 -0.303309
v -0.047958 0.592355 -0.313129
v -0.048221 0.534826 -0.320541
v -0.225822 1.095490 -0.421094
v -0.225822 1.088792 -0.431117
v -0.225822 1.092437 -0.428766
v -0.225822 1.094789 -0.425246
v -0.231234 1.093537 -0.421086
v -0.241147 1.077613 -0.431943
v -0.235027 1.090967 -0.425241
v -0.238244 1.087039 -0.428763
v -0.240393 1.082349 -0.431117
v -0.175845 1.106359 -0.431887
v -0.175845 1.117064 -0.421056
v -0.175845 1.110713 -0.431062
v -0.175845 1.114276 -0.428714
v -0.175845 1.116506 -0.425201
v -0.195171 1.108269 -0.421145
v -0.195171 1.098083 -0.431928
v -0.195171 1.107917 -0.425271
v -0.195171 1.105858 -0.428770
v -0.195171 1.102404 -0.431107
v -0.048793 1.160359 -0.420967
v -0.048793 1.148967 -0.431826
v -0.048793 1.159492 -0.425123
v -0.048793 1.157022 -0.428645
v -0.048793 1.153327 -0.430999
v -0.097586 1.148132 -0.420941
v -0.097586 1.136692 -0.431799
v -0.097586 1.147261 -0.425096
v -0.097586 1.144781 -0.428619
v -0.097586 1.141070 -0.430973
v -0.146378 1.130485 -0.420973
v -0.146378 1.118987 -0.431831
v -0.146378 1.129609 -0.425128
v -0.146378 1.127117 -0.428651
v -0.146378 1.123387 -0.431005
v -0.230550 1.091475 -0.363130
v -0.241147 1.077644 -0.352334
v -0.234606 1.089697 -0.358999
v -0.238044 1.086444 -0.355496
v -0.240341 1.082211 -0.353156
v -0.195171 1.087808 -0.351754
v -0.195171 1.100761 -0.362539
v -0.195171 1.092341 -0.352575
v -0.195171 1.096395 -0.354913
v -0.195171 1.099351 -0.358412
v -0.146378 1.118896 -0.351829
v -0.146378 1.130485 -0.362680
v -0.146378 1.123330 -0.352655
v -0.146378 1.127090 -0.355007
v -0.146378 1.129602 -0.358527
v -0.097586 1.136616 -0.351761
v -0.097586 1.148132 -0.362613
v -0.097586 1.141023 -0.352587
v -0.097586 1.144759 -0.354940
v -0.097586 1.147255 -0.358460
v -0.048793 1.148899 -0.351817
v -0.048793 1.160359 -0.362669
v -0.048793 1.153285 -0.352643
v -0.048793 1.157002 -0.354995
v -0.048793 1.159487 -0.358516
v -0.175845 1.112538 -0.362554
v -0.175845 1.100070 -0.351727
v -0.175845 1.111332 -0.358411
v -0.175845 1.108539 -0.354898
v -0.175845 1.104584 -0.352551
v -0.225822 1.092998 -0.363088
v -0.225822 1.081060 -0.352230
v -0.225822 1.091947 -0.358933
v -0.225822 1.089309 -0.355410
v -0.225822 1.085486 -0.353056
v -0.210496 1.101876 -0.421119
v -0.210496 1.101350 -0.425261
v -0.210496 1.099143 -0.428773
v -0.210496 1.095590 -0.431119
v -0.210496 1.084449 -0.352027
v -0.210496 1.096884 -0.362857
v -0.210496 1.088923 -0.352851
v -0.210496 1.092857 -0.355199
v -0.210496 1.095653 -0.358712
v -0.341040 0.003281 0.211210
v -0.241147 0.003329 -0.352341
v -0.241147 0.003281 -0.431943
v -0.195171 0.003281 -0.431943
v -0.276019 0.003485 0.134653
v -0.276019 0.003281 0.211210
v -0.195171 0.003329 -0.352341
v -0.341040 0.003281 0.134653
v -0.297693 0.267528 0.203959
v -0.319366 0.267528 0.203959
v -0.319366 0.635193 0.203959
v -0.297693 0.635193 0.203959
v -0.319366 0.490280 0.203959
v -0.297693 0.490392 0.203959
v -0.297693 0.003281 0.203959
v -0.319366 0.003281 0.203959
v -0.210496 1.067865 -0.430229
v -0.225822 1.061018 -0.430229
v -0.225822 0.267528 -0.430229
v -0.210496 0.267528 -0.430229
v -0.225822 1.084409 -0.430229
v -0.210496 1.091233 -0.430229
v -0.225822 0.264247 -0.359142
v -0.210496 0.260953 -0.359142
v -0.319366 0.267528 0.141453
v -0.297693 0.267540 0.141453
v -0.291989 0.267528 0.211210
v -0.297693 0.267528 0.205506
v -0.294172 0.267528 0.210776
v -0.296022 0.267528 0.209540
v -0.297258 0.267528 0.207689
v -0.319366 0.267528 0.205506
v -0.325070 0.267528 0.211210
v -0.319801 0.267528 0.207689
v -0.321037 0.267528 0.209540
v -0.322888 0.267528 0.210776
v -0.319366 0.635193 0.205506
v -0.325070 0.635193 0.211210
v -0.319366 0.635082 0.212583
v -0.313662 0.635193 0.211210
v -0.319801 0.635193 0.207689
v -0.321037 0.635193 0.209540
v -0.322888 0.635193 0.210776
v -0.291989 0.635194 0.211210
v -0.297693 0.635193 0.205506
v -0.303397 0.635193 0.211210
v -0.297693 0.635082 0.212583
v -0.294172 0.635194 0.210776
v -0.296022 0.635194 0.209540
v -0.297258 0.635193 0.207689
v -0.325070 0.490280 0.211210
v -0.319366 0.490280 0.205506
v -0.322888 0.490280 0.210776
v -0.321037 0.490280 0.209540
v -0.319801 0.490280 0.207689
v -0.297693 0.490392 0.205506
v -0.291989 0.490486 0.211210
v -0.297258 0.490400 0.207689
v -0.296022 0.490420 0.209540
v -0.294172 0.490450 0.210776
v -0.325070 0.003281 0.211210
v -0.319366 0.003281 0.205506
v -0.319366 0.003281 0.205506
v -0.322888 0.003281 0.210776
v -0.321037 0.003281 0.209540
v -0.319801 0.003281 0.207689
v -0.297693 0.003281 0.205506
v -0.291989 0.003281 0.211210
v -0.297693 0.003282 0.205506
v -0.297258 0.003281 0.207689
v -0.296022 0.003281 0.209540
v -0.294172 0.003281 0.210776
v -0.209172 1.068457 -0.431942
v -0.210496 1.067865 -0.430618
v -0.209679 1.068230 -0.431841
v -0.210109 1.068038 -0.431555
v -0.210396 1.067910 -0.431125
v -0.225822 1.061018 -0.430619
v -0.227146 1.060426 -0.431943
v -0.225923 1.060973 -0.431125
v -0.226210 1.060844 -0.431555
v -0.226639 1.060652 -0.431842
v -0.227146 0.267528 -0.431943
v -0.225822 0.267528 -0.430619
v -0.226639 0.267528 -0.431842
v -0.226210 0.267528 -0.431555
v -0.225923 0.267528 -0.431125
v -0.210496 0.267528 -0.430619
v -0.209172 0.267528 -0.431943
v -0.210396 0.267528 -0.431125
v -0.210109 0.267528 -0.431555
v -0.209679 0.267528 -0.431842
v -0.227146 1.085240 -0.431809
v -0.225822 1.084409 -0.430619
v -0.226639 1.084922 -0.431760
v -0.226210 1.084652 -0.431516
v -0.225923 1.084472 -0.431115
v -0.210496 1.091233 -0.430618
v -0.209172 1.093243 -0.431808
v -0.210396 1.091386 -0.431115
v -0.210109 1.091822 -0.431516
v -0.209679 1.092474 -0.431759
v -0.209172 0.003281 -0.431943
v -0.210496 0.004606 -0.431935
v -0.211821 0.003281 -0.431943
v -0.210496 0.003282 -0.430619
v -0.209679 0.003788 -0.431942
v -0.210109 0.004218 -0.431941
v -0.210396 0.004505 -0.431938
v -0.225822 0.004606 -0.431943
v -0.227146 0.003281 -0.431943
v -0.225822 0.003282 -0.430619
v -0.224497 0.003281 -0.431943
v -0.226153 0.004275 -0.431943
v -0.226484 0.003944 -0.431943
v -0.226815 0.003612 -0.431943
v -0.225822 0.264247 -0.354453
v -0.227933 0.264705 -0.352341
v -0.225482 0.265122 -0.350451
v -0.223758 0.263803 -0.352341
v -0.225983 0.264282 -0.353645
v -0.226440 0.264381 -0.352960
v -0.227125 0.264530 -0.352502
v -0.208385 0.260502 -0.352341
v -0.210496 0.260953 -0.354453
v -0.212560 0.261396 -0.352341
v -0.210158 0.261844 -0.350458
v -0.209193 0.260675 -0.352502
v -0.209878 0.260821 -0.352960
v -0.210336 0.260919 -0.353645
v -0.210496 0.005440 -0.352341
v -0.208385 0.003329 -0.352341
v -0.210496 0.003328 -0.354453
v -0.212608 0.003329 -0.352341
v -0.209969 0.004913 -0.352341
v -0.209441 0.004385 -0.352341
v -0.208913 0.003857 -0.352341
v -0.227933 0.003329 -0.352341
v -0.225822 0.005440 -0.352396
v -0.223711 0.003329 -0.352341
v -0.225822 0.003328 -0.354453
v -0.227125 0.003490 -0.352346
v -0.226440 0.003948 -0.352358
v -0.225983 0.004633 -0.352375
v -0.322620 0.267528 0.134653
v -0.319366 0.267528 0.137906
v -0.316113 0.267530 0.134653
v -0.318734 0.267545 0.131462
v -0.321375 0.267528 0.134900
v -0.320319 0.267528 0.135606
v -0.319614 0.267528 0.136661
v -0.297693 0.267540 0.137906
v -0.294439 0.267568 0.134653
v -0.297083 0.267584 0.131458
v -0.300946 0.267538 0.134653
v -0.297445 0.267542 0.136661
v -0.296740 0.267548 0.135606
v -0.295684 0.267557 0.134900
v -0.294439 0.003321 0.134653
v -0.297693 0.006544 0.134736
v -0.300946 0.003291 0.134653
v -0.297693 0.003292 0.137906
v -0.297693 0.003292 0.137906
v -0.295684 0.003558 0.134659
v -0.296740 0.004254 0.134677
v -0.297445 0.005302 0.134704
v -0.319366 0.006534 0.134653
v -0.322620 0.003281 0.134653
v -0.319366 0.003281 0.137906
v -0.319366 0.003281 0.137906
v -0.316113 0.003283 0.134653
v -0.320180 0.005721 0.134653
v -0.320993 0.004908 0.134653
v -0.321806 0.004094 0.134653
v -0.241147 1.054170 -0.352334
v -0.210338 1.061018 -0.362457
v -0.225684 1.057594 -0.362661
v -0.216256 0.661596 -0.353668
v -0.209670 0.668209 -0.352214
v -0.224995 0.667863 -0.354343
v -0.218408 0.661544 -0.353958
v -0.048804 1.125421 -0.362248
v -0.097582 1.113194 -0.362193
v -0.146396 1.095547 -0.362261
v -0.175846 1.076762 -0.362159
v -0.195047 1.064441 -0.362185
v -0.048803 1.148899 -0.362248
v -0.097587 1.136616 -0.362193
v -0.146381 1.118896 -0.362261
v -0.175865 1.100070 -0.362159
v -0.195090 1.087808 -0.362186
v -0.210331 1.084449 -0.362457
v -0.225684 1.081060 -0.362661
v -0.195171 1.054986 -0.351452
v -0.195067 1.064441 -0.360496
v -0.195163 1.058605 -0.352233
v -0.195141 1.061672 -0.354226
v -0.195107 1.063722 -0.357127
v -0.146333 1.086184 -0.351156
v -0.146393 1.095547 -0.360571
v -0.146351 1.089767 -0.352079
v -0.146369 1.092805 -0.354192
v -0.146384 1.094834 -0.357174
v -0.097556 1.103953 -0.350578
v -0.097582 1.113194 -0.360503
v -0.097567 1.107490 -0.351696
v -0.097576 1.110488 -0.353975
v -0.097581 1.112491 -0.357068
v -0.048778 1.116233 -0.350602
v -0.048802 1.125421 -0.360558
v -0.048785 1.119749 -0.351732
v -0.048791 1.122730 -0.354021
v -0.048797 1.124722 -0.357120
v -0.175846 1.076762 -0.360469
v -0.175821 1.067306 -0.351407
v -0.175844 1.076042 -0.357099
v -0.175838 1.073992 -0.354194
v -0.175830 1.070924 -0.352195
v -0.201758 1.053532 -0.351626
v -0.210364 1.061018 -0.360768
v -0.205092 1.056397 -0.352445
v -0.207898 1.058825 -0.354469
v -0.209749 1.060448 -0.357392
v -0.225706 1.057594 -0.360972
v -0.234563 1.055641 -0.352289
v -0.225822 1.057594 -0.352230
v -0.226416 1.057445 -0.357631
v -0.228348 1.057022 -0.354808
v -0.231209 1.056389 -0.352932
v -0.209804 0.668247 -0.350527
v -0.203885 0.662172 -0.341440
v -0.216592 0.662325 -0.343163
v -0.209566 0.667845 -0.347165
v -0.208357 0.666550 -0.344258
v -0.206362 0.664557 -0.342248
v -0.232437 0.661481 -0.345280
v -0.225129 0.667901 -0.352658
v -0.219520 0.662052 -0.343578
v -0.229853 0.663998 -0.345433
v -0.227557 0.666103 -0.346888
v -0.225898 0.667473 -0.349426
v -0.234563 1.055641 -0.352289
v -0.225706 1.057594 -0.360970
v -0.225822 1.057594 -0.352230
v -0.231209 1.056388 -0.352932
v -0.228348 1.057022 -0.354807
v -0.226416 1.057445 -0.357630
v -0.048802 1.148899 -0.360558
v -0.048793 1.148899 -0.351817
v -0.048799 1.148899 -0.358373
v -0.048797 1.148899 -0.356187
v -0.048795 1.148899 -0.354002
v -0.097587 1.136616 -0.360503
v -0.097586 1.136616 -0.351761
v -0.097586 1.136616 -0.358317
v -0.097586 1.136616 -0.356132
v -0.097586 1.136616 -0.353947
v -0.146381 1.118896 -0.360571
v -0.146378 1.118896 -0.351829
v -0.146380 1.118896 -0.358385
v -0.146380 1.118896 -0.356200
v -0.146379 1.118896 -0.354014
v -0.175845 1.100070 -0.351727
v -0.175862 1.100070 -0.360468
v -0.175849 1.100070 -0.353912
v -0.175853 1.100070 -0.356098
v -0.175857 1.100070 -0.358283
v -0.195103 1.087808 -0.360496
v -0.195171 1.087808 -0.351754
v -0.195120 1.087808 -0.358310
v -0.195137 1.087808 -0.356125
v -0.195154 1.087808 -0.353940
v -0.225706 1.081060 -0.360970
v -0.234563 1.079128 -0.352289
v -0.226416 1.080913 -0.357630
v -0.228348 1.080494 -0.354807
v -0.231209 1.079867 -0.352932
v -0.210358 1.084449 -0.360767
v -0.210496 1.084449 -0.352027
v -0.210393 1.084449 -0.358582
v -0.210427 1.084449 -0.356397
v -0.210462 1.084449 -0.354212
v 0.146065 1.031518 -0.347225
v 0.145752 0.967488 -0.339562
v 0.145439 0.903459 -0.331828
v 0.145126 0.839430 -0.326736
v 0.144814 0.775401 -0.326224
v 0.144501 0.711372 -0.330677
v 0.144188 0.647342 -0.338707
v 0.143875 0.583313 -0.347837
v 0.143562 0.519284 -0.355157
v 0.000000 1.053934 -0.337677
v 0.047301 1.049882 -0.337727
v 0.000000 0.526663 -0.324379
v 0.047854 0.525722 -0.325103
v 0.095025 1.038938 -0.338108
v 0.095708 0.523120 -0.326998
v -0.146065 1.031518 -0.347225
v -0.145752 0.967488 -0.339562
v -0.145439 0.903459 -0.331828
v -0.145126 0.839430 -0.326736
v -0.144814 0.775401 -0.326224
v -0.144501 0.711372 -0.330677
v -0.144188 0.647342 -0.338707
v -0.143875 0.583313 -0.347837
v -0.143562 0.519284 -0.355157
v -0.047301 1.049882 -0.337727
v -0.047854 0.525722 -0.325103
v -0.095025 1.038938 -0.338108
v -0.095708 0.523120 -0.326998
vn -0.3051 -0.3017 0.9033
vn -0.3164 -0.8966 -0.3098
vn -0.5784 -0.5748 -0.5789
vn -0.5787 -0.5771 0.5763
vn 0.9130 -0.2928 0.2841
vn 0.9939 0.1098 0.0111
vn 0.9944 0.1024 0.0269
vn 0.7378 -0.6599 -0.1422
vn -0.9951 -0.0000 -0.0985
vn -0.9756 0.0006 -0.2197
vn -0.7064 0.0023 -0.7078
vn -0.7071 -0.0000 -0.7071
vn -0.0803 -0.6810 -0.7279
vn -0.0015 -0.0000 -1.0000
vn 0.0007 0.0009 -1.0000
vn -0.3042 -0.2900 -0.9074
vn -0.0234 -0.9995 -0.0193
vn -0.0090 -0.7114 0.7028
vn -0.9972 0.0278 0.0691
vn -0.6540 0.7565 -0.0043
vn -0.3181 0.2908 0.9024
vn -0.8881 -0.3153 0.3346
vn -0.9755 0.2043 0.0811
vn -0.9554 0.2811 0.0902
vn 0.9907 0.1004 -0.0918
vn 0.9948 0.1019 0.0065
vn 0.7214 0.6912 0.0423
vn 0.6915 0.7176 -0.0831
vn 0.7296 0.6699 -0.1378
vn 0.7300 0.6658 -0.1542
vn 0.0594 0.9982 0.0030
vn 0.0178 0.9985 0.0516
vn 0.0460 0.9989 0.0131
vn -0.0000 0.6797 0.7335
vn 0.0160 0.6822 0.7310
vn 0.0033 0.1333 0.9911
vn -0.0000 0.1333 0.9911
vn 0.0458 0.9972 0.0593
vn 0.0355 0.9967 0.0731
vn 0.0289 0.9791 0.2013
vn 0.0357 0.9810 0.1908
vn 0.2821 0.9477 0.1495
vn 0.9735 0.0825 -0.2132
vn 0.7758 0.1501 0.6128
vn -0.0000 -0.0000 1.0000
vn 0.0109 0.7040 0.7101
vn 0.0158 0.6730 0.7395
vn -0.0000 0.6715 0.7410
vn -0.0000 -0.9979 -0.0651
vn -0.0189 -0.9980 -0.0609
vn -0.0108 -0.7259 0.6877
vn -0.0000 -0.7272 0.6864
vn -0.0303 -0.9984 -0.0487
vn -0.0164 -0.7223 0.6913
vn -0.0301 -0.9990 -0.0327
vn -0.0142 -0.7172 0.6967
vn -0.0000 -0.7210 -0.6929
vn -0.0000 0.0001 -1.0000
vn 0.0004 0.0001 -1.0000
vn -0.0041 -0.7202 -0.6937
vn -0.0001 0.0001 -1.0000
vn -0.0069 -0.7180 -0.6960
vn -0.0010 0.0001 -1.0000
vn -0.0457 -0.7055 -0.7073
vn -0.0728 -0.9959 0.0545
vn -0.0146 -0.9990 0.0419
vn -0.0085 -0.9988 0.0491
vn -0.0000 -0.9987 0.0516
vn 0.7067 0.0007 -0.7075
vn -0.0901 0.0017 -0.9959
vn 0.0191 0.0950 -0.9953
vn 0.7110 0.0995 -0.6961
vn -0.3245 -0.7830 0.5306
vn -0.1223 -0.9869 0.1049
vn 0.4369 0.8947 0.0927
vn 0.2991 0.6102 0.7336
vn 0.2033 0.6652 0.7184
vn 0.2897 0.9522 0.0970
vn 0.1682 0.3796 -0.9097
vn 0.6979 0.3700 -0.6132
vn -0.0426 -0.9978 -0.0515
vn -0.0478 -0.9981 -0.0393
vn -0.0251 -0.9978 -0.0608
vn -0.0000 -0.9979 -0.0640
vn 0.7137 0.6721 -0.1974
vn 0.2579 0.8648 -0.4308
vn 0.6493 0.0886 -0.7554
vn 0.9846 0.0896 -0.1499
vn 0.0424 0.9987 0.0282
vn -0.0000 0.9994 0.0333
vn -0.0000 0.9969 0.0788
vn 0.1645 0.9863 -0.0153
vn 0.0579 0.9982 0.0174
vn 0.1539 0.9879 0.0176
vn 0.7875 0.0461 0.6146
vn 0.6588 0.5777 0.4818
vn -0.0435 -0.9986 -0.0287
vn -0.0359 -0.9991 -0.0208
vn 0.1926 0.7163 0.6707
vn 0.0479 0.7858 0.6166
vn -0.0732 0.9971 -0.0201
vn 0.1113 0.9931 -0.0370
vn -0.6224 -0.7485 -0.2287
vn -0.3337 -0.1914 -0.9230
vn -0.5768 -0.5700 -0.5851
vn -0.5803 -0.7882 0.2050
vn 0.2033 -0.9504 0.2354
vn 0.2027 -0.9497 0.2387
vn 0.7038 -0.6624 0.2566
vn 0.6277 -0.4992 0.5973
vn -0.5150 -0.6353 0.5754
vn -0.0236 -0.9809 0.1932
vn -0.0814 -0.9861 0.1447
vn -0.5569 0.0462 0.8293
vn -0.1182 0.5617 0.8188
vn 0.3553 0.5378 0.7646
vn -0.4705 0.6000 0.6470
vn 0.7788 0.6219 0.0816
vn 0.3998 0.3050 0.8644
vn 0.2943 0.6861 0.6653
vn 0.3881 0.9167 0.0953
vn 0.3656 -0.0608 0.9288
vn 0.2606 -0.2449 0.9339
vn 0.2154 0.8009 0.5587
vn 0.1858 0.6736 0.7154
vn 0.0127 -0.2546 0.9670
vn 0.0290 0.7522 0.6583
vn -0.0000 -0.2635 0.9647
vn -0.0000 0.7510 0.6603
vn -0.0128 -0.9979 0.0636
vn -0.0000 -0.9978 0.0657
vn -0.0230 -0.9981 0.0572
vn -0.0529 -0.9958 0.0753
vn 0.0117 0.7252 0.6885
vn 0.3929 -0.6078 -0.6901
vn 0.3931 0.1118 -0.9127
vn 0.3325 0.7844 -0.5236
vn -0.0908 0.7573 -0.6467
vn 0.1625 -0.6764 -0.7184
vn 0.9965 -0.0427 -0.0718
vn 0.9965 0.0323 -0.0767
vn 0.9886 0.0896 -0.1208
vn 0.9972 -0.0096 -0.0742
vn 0.0125 0.6459 -0.7633
vn 0.0100 0.6329 -0.7742
vn -0.0000 0.6344 -0.7730
vn 0.0042 0.1327 0.9911
vn 0.1444 0.9824 0.1184
vn -0.0024 0.0777 -0.9970
vn -0.0038 0.0959 -0.9954
vn -0.0000 0.1034 -0.9946
vn -0.0000 0.9784 0.2067
vn 0.0295 0.8935 0.4480
vn 0.3371 0.9129 0.2304
vn 0.0224 0.6873 0.7260
vn 0.5306 0.7548 0.3857
vn 0.0127 0.3958 0.9182
vn 0.7016 0.4599 0.5443
vn 0.0239 0.8915 0.4523
vn 0.0177 0.6854 0.7279
vn 0.0100 0.3958 0.9183
vn -0.0000 0.8898 0.4563
vn -0.0000 0.6837 0.7298
vn -0.0000 0.3951 0.9187
vn 0.4510 0.8900 -0.0670
vn 0.7427 0.6541 -0.1436
vn 0.9191 0.3439 -0.1924
vn 0.4426 0.8931 -0.0801
vn 0.7275 0.6708 -0.1444
vn 0.9139 0.3599 -0.1877
vn 0.9555 -0.2160 -0.2011
vn 0.0428 0.9609 -0.2734
vn 0.1233 0.9594 -0.2537
vn 0.2779 0.8680 -0.4114
vn 0.0304 0.8581 -0.5125
vn 0.4475 0.6826 -0.5777
vn 0.0184 0.6426 -0.7660
vn 0.5905 0.3798 -0.7121
vn 0.0066 0.3464 -0.9381
vn 0.0235 0.9604 -0.2776
vn 0.0158 0.8590 -0.5117
vn 0.0083 0.6494 -0.7604
vn 0.0013 0.3612 -0.9325
vn -0.0000 0.9601 -0.2798
vn -0.0000 0.8591 -0.5117
vn -0.0000 0.6517 -0.7584
vn -0.0000 0.3669 -0.9303
vn 0.8947 -0.2621 -0.3617
vn 0.9816 0.0826 -0.1722
vn 0.9847 0.0744 -0.1578
vn 0.7047 -0.0021 0.7095
vn 0.7071 -0.0000 0.7071
vn 0.9952 -0.0000 0.0980
vn 0.8892 -0.4490 0.0875
vn 0.5773 -0.5774 0.5774
vn -0.5698 0.2029 0.7963
vn -0.5548 0.0438 0.8308
vn 0.9944 0.0918 0.0525
vn 0.7378 -0.6005 -0.3085
vn -0.9033 0.4103 0.1252
vn -0.9913 0.0043 0.1312
vn -0.6759 0.0101 0.7369
vn -0.6715 0.3274 0.6648
vn 0.1005 0.9929 0.0639
vn -0.0854 0.9941 0.0662
vn -0.0951 0.9624 0.2543
vn 0.0979 0.9623 0.2537
vn -0.7309 -0.6777 -0.0803
vn -0.9872 0.1150 0.1104
vn -0.0938 0.9897 -0.1085
vn -0.0853 0.9931 -0.0804
vn 0.0041 0.7327 0.6806
vn 0.7491 -0.0522 0.6604
vn 0.3890 -0.6426 0.6601
vn 0.2867 -0.6764 0.6784
vn 0.1395 -0.0368 0.9895
vn 0.7484 -0.0462 0.6616
vn 0.6839 -0.7181 -0.1286
vn 0.9733 0.0998 -0.2067
vn 0.9735 0.1000 -0.2057
vn 0.6794 -0.7224 -0.1286
vn -0.0000 -0.9776 -0.2106
vn -0.0000 -0.8895 -0.4569
vn 0.9944 0.1019 0.0269
vn 0.7384 0.6525 0.1703
vn -0.6805 -0.7300 0.0627
vn -0.0000 -0.9992 -0.0407
vn 0.6805 -0.7300 0.0627
vn 0.5774 -0.5774 0.5774
vn -0.5774 -0.5774 0.5774
vn 0.0974 0.9933 0.0627
vn -0.0975 0.9932 0.0629
vn -0.0978 0.9623 0.2537
vn 0.0974 0.9624 0.2537
vn 0.0979 0.8636 0.4946
vn -0.0977 0.8636 0.4946
vn -0.0978 0.7058 0.7016
vn 0.0979 0.7058 0.7016
vn -0.0979 0.8636 0.4946
vn 0.0976 0.8636 0.4946
vn 0.9944 0.0914 0.0524
vn 0.7378 0.5858 0.3355
vn -0.0979 0.4997 0.8607
vn 0.0980 0.4997 0.8606
vn 0.9944 0.0747 0.0743
vn 0.7378 0.4788 0.4759
vn 0.7378 -0.4999 -0.4536
vn -0.0000 -0.7406 -0.6720
vn -0.0979 0.7058 0.7016
vn 0.0977 0.7058 0.7016
vn -0.0000 -0.5409 -0.8411
vn 0.7378 -0.3652 -0.5678
vn 0.7378 -0.2054 -0.6430
vn -0.0000 -0.3043 -0.9526
vn 0.9944 0.0529 0.0911
vn 0.7378 0.3389 0.5838
vn -0.0980 0.4997 0.8606
vn 0.0978 0.4997 0.8607
vn 0.0980 0.2594 0.9608
vn -0.0979 0.2594 0.9608
vn -0.0980 0.0013 0.9952
vn 0.0980 0.0013 0.9952
vn -0.0980 0.2594 0.9608
vn 0.0979 0.2594 0.9608
vn 0.9944 0.0274 0.1017
vn 0.7378 0.1759 0.6517
vn 0.9944 0.0001 0.1053
vn 0.9944 -0.0272 0.1017
vn 0.7378 -0.1742 0.6522
vn 0.7378 0.0009 0.6751
vn 0.7378 -0.0316 -0.6743
vn -0.0000 -0.0468 -0.9989
vn -0.0000 0.2138 -0.9769
vn 0.7378 0.1443 -0.6594
vn 0.7378 0.3104 -0.5994
vn -0.0000 0.4598 -0.8880
vn -0.0980 -0.2568 0.9615
vn 0.0980 -0.2568 0.9615
vn -0.0981 -0.2568 0.9615
vn 0.0980 -0.4974 0.8620
vn -0.0981 -0.4974 0.8620
vn -0.0982 -0.7039 0.7035
vn 0.0980 -0.7039 0.7035
vn -0.0980 -0.4974 0.8620
vn 0.0981 -0.4974 0.8620
vn 0.9944 -0.0526 0.0912
vn 0.7378 -0.3374 0.5847
vn -0.0000 0.6744 -0.7384
vn 0.7378 0.4553 -0.4984
vn 0.7378 0.5690 -0.3633
vn -0.0000 0.8428 -0.5382
vn 0.9944 -0.0744 0.0744
vn 0.7378 -0.4775 0.4772
vn -0.0980 -0.7039 0.7035
vn 0.0981 -0.7039 0.7035
vn 0.0982 -0.8623 0.4968
vn -0.0980 -0.8623 0.4969
vn -0.0980 -0.9616 0.2562
vn 0.0983 -0.9616 0.2562
vn -0.0985 -0.8623 0.4967
vn 0.0980 -0.8623 0.4969
vn 0.9944 -0.0912 0.0525
vn 0.7378 -0.5849 0.3370
vn 0.0960 -0.9623 0.2544
vn -0.1012 -0.9621 0.2532
vn -0.0797 -0.7624 -0.6422
vn 0.0771 -0.7488 -0.6583
vn 0.9944 -0.1018 0.0271
vn 0.7386 -0.6520 0.1715
vn 0.7378 0.6437 -0.2033
vn -0.0000 0.9536 -0.3012
vn 0.9012 0.0992 0.4219
vn 0.5769 -0.5005 0.6455
vn 0.5875 0.5221 -0.6183
vn -0.0000 0.6452 -0.7640
vn -0.0802 -0.7497 -0.6569
vn 0.0760 -0.7645 -0.6401
vn -0.7377 0.6441 -0.2022
vn 0.0003 0.9538 -0.3003
vn 0.0002 0.6455 -0.7638
vn -0.5868 0.5233 -0.6180
vn -0.9012 0.0992 0.4218
vn -0.9944 -0.1017 0.0271
vn -0.7386 -0.6520 0.1715
vn -0.5771 -0.5003 0.6455
vn -0.9945 -0.1018 0.0264
vn -0.7282 -0.0722 -0.6816
vn 0.0006 0.9549 -0.2970
vn 0.0003 0.9550 -0.2967
vn -0.7378 0.5694 -0.3626
vn 0.0001 0.8432 -0.5377
vn -0.9944 -0.0912 0.0525
vn -0.7378 -0.5849 0.3370
vn -0.9944 0.0530 0.0911
vn -0.7378 -0.3652 -0.5678
vn -0.7378 -0.2054 -0.6430
vn -0.9944 0.0275 0.1017
vn -0.9944 -0.0744 0.0744
vn -0.7378 -0.4775 0.4772
vn 0.9945 -0.1014 0.0271
vn 0.7285 -0.0726 -0.6812
vn -0.7378 0.3106 -0.5993
vn -0.0000 0.4600 -0.8879
vn 0.0001 0.6747 -0.7381
vn -0.7378 0.4556 -0.4981
vn 0.9945 -0.0743 0.0744
vn 0.9945 -0.0910 0.0525
vn 0.7071 -0.0000 -0.7071
vn 0.7139 0.0070 0.7002
vn 0.7128 -0.0009 0.7013
vn 0.9963 0.0475 -0.0721
vn 0.9082 -0.3386 0.2461
vn 0.9945 -0.0525 0.0912
vn 0.9944 0.0530 0.0912
vn 0.9944 0.0276 0.1017
vn -0.7378 -0.0316 -0.6743
vn -0.7378 0.1444 -0.6594
vn -0.9944 0.0001 0.1053
vn -0.9944 0.0274 0.1017
vn -0.7378 0.1759 0.6517
vn -0.7378 0.0009 0.6751
vn 0.1155 0.6793 0.7247
vn 0.1670 0.9810 0.0985
vn -0.9944 -0.0272 0.1017
vn -0.7378 -0.1742 0.6522
vn 0.8735 0.3258 -0.3617
vn 0.7830 0.5169 -0.3461
vn 0.6483 0.6870 -0.3282
vn 0.5579 0.1209 -0.8210
vn 0.7370 0.1096 -0.6670
vn 0.8818 0.1101 -0.4586
vn 0.9570 0.0996 -0.2725
vn -0.9944 0.0529 0.0911
vn -0.7378 0.3389 0.5838
vn -0.7378 -0.4999 -0.4537
vn -0.0000 -0.7405 -0.6720
vn -0.9944 0.0747 0.0743
vn -0.7378 0.4788 0.4759
vn -0.9944 -0.0526 0.0912
vn -0.7378 -0.3374 0.5847
vn -0.7377 -0.6004 -0.3086
vn -0.0000 -0.8895 -0.4570
vn -0.9944 0.0915 0.0524
vn -0.7378 0.5858 0.3355
vn -0.9944 -0.0271 0.1017
vn -0.9945 -0.0525 0.0911
vn -0.9944 0.1020 0.0269
vn -0.7384 0.6525 0.1703
vn -0.9944 0.0002 0.1053
vn 0.0695 -0.7560 0.6509
vn -0.0000 -0.9985 -0.0553
vn -0.0000 -0.9775 -0.2109
vn -0.9948 0.1018 0.0064
vn -0.9904 0.1018 0.0935
vn -0.7284 0.6831 0.0531
vn -0.7205 0.6922 0.0424
vn 0.9944 0.0002 0.1053
vn -0.9952 -0.0000 0.0980
vn -0.7071 -0.0000 0.7071
vn -0.0980 -0.0000 0.9952
vn -0.0713 -0.6857 0.7244
vn 0.0980 -0.0000 0.9952
vn -0.9944 0.0917 0.0524
vn 0.3336 -0.1920 0.9230
vn 0.1544 -0.5489 0.8215
vn -0.5774 -0.5772 0.5775
vn 0.0214 -0.7073 0.7065
vn 0.0279 -0.6586 -0.7519
vn -0.0044 -0.9673 -0.2536
vn -0.0028 -1.0000 -0.0010
vn 0.0689 -0.6862 0.7241
vn -0.0194 -0.9998 -0.0085
vn 0.6858 -0.7129 -0.1466
vn -0.0444 -0.7279 -0.6842
vn -0.0071 -1.0000 -0.0039
vn 0.0003 0.0936 -0.9956
vn -0.3020 -0.7190 -0.6260
vn -0.5463 -0.5449 -0.6361
vn -0.7009 -0.2940 -0.6498
vn -0.5773 -0.5775 -0.5772
vn -0.3310 -0.2012 -0.9220
vn -0.9944 0.0749 0.0743
vn 0.9951 -0.0000 -0.0985
vn 0.5337 -0.8232 -0.1937
vn 0.4518 -0.6957 -0.5585
vn 0.9898 0.0004 -0.1422
vn 0.7063 0.0023 -0.7079
vn 0.1887 -0.8954 0.4034
vn 0.1926 -0.8968 0.3983
vn 0.0852 -0.9670 0.2403
vn 0.0796 -0.9657 0.2471
vn -0.0000 0.0933 -0.9956
vn -0.9945 -0.0911 0.0524
vn 0.1257 0.7704 0.6250
vn -0.0159 0.7259 0.6876
vn -0.0892 0.9958 -0.0197
vn 0.1091 0.9932 -0.0396
vn 0.9944 -0.0271 0.1017
vn 0.9944 0.0749 0.0744
vn -0.9945 -0.0743 0.0744
vn 0.7019 -0.2958 -0.6480
vn 0.5462 -0.5487 -0.6330
vn 0.2992 -0.7230 -0.6228
vn 0.9162 0.4005 0.0165
vn 0.5305 0.5303 0.6613
vn 0.3328 0.7282 0.5992
vn 0.7647 0.3251 0.5564
vn -0.3489 0.5621 0.7499
vn -0.2302 0.7296 0.6440
vn -0.3778 -0.5969 -0.7078
vn -0.6437 -0.3547 -0.6781
vn -0.7602 -0.0559 -0.6473
vn 0.7605 -0.0560 -0.6469
vn 0.6434 -0.3555 -0.6780
vn 0.3760 -0.5975 -0.7082
vn -0.9192 -0.3806 0.1014
vn -0.7018 -0.6883 0.1834
vn -0.3795 -0.8940 0.2382
vn 0.3782 -0.8948 0.2372
vn 0.7012 -0.6891 0.1829
vn 0.9191 -0.3809 0.1012
vn -0.9192 -0.3412 0.1966
vn -0.7018 -0.6172 0.3557
vn -0.3795 -0.8016 0.4619
vn 0.3795 -0.8016 0.4619
vn 0.7018 -0.6172 0.3557
vn 0.9192 -0.3412 0.1966
vn -0.9192 -0.2786 0.2784
vn -0.7018 -0.5039 0.5036
vn -0.3795 -0.6544 0.6540
vn 0.3795 -0.6544 0.6540
vn 0.7018 -0.5039 0.5036
vn 0.9192 -0.2786 0.2784
vn -0.9192 -0.1968 0.3411
vn -0.7018 -0.3560 0.6171
vn -0.3795 -0.4624 0.8014
vn 0.3795 -0.4624 0.8014
vn 0.7018 -0.3560 0.6170
vn 0.9192 -0.1968 0.3411
vn -0.9192 -0.1016 0.3806
vn -0.7017 -0.1838 0.6883
vn -0.3795 -0.2387 0.8939
vn 0.3795 -0.2387 0.8939
vn 0.7018 -0.1838 0.6883
vn 0.9192 -0.1016 0.3805
vn -0.9191 0.0005 0.3939
vn -0.9191 0.1027 0.3804
vn -0.7017 0.0010 0.7125
vn -0.7016 0.1857 0.6879
vn -0.3794 0.0012 0.9252
vn -0.3794 0.2412 0.8933
vn 0.3795 0.0012 0.9252
vn 0.3794 0.2412 0.8932
vn 0.7017 0.0010 0.7125
vn 0.7017 0.1857 0.6879
vn 0.9191 0.0005 0.3939
vn 0.9191 0.1027 0.3803
vn -0.9191 0.1979 0.3408
vn -0.7016 0.3578 0.6163
vn -0.3793 0.4646 0.8002
vn 0.3794 0.4646 0.8002
vn 0.7016 0.3578 0.6162
vn 0.9191 0.1979 0.3408
vn -0.9190 0.2795 0.2779
vn -0.7015 0.5055 0.5024
vn -0.3792 0.6563 0.6523
vn 0.3793 0.6562 0.6523
vn 0.7015 0.5054 0.5024
vn 0.9191 0.2795 0.2778
vn -0.9190 0.3422 0.1959
vn -0.7013 0.6186 0.3542
vn -0.3791 0.8030 0.4598
vn 0.3792 0.8030 0.4598
vn 0.7014 0.6185 0.3542
vn 0.9190 0.3421 0.1959
vn -0.9189 0.3814 0.1005
vn -0.7012 0.6895 0.1817
vn -0.3789 0.8949 0.2358
vn 0.3790 0.8948 0.2358
vn 0.7012 0.6894 0.1817
vn 0.9190 0.3813 0.1005
vn -0.9210 0.3889 0.0246
vn -0.7029 0.7099 0.0449
vn -0.3797 0.9233 0.0585
vn 0.3814 0.9225 0.0592
vn 0.7034 0.7093 0.0454
vn 0.9210 0.3888 0.0249
vn -0.9156 0.3945 0.0782
vn -0.5870 0.2619 0.7660
vn -0.6919 0.7205 0.0465
vn -0.4399 0.5151 0.7356
vn -0.3640 0.9314 0.0080
vn -0.2022 0.6923 0.6927
vn 0.3917 0.9181 -0.0604
vn 0.3946 0.6973 0.5983
vn 0.7056 0.7038 -0.0822
vn 0.6403 0.5258 0.5599
vn 0.9186 0.3842 -0.0924
vn 0.8003 0.2685 0.5362
vn 0.3831 0.5924 0.7087
vn 0.6108 0.4292 0.6654
vn 0.7440 0.1987 0.6380
vn -0.3623 0.3726 0.8543
vn 0.1207 0.0170 0.9925
vn -0.2643 0.5191 0.8128
vn -0.0973 0.6113 0.7854
vn 0.3793 0.9234 0.0581
vn 0.4029 0.9127 -0.0678
vn 0.7025 0.7102 0.0450
vn 0.7186 0.6892 -0.0926
vn 0.9208 0.3892 0.0251
vn 0.9226 0.3716 -0.1036
vn -0.8363 0.5403 0.0933
vn -0.7948 0.6046 0.0534
vn -0.6142 0.7853 0.0781
vn -0.5791 0.8147 0.0297
vn -0.3316 0.9408 0.0697
vn -0.3092 0.9510 0.0021
vn -0.3632 0.8995 0.2428
vn -0.6708 0.7115 0.2092
vn -0.8917 0.4223 0.1630
vn 0.9183 0.3827 0.1007
vn 0.6997 0.6908 0.1820
vn 0.3777 0.8954 0.2360
vn 0.3782 0.8034 0.4600
vn 0.7003 0.6195 0.3546
vn 0.9186 0.3431 0.1963
vn -0.3786 0.8032 0.4599
vn -0.7008 0.6191 0.3544
vn -0.9188 0.3427 0.1961
vn -0.3789 0.6564 0.6524
vn -0.7011 0.5058 0.5026
vn -0.9189 0.2799 0.2780
vn 0.9187 0.2802 0.2782
vn 0.7007 0.5061 0.5029
vn 0.3786 0.6565 0.6525
vn -0.3791 0.4646 0.8002
vn -0.7013 0.3580 0.6164
vn -0.9190 0.1981 0.3409
vn 0.9189 0.1983 0.3411
vn 0.7011 0.3582 0.6166
vn 0.3789 0.4647 0.8003
vn 0.3791 0.2412 0.8934
vn 0.7013 0.1859 0.6881
vn 0.9190 0.1029 0.3806
vn -0.3793 0.2412 0.8933
vn -0.7015 0.1859 0.6880
vn -0.9191 0.1029 0.3804
vn -0.3795 0.0013 0.9252
vn -0.7017 0.0011 0.7124
vn -0.9192 0.0007 0.3939
vn 0.9191 0.0007 0.3940
vn 0.7016 0.0011 0.7126
vn 0.3793 0.0013 0.9253
vn -0.9192 -0.1014 0.3804
vn -0.7019 -0.1837 0.6882
vn -0.3796 -0.2387 0.8938
vn 0.9192 -0.1014 0.3806
vn 0.7018 -0.1837 0.6883
vn 0.3795 -0.2387 0.8938
vn 0.3797 -0.4623 0.8013
vn 0.7020 -0.3558 0.6169
vn 0.9193 -0.1966 0.3410
vn -0.3798 -0.4623 0.8012
vn -0.7021 -0.3558 0.6168
vn -0.9193 -0.1965 0.3410
vn -0.3800 -0.6543 0.6539
vn -0.7023 -0.5035 0.5033
vn -0.9194 -0.2781 0.2782
vn 0.9193 -0.2782 0.2782
vn 0.7022 -0.5035 0.5034
vn 0.3799 -0.6543 0.6539
vn 0.3801 -0.8014 0.4618
vn 0.7025 -0.6166 0.3554
vn 0.9194 -0.3406 0.1964
vn -0.3807 -0.8014 0.4614
vn -0.7029 -0.6165 0.3548
vn -0.9195 -0.3407 0.1960
vn 0.3804 -0.8937 0.2381
vn 0.7028 -0.6874 0.1832
vn 0.9196 -0.3797 0.1013
vn -0.3834 -0.8934 0.2341
vn -0.7042 -0.6870 0.1792
vn -0.9197 -0.3799 0.0988
vn -0.0309 -0.9992 0.0255
vn -0.0368 -0.9988 0.0320
vn -0.0455 -0.9986 0.0255
vn -0.0509 -0.9983 0.0297
vn -0.0547 -0.9984 0.0173
vn -0.0601 -0.9980 0.0193
vn -0.0571 -0.9984 0.0051
vn -0.0630 -0.9980 0.0050
vn -0.0518 -0.9986 -0.0061
vn -0.0586 -0.9982 -0.0083
vn -0.0384 -0.9992 -0.0118
vn -0.0467 -0.9988 -0.0160
vn -0.0278 -0.9995 -0.0143
vn -0.0419 -0.9984 0.0378
vn -0.0552 -0.9979 0.0331
vn -0.0640 -0.9977 0.0206
vn -0.0670 -0.9977 0.0044
vn -0.0635 -0.9979 -0.0108
vn -0.0530 -0.9984 -0.0204
vn 0.0766 0.9970 0.0124
vn 0.6793 -0.7182 -0.1512
vn 0.9751 0.0983 -0.1989
vn 0.9750 0.0980 -0.1992
vn 0.6751 -0.7224 -0.1494
vn 0.9748 0.0989 -0.1999
vn 0.6742 -0.7247 -0.1426
vn 0.9744 0.0994 -0.2017
vn 0.6758 -0.7247 -0.1345
vn 0.9739 0.0998 -0.2038
vn -0.0426 -0.9981 0.0438
vn -0.0404 -0.9979 0.0512
vn -0.0558 -0.9977 0.0382
vn -0.0526 -0.9976 0.0443
vn -0.0651 -0.9976 0.0239
vn -0.0617 -0.9977 0.0278
vn -0.0691 -0.9976 0.0053
vn -0.0663 -0.9978 0.0061
vn -0.0669 -0.9977 -0.0127
vn -0.0657 -0.9977 -0.0156
vn -0.0584 -0.9980 -0.0254
vn -0.0595 -0.9977 -0.0322
vn -0.0245 0.9927 -0.1183
vn -0.0361 0.9961 -0.0809
vn 0.0074 0.9953 -0.0964
vn 0.0094 0.9978 -0.0661
vn 0.0251 0.9975 -0.0654
vn 0.0453 0.9979 -0.0453
vn 0.0268 0.9991 -0.0317
vn 0.0706 0.9972 -0.0253
vn 0.0256 0.9996 -0.0101
vn 0.0855 0.9963 -0.0124
vn 0.9150 0.3590 -0.1843
vn 0.9172 0.3572 -0.1768
vn 0.9849 0.0897 -0.1481
vn 0.9820 0.0900 -0.1658
vn 0.9110 0.3608 -0.1997
vn 0.9651 -0.1973 -0.1721
vn 0.9054 0.3616 -0.2227
vn 0.7815 -0.6032 -0.1598
vn 0.9065 0.3592 -0.2221
vn 0.7730 -0.6054 -0.1894
vn 0.7180 0.6645 -0.2071
vn 0.7259 0.6601 -0.1929
vn 0.7261 0.6617 -0.1869
vn 0.7243 0.6644 -0.1842
vn 0.7200 0.6678 -0.1887
vn 0.7231 0.6674 -0.1780
vn 0.4268 0.8814 -0.2027
vn 0.4413 0.8784 -0.1836
vn 0.4457 0.8800 -0.1645
vn 0.4479 0.8824 -0.1442
vn 0.4437 0.8868 -0.1293
vn 0.4458 0.8884 -0.1093
vn 0.1641 0.9698 -0.1803
vn 0.1803 0.9709 -0.1575
vn 0.1876 0.9738 -0.1284
vn 0.1891 0.9774 -0.0946
vn 0.1811 0.9814 -0.0641
vn 0.1749 0.9839 -0.0373
vn 0.0317 0.9826 -0.1829
vn 0.0565 0.9827 -0.1762
vn 0.0405 0.9861 -0.1612
vn 0.0708 0.9855 -0.1542
vn 0.0485 0.9911 -0.1239
vn 0.0816 0.9895 -0.1194
vn 0.0529 0.9957 -0.0763
vn 0.0845 0.9934 -0.0773
vn 0.0526 0.9982 -0.0296
vn 0.0792 0.9962 -0.0359
vn 0.0485 0.9988 0.0065
vn 0.0691 0.9976 -0.0030
vn 0.7316 0.6549 -0.1892
vn 0.7393 0.6476 -0.1845
vn 0.7832 0.5935 -0.1853
vn 0.9873 0.0099 -0.1583
vn 0.9642 -0.0065 -0.2649
vn -0.0000 0.9825 -0.1861
vn -0.0000 0.9863 -0.1647
vn -0.0000 0.9920 -0.1264
vn -0.0000 0.9971 -0.0763
vn -0.0000 0.9996 -0.0270
vn -0.0000 0.9999 0.0107
vn -0.0178 -0.9977 0.0655
vn -0.0000 -0.9977 0.0675
vn -0.0230 -0.9981 0.0563
vn -0.0000 -0.9983 0.0580
vn -0.0273 -0.9990 0.0356
vn -0.0000 -0.9993 0.0367
vn -0.0300 -0.9995 0.0077
vn -0.0000 -1.0000 0.0079
vn -0.0306 -0.9993 -0.0216
vn -0.0000 -0.9997 -0.0226
vn -0.0289 -0.9985 -0.0461
vn -0.0000 -0.9988 -0.0483
vn -0.0322 -0.9977 0.0595
vn -0.0418 -0.9978 0.0512
vn -0.0493 -0.9983 0.0323
vn -0.0536 -0.9985 0.0070
vn -0.0541 -0.9984 -0.0190
vn -0.0503 -0.9979 -0.0401
vn 0.3228 0.6559 0.6823
vn 0.5856 0.5034 0.6353
vn 0.7545 0.2595 0.6028
vn 0.3601 0.9308 -0.0625
vn 0.6866 0.7147 -0.1337
vn 0.9045 0.3855 -0.1823
vn 0.2260 0.9665 -0.1214
vn 0.6194 0.7634 -0.1834
vn 0.8887 0.4069 -0.2113
vn 0.2692 0.9558 -0.1186
vn 0.6399 0.7475 -0.1784
vn 0.8923 0.4009 -0.2075
vn 0.3063 0.9460 -0.1063
vn 0.6582 0.7341 -0.1668
vn 0.8964 0.3954 -0.2003
vn 0.3355 0.9377 -0.0897
vn 0.6731 0.7236 -0.1527
vn 0.9002 0.3908 -0.1920
vn 0.3559 0.9315 -0.0747
vn 0.6837 0.7160 -0.1406
vn 0.9032 0.3872 -0.1851
vn 0.3676 0.9276 -0.0665
vn 0.6899 0.7113 -0.1342
vn 0.9050 0.3847 -0.1815
vn -0.7135 0.6840 -0.1520
vn -0.5713 0.6832 -0.4548
vn -0.2991 0.6815 -0.6679
vn 0.7673 -0.2316 0.5980
vn 0.6831 -0.4049 0.6078
vn 0.5479 -0.5401 0.6388
vn 0.1405 -0.7464 0.6505
vn -0.2832 -0.6302 0.7229
vn -0.5507 -0.2412 0.7991
vn 0.1560 0.0032 0.9878
vn 0.9590 -0.1038 -0.2638
vn 0.8564 -0.2664 -0.4423
vn 0.6554 -0.4480 -0.6080
vn -0.9983 -0.0535 0.0216
vn -0.8819 -0.4032 -0.2441
vn -0.3504 -0.7218 -0.5969
vn 0.7105 0.1060 0.6956
vn 0.0380 0.0932 -0.9949
vn 0.0406 0.0974 -0.9944
vn 0.3888 0.9179 -0.0795
vn 0.2897 0.9520 -0.0985
vn 0.2896 0.9520 0.0993
vn 0.4145 0.9034 0.1098
vn 0.0182 0.0979 -0.9950
vn 0.0304 0.0960 -0.9949
vn 0.3540 0.9351 -0.0172
vn 0.3990 0.9169 -0.0017
vn 0.3895 0.9011 0.1907
vn 0.2780 0.9436 0.1800
vn 0.0616 0.3578 0.9318
vn -0.0000 0.3648 0.9311
vn -0.0000 0.2065 0.9784
vn 0.0482 0.2012 0.9784
vn -0.0000 0.1982 0.9802
vn 0.0644 0.1906 0.9796
vn -0.0000 0.1382 0.9904
vn 0.0781 0.1302 0.9884
vn -0.0000 0.0345 0.9994
vn 0.0832 0.0306 0.9961
vn -0.0000 -0.0703 0.9975
vn 0.0757 -0.0682 0.9948
vn -0.0000 -0.1317 0.9913
vn 0.0603 -0.1264 0.9902
vn -0.0000 -0.1405 0.9901
vn 0.0435 -0.1339 0.9900
vn -0.0000 -0.2932 0.9561
vn 0.0236 -0.2854 0.9581
vn -0.0000 0.6846 0.7289
vn -0.0000 0.9950 0.0995
vn 0.1394 0.3364 0.9314
vn 0.1410 0.1755 0.9743
vn 0.1973 0.1603 0.9672
vn 0.2432 0.1004 0.9648
vn 0.2728 0.0129 0.9620
vn 0.2843 -0.0694 0.9562
vn 0.2847 -0.1172 0.9514
vn 0.2819 -0.1202 0.9519
vn 0.2637 -0.2640 0.9278
vn 0.5365 0.8394 0.0875
vn 0.3812 0.5962 0.7065
vn 0.3139 0.2518 0.9154
vn 0.3817 0.1306 0.9150
vn 0.4462 0.1092 0.8882
vn 0.5039 0.0540 0.8621
vn 0.5451 -0.0152 0.8382
vn 0.5708 -0.0742 0.8177
vn 0.5873 -0.1049 0.8025
vn 0.6004 -0.1004 0.7934
vn 0.5643 -0.2138 0.7974
vn 0.0369 0.0945 -0.9948
vn 0.4400 0.8974 -0.0336
vn 0.4910 0.8584 0.1486
vn -0.0000 0.0992 -0.9951
vn 0.4005 0.9147 -0.0543
vn 0.3495 0.9352 -0.0572
vn 0.2870 0.9479 0.1385
vn 0.3642 0.9266 0.0939
vn 0.1671 0.9808 -0.1009
vn -0.0000 0.9948 -0.1020
vn -0.0000 0.9947 0.1026
vn 0.1669 0.9807 0.1015
vn 0.5261 0.8164 -0.2380
vn 0.3614 0.8636 -0.3516
vn 0.6289 0.6415 -0.4394
vn 0.2896 0.6675 -0.6860
vn 0.1616 0.3751 -0.9128
vn 0.1676 0.3824 -0.9087
vn 0.0596 0.1040 -0.9928
vn 0.3812 0.8744 -0.3002
vn 0.3841 0.8644 -0.3244
vn 0.2982 0.6860 -0.6637
vn 0.2943 0.6770 -0.6745
vn 0.1571 0.3683 -0.9163
vn 0.1546 0.9079 -0.3897
vn -0.0000 0.9196 -0.3928
vn 0.1190 0.6905 -0.7135
vn -0.0000 0.6975 -0.7166
vn 0.0661 0.3748 -0.9247
vn -0.0000 0.3782 -0.9257
vn 0.2686 0.8838 -0.3830
vn 0.2071 0.6767 -0.7065
vn 0.1143 0.3687 -0.9225
vn 0.3472 0.8648 -0.3628
vn 0.2669 0.6696 -0.6931
vn 0.1454 0.3661 -0.9192
vn 0.4698 0.8410 0.2684
vn 0.5844 0.6650 0.4650
vn 0.6788 0.3800 0.6284
vn -0.0000 0.7545 0.6563
vn 0.0215 0.7572 0.6528
vn 0.0644 0.3729 0.9256
vn -0.0000 0.3764 0.9265
vn 0.1176 0.6885 0.7157
vn -0.0000 0.6955 0.7186
vn 0.1539 0.9071 0.3917
vn -0.0000 0.9189 0.3946
vn 0.0387 0.7610 0.6476
vn 0.1138 0.3665 0.9234
vn 0.2064 0.6743 0.7090
vn 0.2683 0.8829 0.3854
vn 0.0642 0.7506 0.6576
vn 0.1832 0.3617 0.9141
vn 0.3161 0.6470 0.6938
vn 0.3989 0.8346 0.3799
vn 0.0737 0.7680 0.6362
vn 0.0477 0.7981 0.6007
vn 0.1414 0.3259 0.9347
vn 0.2134 0.3391 0.9162
vn 0.2665 0.6140 0.7430
vn 0.3795 0.6066 0.6986
vn 0.3533 0.8171 0.4554
vn 0.4817 0.7793 0.4008
vn 0.1728 0.7522 0.6359
vn -0.0349 0.0634 0.9974
vn 0.0910 0.3584 0.9291
vn 0.1647 0.6659 0.7276
vn 0.2277 0.8817 0.4132
vn 0.3734 0.8730 -0.3137
vn 0.2968 0.6801 -0.6703
vn -0.0006 -0.6998 0.7143
vn -0.0005 -0.7237 0.6901
vn -0.5610 -0.1456 0.8149
vn -0.8321 -0.5411 -0.1217
vn -0.6693 -0.4346 -0.6026
vn 0.1063 0.7617 0.6392
vn 0.0939 0.3505 0.9318
vn 0.1632 0.6487 0.7433
vn 0.2175 0.8651 0.4520
vn 0.5751 -0.5711 -0.5858
vn -0.0012 -0.7002 -0.7140
vn -0.0021 -0.7240 -0.6898
vn 0.5584 -0.1453 -0.8167
vn -0.0000 -0.9824 -0.1868
vn -0.0214 -0.7078 -0.7061
vn 0.5773 -0.5775 -0.5772
vn 0.5774 -0.5772 0.5775
vn -0.0307 -0.6587 0.7518
vn -0.0000 -0.9877 0.1563
vn 0.6893 -0.6658 0.2854
vn 0.5276 -0.6658 0.5276
vn 0.2854 -0.6658 0.6893
vn -0.8893 -0.4489 0.0876
vn -0.5775 -0.5773 0.5773
vn -0.0000 -1.0000 -0.0000
vn -0.2855 -0.6657 0.6894
vn -0.5276 -0.6657 0.5277
vn -0.6894 -0.6657 0.2856
vn 0.4405 -0.2188 -0.8707
vn 0.6674 -0.7338 -0.1269
vn -0.0047 -1.0000 -0.0033
vn -0.0060 -1.0000 -0.0045
vn -0.0134 -0.9999 -0.0097
vn 0.5773 -0.5774 -0.5774
vn -0.0000 -0.9985 -0.0551
vn -0.0696 -0.7557 0.6512
vn 0.0843 0.0019 -0.9964
vn 0.0737 0.0001 -0.9973
vn 0.0182 -0.7072 -0.7068
vn -0.0789 -0.0000 -0.9969
vn -0.0018 -0.9677 -0.2522
vn -0.0002 -0.9523 -0.3051
vn -0.0000 -0.9822 0.1879
vn 0.0003 -0.9823 -0.1873
vn 0.0001 -0.7052 -0.7090
vn -0.0002 -0.7056 -0.7086
vn 0.0944 -0.5540 0.8271
vn 0.0231 -0.7243 -0.6891
vn -0.6920 -0.6681 0.2733
vn -0.5314 -0.6703 0.5180
vn -0.2882 -0.6718 0.6824
vn 0.2882 -0.6718 0.6824
vn 0.5314 -0.6703 0.5180
vn 0.6920 -0.6681 0.2733
vn -0.9239 -0.0000 0.3827
vn -0.3827 -0.0000 0.9239
vn 0.3827 -0.0000 0.9239
vn 0.9239 -0.0000 0.3827
vn -0.0001 -0.9523 -0.3051
vn -0.0215 -0.7075 -0.7063
vn 0.0845 -0.3833 -0.9198
vn 0.2159 -0.3893 -0.8954
vn 0.4014 -0.4106 -0.8187
vn -0.3516 -0.4017 -0.8455
vn -0.2252 -0.3907 -0.8926
vn -0.0968 -0.3850 -0.9178
vn 0.8675 0.0009 -0.4974
vn 0.9224 0.0001 -0.3863
vn 0.5926 0.0007 -0.8055
vn 0.6989 0.0006 -0.7152
vn 0.2969 0.0003 -0.9549
vn 0.3648 0.0015 -0.9311
vn -0.3108 0.0002 -0.9505
vn -0.3620 0.0018 -0.9322
vn -0.5922 0.0005 -0.8058
vn -0.6969 0.0008 -0.7172
vn -0.8167 0.0009 -0.5771
vn -0.9219 0.0002 -0.3873
vn 0.4026 -0.6180 -0.6753
vn -0.7345 -0.4769 -0.4827
vn 0.2150 -0.3116 -0.9256
vn -0.4829 -0.3065 -0.8203
vn 0.0791 -0.0821 -0.9935
vn -0.1893 -0.1064 -0.9761
vn -0.4587 -0.6245 0.6321
vn -0.1993 -0.5800 0.7899
vn -0.0153 -0.5636 0.8259
vn 0.2825 -0.5490 0.7867
vn 0.4243 -0.5461 0.7223
vn 0.5529 -0.5462 0.6293
vn 0.3513 -0.4009 0.8461
vn 0.2249 -0.3902 0.8928
vn 0.0967 -0.3847 0.9180
vn -0.1018 -0.4498 0.8873
vn -0.2194 -0.4553 0.8629
vn -0.3712 -0.4689 0.8015
vn -0.1784 -0.6598 -0.7299
vn -0.3488 -0.6594 -0.6660
vn -0.5034 -0.6588 -0.5590
vn 0.5898 -0.6699 -0.4511
vn 0.3497 -0.6601 -0.6649
vn 0.1571 -0.6581 -0.7364
vn 0.0999 -0.4499 -0.8875
vn 0.2174 -0.4553 -0.8634
vn 0.3688 -0.4687 -0.8027
vn -0.3513 -0.4004 -0.8463
vn -0.2250 -0.3900 -0.8929
vn -0.0968 -0.3847 -0.9180
vn -0.4424 -0.8968 -0.0003
vn -0.2931 -0.9561 -0.0001
vn -0.2107 -0.6869 0.6955
vn -0.3231 -0.6545 0.6835
vn 0.1650 0.0909 0.9821
vn 0.0983 0.1091 0.9892
vn 0.1683 0.0331 0.9852
vn -0.2153 -0.9765 0.0028
vn -0.3820 -0.9241 0.0021
vn -0.2482 -0.6147 0.7487
vn -0.1410 -0.6903 0.7097
vn -0.9948 0.1016 -0.0005
vn -0.9879 0.1550 -0.0003
vn -0.9715 0.2371 -0.0007
vn -0.9937 -0.0000 0.1124
vn -0.7556 -0.6514 0.0696
vn -0.6217 -0.5058 0.5980
vn -0.1694 -0.9855 -0.0001
vn -0.1233 -0.7130 0.6903
vn -0.0000 -0.7268 0.6868
vn -0.0615 0.0183 0.9979
vn 0.0507 0.0328 0.9982
vn -0.5378 -0.8431 0.0005
vn -0.3816 -0.5960 0.7065
vn -0.9698 0.2440 0.0053
vn -0.9960 0.0881 0.0123
vn -0.9594 0.2819 0.0009
vn -0.0712 0.1840 0.9803
vn -0.3648 0.0189 0.9309
vn -0.0000 0.9999 -0.0123
vn 0.1332 0.1163 0.9842
vn 0.1227 0.1634 0.9789
vn 0.2103 0.1159 0.9708
vn 0.3491 0.0569 0.9354
vn 0.3773 0.0486 0.9248
vn 0.4072 0.0237 0.9130
vn 0.4284 -0.0077 0.9035
vn 0.4404 -0.0341 0.8971
vn 0.4462 -0.0471 0.8937
vn 0.4506 -0.0446 0.8916
vn 0.0749 0.2048 0.9759
vn 0.1170 0.2989 0.9471
vn 0.0389 0.2223 0.9742
vn 0.0528 0.3129 0.9483
vn -0.0000 0.2248 0.9744
vn -0.0000 0.3152 0.9490
vn 0.8167 0.4605 0.3478
vn 0.5524 0.3895 0.7370
vn 0.2659 0.1808 0.9469
vn -0.4045 0.4050 0.8200
vn -0.7517 0.4802 0.4522
vn 0.0806 0.4679 0.8801
vn -0.0000 0.4727 0.8812
vn 0.1251 0.7330 0.6686
vn -0.0000 0.7410 0.6715
vn 0.1555 0.9160 0.3698
vn -0.0000 0.9281 0.3724
vn 0.1412 0.4492 0.8822
vn 0.2187 0.7122 0.6671
vn 0.2709 0.8902 0.3664
vn 0.2155 0.4177 0.8827
vn 0.3346 0.6745 0.6581
vn 0.4097 0.8403 0.3550
vn 0.1584 0.3598 0.9195
vn 0.2443 0.3777 0.8931
vn 0.2837 0.6535 0.7018
vn 0.4060 0.6345 0.6577
vn 0.3660 0.8495 0.3801
vn 0.5049 0.7904 0.3469
vn 0.3396 0.2449 0.9081
vn 0.5645 0.4233 0.7086
vn 0.7274 0.5695 0.3829
vn -0.7128 0.0156 0.7012
vn -0.9228 0.0094 0.3851
vn -0.4425 -0.8968 -0.0003
vn -0.3817 -0.9243 0.0021
vn -0.5376 -0.8432 0.0005
vn -0.3814 -0.9244 0.0021
vn -0.5374 -0.8433 0.0005
vn -0.3810 -0.9246 0.0021
vn -0.5372 -0.8434 0.0005
vn -0.2152 -0.9766 0.0028
vn -0.2151 -0.9766 0.0028
vn -0.2151 -0.9766 0.0029
vn -0.6963 -0.6802 0.2292
vn -0.5846 -0.6903 0.4262
vn -0.4065 -0.7078 0.5777
vn -0.0776 -0.0000 0.9970
vn -0.3522 -0.0000 0.9359
vn -0.6864 -0.0000 0.7273
vn -0.9151 -0.0000 0.4033
vn 0.3051 -0.3017 0.9033
vn 0.5787 -0.5771 0.5763
vn 0.5784 -0.5748 -0.5789
vn 0.3164 -0.8966 -0.3098
vn -0.9130 -0.2928 0.2841
vn -0.7378 -0.6599 -0.1422
vn -0.9944 0.1024 0.0269
vn -0.9939 0.1098 0.0111
vn 0.7064 0.0023 -0.7078
vn 0.9756 0.0006 -0.2197
vn 0.0803 -0.6810 -0.7279
vn 0.3042 -0.2900 -0.9074
vn -0.0007 0.0009 -1.0000
vn 0.0015 -0.0000 -1.0000
vn 0.0234 -0.9995 -0.0193
vn 0.0090 -0.7114 0.7028
vn 0.9972 0.0278 0.0691
vn 0.9554 0.2811 0.0902
vn 0.9755 0.2043 0.0811
vn 0.8881 -0.3153 0.3346
vn 0.3181 0.2908 0.9024
vn 0.6540 0.7565 -0.0043
vn -0.9907 0.1004 -0.0918
vn -0.6915 0.7176 -0.0831
vn -0.7214 0.6912 0.0423
vn -0.9948 0.1019 0.0065
vn -0.7296 0.6699 -0.1378
vn -0.0460 0.9989 0.0131
vn -0.0178 0.9985 0.0516
vn -0.0594 0.9982 0.0030
vn -0.7300 0.6658 -0.1543
vn -0.0033 0.1333 0.9911
vn -0.0160 0.6822 0.7310
vn -0.0458 0.9972 0.0593
vn -0.0357 0.9810 0.1908
vn -0.0289 0.9791 0.2013
vn -0.0355 0.9967 0.0731
vn -0.2821 0.9477 0.1495
vn -0.7758 0.1501 0.6128
vn -0.9735 0.0825 -0.2132
vn -0.0109 0.7040 0.7101
vn -0.0158 0.6730 0.7395
vn 0.0108 -0.7259 0.6877
vn 0.0189 -0.9980 -0.0609
vn 0.0164 -0.7223 0.6913
vn 0.0303 -0.9984 -0.0487
vn 0.0142 -0.7172 0.6967
vn 0.0301 -0.9990 -0.0327
vn 0.0041 -0.7202 -0.6937
vn -0.0004 0.0001 -1.0000
vn 0.0069 -0.7180 -0.6960
vn 0.0001 0.0001 -1.0000
vn 0.0457 -0.7055 -0.7073
vn 0.0010 0.0001 -1.0000
vn 0.0146 -0.9990 0.0419
vn 0.0728 -0.9959 0.0545
vn 0.0085 -0.9988 0.0491
vn -0.7067 0.0007 -0.7075
vn -0.7110 0.0995 -0.6961
vn -0.0191 0.0950 -0.9953
vn 0.0901 0.0017 -0.9959
vn 0.1223 -0.9869 0.1049
vn 0.3245 -0.7830 0.5306
vn -0.4369 0.8947 0.0927
vn -0.2897 0.9522 0.0970
vn -0.2033 0.6652 0.7184
vn -0.2991 0.6102 0.7336
vn -0.1682 0.3796 -0.9097
vn -0.6979 0.3700 -0.6132
vn 0.0426 -0.9978 -0.0515
vn 0.0478 -0.9981 -0.0393
vn 0.0251 -0.9978 -0.0608
vn -0.7137 0.6721 -0.1974
vn -0.9846 0.0896 -0.1499
vn -0.6493 0.0886 -0.7554
vn -0.2579 0.8648 -0.4308
vn -0.0424 0.9987 0.0282
vn -0.1645 0.9863 -0.0153
vn -0.1539 0.9879 0.0176
vn -0.0579 0.9982 0.0174
vn -0.7875 0.0461 0.6146
vn -0.6588 0.5777 0.4818
vn 0.0435 -0.9986 -0.0287
vn 0.0359 -0.9991 -0.0208
vn -0.1926 0.7163 0.6707
vn -0.1113 0.9931 -0.0370
vn 0.0732 0.9971 -0.0201
vn -0.0479 0.7858 0.6166
vn 0.6224 -0.7485 -0.2287
vn 0.5768 -0.5700 -0.5851
vn 0.3337 -0.1914 -0.9230
vn 0.5803 -0.7882 0.2050
vn 0.5150 -0.6353 0.5754
vn -0.6277 -0.4992 0.5973
vn -0.7038 -0.6624 0.2566
vn -0.2027 -0.9497 0.2387
vn -0.2033 -0.9504 0.2354
vn 0.0814 -0.9861 0.1447
vn 0.0236 -0.9809 0.1932
vn 0.5569 0.0462 0.8293
vn 0.4705 0.6000 0.6470
vn -0.3553 0.5378 0.7646
vn 0.1182 0.5617 0.8188
vn -0.7788 0.6219 0.0816
vn -0.3881 0.9167 0.0953
vn -0.2943 0.6861 0.6653
vn -0.3998 0.3050 0.8644
vn -0.3656 -0.0608 0.9288
vn -0.1858 0.6736 0.7154
vn -0.2154 0.8009 0.5587
vn -0.2606 -0.2449 0.9339
vn -0.0290 0.7522 0.6583
vn -0.0127 -0.2546 0.9670
vn 0.0128 -0.9979 0.0636
vn 0.0230 -0.9981 0.0572
vn 0.0529 -0.9958 0.0753
vn -0.0117 0.7252 0.6885
vn -0.3929 -0.6078 -0.6901
vn -0.1625 -0.6764 -0.7184
vn 0.0908 0.7573 -0.6467
vn -0.3325 0.7844 -0.5236
vn -0.3931 0.1118 -0.9127
vn -0.9965 -0.0427 -0.0718
vn -0.9972 -0.0096 -0.0742
vn -0.9886 0.0896 -0.1208
vn -0.9965 0.0323 -0.0767
vn -0.0125 0.6459 -0.7633
vn -0.0100 0.6329 -0.7742
vn -0.0042 0.1327 0.9911
vn -0.1444 0.9824 0.1184
vn 0.0024 0.0777 -0.9970
vn 0.0038 0.0959 -0.9954
vn -0.3371 0.9129 0.2304
vn -0.0295 0.8935 0.4480
vn -0.5306 0.7548 0.3857
vn -0.0224 0.6873 0.7260
vn -0.7016 0.4599 0.5443
vn -0.0127 0.3958 0.9182
vn -0.0239 0.8915 0.4523
vn -0.0177 0.6854 0.7279
vn -0.0100 0.3958 0.9183
vn -0.4510 0.8900 -0.0670
vn -0.7427 0.6541 -0.1436
vn -0.9191 0.3439 -0.1924
vn -0.4426 0.8931 -0.0801
vn -0.7275 0.6708 -0.1444
vn -0.9139 0.3599 -0.1877
vn -0.9555 -0.2160 -0.2011
vn -0.0428 0.9609 -0.2734
vn -0.0304 0.8581 -0.5125
vn -0.2779 0.8680 -0.4114
vn -0.1233 0.9594 -0.2537
vn -0.0184 0.6426 -0.7660
vn -0.4475 0.6826 -0.5777
vn -0.0066 0.3464 -0.9381
vn -0.5905 0.3798 -0.7121
vn -0.0235 0.9604 -0.2776
vn -0.0158 0.8590 -0.5117
vn -0.0083 0.6494 -0.7604
vn -0.0013 0.3612 -0.9325
vn -0.8947 -0.2621 -0.3617
vn -0.7047 -0.0021 0.7095
vn -0.9847 0.0744 -0.1578
vn -0.9816 0.0826 -0.1722
vn -0.5773 -0.5774 0.5774
vn -0.8892 -0.4490 0.0875
vn 0.5698 0.2029 0.7963
vn 0.5548 0.0438 0.8308
vn -0.7378 -0.6005 -0.3085
vn -0.9944 0.0918 0.0525
vn 0.9033 0.4103 0.1252
vn 0.6715 0.3274 0.6648
vn 0.6759 0.0101 0.7369
vn 0.9913 0.0043 0.1312
vn -0.1005 0.9929 0.0639
vn -0.0979 0.9623 0.2537
vn 0.0951 0.9624 0.2543
vn 0.0854 0.9941 0.0662
vn 0.9872 0.1150 0.1104
vn 0.7309 -0.6777 -0.0803
vn 0.0938 0.9897 -0.1085
vn -0.0041 0.7327 0.6806
vn 0.0853 0.9931 -0.0804
vn -0.7491 -0.0522 0.6604
vn -0.7484 -0.0462 0.6616
vn -0.1395 -0.0368 0.9895
vn -0.2867 -0.6764 0.6784
vn -0.3890 -0.6426 0.6601
vn -0.6839 -0.7181 -0.1286
vn -0.6794 -0.7224 -0.1286
vn -0.9735 0.1000 -0.2057
vn -0.9733 0.0998 -0.2067
vn -0.9944 0.1019 0.0269
vn -0.0974 0.9933 0.0627
vn -0.0974 0.9624 0.2537
vn 0.0978 0.9623 0.2537
vn 0.0975 0.9932 0.0629
vn 0.0978 0.7058 0.7016
vn 0.0977 0.8636 0.4946
vn -0.0976 0.8636 0.4946
vn -0.9944 0.0914 0.0524
vn 0.0979 0.4997 0.8607
vn -0.7378 -0.4999 -0.4536
vn -0.0977 0.7058 0.7016
vn -0.0978 0.4997 0.8607
vn -0.9944 0.0274 0.1016
vn -0.7378 0.3104 -0.5994
vn -0.7378 0.1443 -0.6594
vn 0.0981 -0.2568 0.9615
vn 0.0982 -0.7039 0.7035
vn -0.7378 0.5690 -0.3633
vn -0.7378 0.4553 -0.4984
vn -0.0981 -0.7039 0.7035
vn -0.0982 -0.8623 0.4968
vn -0.0983 -0.9616 0.2562
vn 0.0980 -0.9616 0.2562
vn 0.0985 -0.8623 0.4967
vn -0.0960 -0.9623 0.2544
vn -0.0771 -0.7488 -0.6583
vn 0.0797 -0.7624 -0.6422
vn 0.1012 -0.9621 0.2532
vn -0.9944 -0.1018 0.0271
vn -0.7378 0.6437 -0.2033
vn -0.5769 -0.5005 0.6455
vn -0.9012 0.0992 0.4219
vn -0.5875 0.5221 -0.6183
vn -0.0760 -0.7645 -0.6401
vn 0.0802 -0.7497 -0.6569
vn 0.7377 0.6441 -0.2022
vn 0.5868 0.5233 -0.6180
vn -0.0002 0.6455 -0.7638
vn -0.0003 0.9538 -0.3003
vn 0.9012 0.0992 0.4218
vn 0.5771 -0.5003 0.6455
vn 0.9944 -0.1017 0.0271
vn 0.9945 -0.1018 0.0264
vn 0.7282 -0.0722 -0.6816
vn -0.0003 0.9550 -0.2967
vn -0.0006 0.9549 -0.2970
vn 0.7378 0.5694 -0.3626
vn -0.0001 0.8432 -0.5377
vn 0.9944 0.0530 0.0911
vn 0.9944 0.0275 0.1017
vn -0.7285 -0.0726 -0.6812
vn -0.9945 -0.1014 0.0271
vn 0.7378 0.3106 -0.5993
vn 0.7378 0.4556 -0.4981
vn -0.0001 0.6747 -0.7381
vn -0.9945 -0.0910 0.0525
vn -0.9082 -0.3386 0.2461
vn -0.9963 0.0475 -0.0721
vn -0.7128 -0.0009 0.7013
vn -0.7139 0.0070 0.7002
vn -0.9945 -0.0525 0.0912
vn -0.9944 0.0276 0.1017
vn -0.9944 0.0530 0.0912
vn 0.7378 0.1444 -0.6594
vn -0.1670 0.9810 0.0985
vn -0.1155 0.6793 0.7247
vn -0.9570 0.0996 -0.2725
vn -0.8818 0.1101 -0.4586
vn -0.7370 0.1096 -0.6670
vn -0.5579 0.1209 -0.8210
vn -0.6483 0.6870 -0.3282
vn -0.7830 0.5169 -0.3461
vn -0.8735 0.3258 -0.3617
vn 0.7378 -0.4999 -0.4537
vn 0.7377 -0.6004 -0.3086
vn 0.9944 0.0915 0.0524
vn 0.9945 -0.0525 0.0911
vn 0.9944 0.1020 0.0269
vn -0.0695 -0.7560 0.6509
vn 0.9948 0.1018 0.0064
vn 0.7205 0.6922 0.0424
vn 0.7284 0.6831 0.0531
vn 0.9904 0.1018 0.0935
vn 0.0713 -0.6857 0.7244
vn 0.9944 0.0917 0.0524
vn -0.3336 -0.1920 0.9230
vn -0.1544 -0.5489 0.8215
vn -0.0214 -0.7073 0.7065
vn -0.0689 -0.6862 0.7241
vn 0.0028 -1.0000 -0.0010
vn 0.0044 -0.9673 -0.2536
vn -0.0279 -0.6586 -0.7519
vn 0.0194 -0.9998 -0.0085
vn 0.0071 -1.0000 -0.0039
vn 0.0444 -0.7279 -0.6842
vn -0.6858 -0.7129 -0.1466
vn 0.7009 -0.2940 -0.6498
vn 0.5463 -0.5449 -0.6361
vn 0.3020 -0.7190 -0.6260
vn -0.0003 0.0936 -0.9956
vn 0.3310 -0.2012 -0.9220
vn 0.9944 0.0749 0.0743
vn -0.4518 -0.6957 -0.5585
vn -0.5337 -0.8232 -0.1937
vn -0.9898 0.0004 -0.1422
vn -0.7063 0.0023 -0.7079
vn -0.1887 -0.8954 0.4034
vn -0.0796 -0.9657 0.2471
vn -0.0852 -0.9670 0.2403
vn -0.1926 -0.8968 0.3983
vn 0.9945 -0.0911 0.0524
vn -0.1257 0.7704 0.6250
vn -0.1091 0.9932 -0.0396
vn 0.0892 0.9958 -0.0197
vn 0.0159 0.7259 0.6876
vn -0.9944 0.0749 0.0744
vn -0.2992 -0.7230 -0.6228
vn -0.5462 -0.5487 -0.6330
vn -0.7019 -0.2958 -0.6480
vn -0.9162 0.4005 0.0165
vn -0.7647 0.3251 0.5564
vn -0.3328 0.7282 0.5992
vn -0.5305 0.5303 0.6613
vn 0.2302 0.7296 0.6440
vn 0.3489 0.5621 0.7499
vn 0.7602 -0.0559 -0.6473
vn 0.6437 -0.3547 -0.6781
vn 0.3778 -0.5969 -0.7078
vn -0.3760 -0.5975 -0.7082
vn -0.6434 -0.3555 -0.6780
vn -0.7605 -0.0560 -0.6469
vn 0.9192 -0.3806 0.1014
vn 0.7018 -0.6883 0.1834
vn 0.3795 -0.8940 0.2382
vn -0.3782 -0.8948 0.2372
vn -0.7012 -0.6891 0.1829
vn -0.9191 -0.3809 0.1012
vn 0.7018 -0.3560 0.6171
vn -0.7018 -0.3560 0.6170
vn 0.9192 -0.1016 0.3806
vn 0.7017 -0.1838 0.6883
vn -0.7018 -0.1838 0.6883
vn -0.9192 -0.1016 0.3805
vn 0.9191 0.1027 0.3804
vn 0.7016 0.1857 0.6879
vn 0.3794 0.2412 0.8933
vn 0.3794 0.0012 0.9252
vn -0.3794 0.2412 0.8932
vn -0.3795 0.0012 0.9252
vn -0.7017 0.1857 0.6879
vn -0.9191 0.1027 0.3803
vn 0.7016 0.3578 0.6163
vn 0.3793 0.4646 0.8002
vn -0.3794 0.4646 0.8002
vn -0.7016 0.3578 0.6162
vn 0.9190 0.2795 0.2779
vn 0.7015 0.5055 0.5024
vn 0.3792 0.6563 0.6523
vn -0.3793 0.6562 0.6523
vn -0.7015 0.5054 0.5024
vn -0.9191 0.2795 0.2778
vn 0.9190 0.3422 0.1959
vn 0.7013 0.6186 0.3542
vn 0.3791 0.8030 0.4598
vn -0.3792 0.8030 0.4598
vn -0.7014 0.6185 0.3542
vn -0.9190 0.3421 0.1959
vn 0.9189 0.3814 0.1005
vn 0.7012 0.6895 0.1817
vn 0.3789 0.8949 0.2358
vn -0.3790 0.8948 0.2358
vn -0.7012 0.6894 0.1817
vn -0.9190 0.3813 0.1005
vn 0.9210 0.3889 0.0246
vn 0.7029 0.7099 0.0449
vn 0.3797 0.9233 0.0585
vn -0.3814 0.9225 0.0592
vn -0.7034 0.7093 0.0454
vn -0.9210 0.3888 0.0249
vn 0.5870 0.2619 0.7660
vn 0.9156 0.3945 0.0782
vn 0.4399 0.5151 0.7356
vn 0.6919 0.7205 0.0465
vn 0.2022 0.6923 0.6927
vn 0.3640 0.9314 0.0080
vn -0.3946 0.6973 0.5983
vn -0.3917 0.9181 -0.0604
vn -0.6403 0.5258 0.5599
vn -0.7056 0.7038 -0.0822
vn -0.8003 0.2685 0.5362
vn -0.9186 0.3842 -0.0924
vn -0.3831 0.5924 0.7087
vn -0.6108 0.4292 0.6654
vn -0.7440 0.1987 0.6380
vn -0.1207 0.0170 0.9925
vn 0.3623 0.3726 0.8543
vn 0.2643 0.5191 0.8128
vn 0.0973 0.6113 0.7854
vn -0.4029 0.9127 -0.0678
vn -0.3793 0.9234 0.0581
vn -0.7186 0.6892 -0.0926
vn -0.7025 0.7102 0.0450
vn -0.9226 0.3716 -0.1036
vn -0.9208 0.3892 0.0251
vn 0.7948 0.6046 0.0534
vn 0.8363 0.5403 0.0933
vn 0.5791 0.8147 0.0297
vn 0.6142 0.7853 0.0781
vn 0.3092 0.9510 0.0021
vn 0.3316 0.9408 0.0697
vn 0.3632 0.8995 0.2428
vn 0.6708 0.7115 0.2092
vn 0.8917 0.4223 0.1630
vn -0.9183 0.3827 0.1007
vn -0.6997 0.6908 0.1820
vn -0.3777 0.8954 0.2360
vn -0.3782 0.8034 0.4600
vn -0.7003 0.6195 0.3546
vn -0.9186 0.3431 0.1963
vn 0.3786 0.8032 0.4599
vn 0.7008 0.6191 0.3544
vn 0.9188 0.3427 0.1961
vn 0.3789 0.6564 0.6524
vn 0.7011 0.5058 0.5026
vn 0.9189 0.2799 0.2780
vn -0.9187 0.2802 0.2782
vn -0.7007 0.5061 0.5029
vn -0.3786 0.6565 0.6525
vn 0.3791 0.4646 0.8002
vn 0.7013 0.3580 0.6164
vn 0.9190 0.1981 0.3409
vn -0.9189 0.1983 0.3411
vn -0.7011 0.3582 0.6166
vn -0.3789 0.4647 0.8003
vn -0.3791 0.2412 0.8934
vn -0.7013 0.1859 0.6881
vn -0.9190 0.1029 0.3806
vn 0.3793 0.2412 0.8933
vn 0.7015 0.1859 0.6880
vn 0.9191 0.1029 0.3804
vn 0.3795 0.0013 0.9252
vn 0.7017 0.0011 0.7124
vn 0.9192 0.0007 0.3939
vn -0.9191 0.0007 0.3940
vn -0.7016 0.0011 0.7126
vn -0.3793 0.0013 0.9253
vn 0.9192 -0.1014 0.3804
vn 0.7019 -0.1837 0.6882
vn 0.3796 -0.2387 0.8938
vn -0.9192 -0.1014 0.3806
vn -0.7018 -0.1837 0.6883
vn -0.3795 -0.2387 0.8938
vn -0.3797 -0.4623 0.8013
vn -0.7020 -0.3558 0.6169
vn -0.9193 -0.1966 0.3410
vn 0.3798 -0.4623 0.8012
vn 0.7021 -0.3558 0.6168
vn 0.9193 -0.1965 0.3410
vn 0.3800 -0.6543 0.6539
vn 0.7023 -0.5035 0.5033
vn 0.9194 -0.2781 0.2782
vn -0.9193 -0.2782 0.2782
vn -0.7022 -0.5035 0.5034
vn -0.3799 -0.6543 0.6539
vn -0.3801 -0.8014 0.4618
vn -0.7025 -0.6166 0.3554
vn -0.9194 -0.3406 0.1964
vn 0.3807 -0.8014 0.4614
vn 0.7029 -0.6165 0.3548
vn 0.9195 -0.3407 0.1960
vn -0.3804 -0.8937 0.2381
vn -0.7028 -0.6874 0.1832
vn -0.9196 -0.3797 0.1013
vn 0.3834 -0.8934 0.2341
vn 0.7042 -0.6870 0.1792
vn 0.9197 -0.3799 0.0988
vn 0.0368 -0.9988 0.0320
vn 0.0309 -0.9992 0.0255
vn 0.0509 -0.9983 0.0297
vn 0.0455 -0.9986 0.0255
vn 0.0601 -0.9980 0.0193
vn 0.0547 -0.9984 0.0173
vn 0.0630 -0.9980 0.0050
vn 0.0571 -0.9984 0.0051
vn 0.0586 -0.9982 -0.0083
vn 0.0518 -0.9986 -0.0061
vn 0.0467 -0.9988 -0.0160
vn 0.0384 -0.9992 -0.0118
vn 0.0278 -0.9995 -0.0143
vn 0.0419 -0.9984 0.0378
vn 0.0552 -0.9979 0.0331
vn 0.0640 -0.9977 0.0206
vn 0.0670 -0.9977 0.0044
vn 0.0635 -0.9979 -0.0108
vn 0.0530 -0.9984 -0.0204
vn -0.0766 0.9970 0.0124
vn -0.6793 -0.7182 -0.1512
vn -0.9750 0.0980 -0.1992
vn -0.9751 0.0983 -0.1989
vn -0.6751 -0.7224 -0.1494
vn -0.9748 0.0989 -0.1999
vn -0.6742 -0.7247 -0.1426
vn -0.9744 0.0994 -0.2017
vn -0.6758 -0.7247 -0.1345
vn -0.9739 0.0998 -0.2038
vn 0.0404 -0.9979 0.0512
vn 0.0426 -0.9981 0.0438
vn 0.0526 -0.9976 0.0443
vn 0.0558 -0.9977 0.0382
vn 0.0617 -0.9977 0.0278
vn 0.0651 -0.9976 0.0239
vn 0.0663 -0.9978 0.0061
vn 0.0691 -0.9976 0.0053
vn 0.0657 -0.9977 -0.0156
vn 0.0669 -0.9977 -0.0127
vn 0.0595 -0.9977 -0.0322
vn 0.0584 -0.9980 -0.0254
vn 0.0245 0.9927 -0.1183
vn 0.0361 0.9961 -0.0809
vn -0.0074 0.9953 -0.0964
vn -0.0094 0.9978 -0.0661
vn -0.0251 0.9975 -0.0654
vn -0.0453 0.9979 -0.0453
vn -0.0268 0.9991 -0.0317
vn -0.0706 0.9972 -0.0253
vn -0.0256 0.9996 -0.0101
vn -0.0855 0.9963 -0.0124
vn -0.9150 0.3590 -0.1843
vn -0.9849 0.0897 -0.1481
vn -0.9172 0.3572 -0.1768
vn -0.9820 0.0900 -0.1658
vn -0.9651 -0.1973 -0.1721
vn -0.9110 0.3608 -0.1997
vn -0.7815 -0.6032 -0.1598
vn -0.9054 0.3616 -0.2227
vn -0.7730 -0.6054 -0.1894
vn -0.9065 0.3592 -0.2221
vn -0.7180 0.6645 -0.2071
vn -0.7259 0.6601 -0.1929
vn -0.7261 0.6617 -0.1869
vn -0.7243 0.6644 -0.1842
vn -0.7200 0.6678 -0.1887
vn -0.7231 0.6674 -0.1780
vn -0.4268 0.8814 -0.2027
vn -0.4413 0.8784 -0.1836
vn -0.4457 0.8800 -0.1645
vn -0.4479 0.8824 -0.1442
vn -0.4437 0.8868 -0.1293
vn -0.4458 0.8884 -0.1093
vn -0.1641 0.9698 -0.1803
vn -0.1803 0.9709 -0.1575
vn -0.1876 0.9738 -0.1284
vn -0.1891 0.9774 -0.0946
vn -0.1811 0.9814 -0.0641
vn -0.1749 0.9839 -0.0373
vn -0.0565 0.9827 -0.1762
vn -0.0317 0.9826 -0.1829
vn -0.0708 0.9855 -0.1542
vn -0.0405 0.9861 -0.1612
vn -0.0816 0.9895 -0.1194
vn -0.0485 0.9911 -0.1239
vn -0.0845 0.9934 -0.0773
vn -0.0529 0.9957 -0.0763
vn -0.0792 0.9962 -0.0359
vn -0.0526 0.9982 -0.0296
vn -0.0691 0.9976 -0.0030
vn -0.0485 0.9988 0.0065
vn -0.7316 0.6549 -0.1892
vn -0.7393 0.6476 -0.1845
vn -0.7832 0.5935 -0.1853
vn -0.9873 0.0099 -0.1583
vn -0.9642 -0.0065 -0.2649
vn 0.0178 -0.9977 0.0655
vn 0.0230 -0.9981 0.0563
vn 0.0273 -0.9990 0.0356
vn 0.0300 -0.9995 0.0077
vn 0.0306 -0.9993 -0.0216
vn 0.0289 -0.9985 -0.0461
vn 0.0322 -0.9977 0.0595
vn 0.0418 -0.9978 0.0512
vn 0.0493 -0.9983 0.0323
vn 0.0536 -0.9985 0.0070
vn 0.0541 -0.9984 -0.0190
vn 0.0503 -0.9979 -0.0401
vn -0.3228 0.6559 0.6823
vn -0.5856 0.5034 0.6353
vn -0.7545 0.2595 0.6028
vn -0.3601 0.9308 -0.0625
vn -0.6866 0.7147 -0.1337
vn -0.9045 0.3855 -0.1823
vn -0.2260 0.9665 -0.1214
vn -0.6194 0.7634 -0.1834
vn -0.8887 0.4069 -0.2113
vn -0.2692 0.9558 -0.1186
vn -0.6399 0.7475 -0.1784
vn -0.8923 0.4009 -0.2075
vn -0.3063 0.9460 -0.1063
vn -0.6582 0.7341 -0.1668
vn -0.8964 0.3954 -0.2003
vn -0.3355 0.9377 -0.0897
vn -0.6731 0.7236 -0.1527
vn -0.9002 0.3908 -0.1920
vn -0.3559 0.9315 -0.0747
vn -0.6837 0.7160 -0.1406
vn -0.9032 0.3872 -0.1851
vn -0.3676 0.9276 -0.0665
vn -0.6899 0.7113 -0.1342
vn -0.9050 0.3847 -0.1815
vn 0.2991 0.6815 -0.6679
vn 0.5713 0.6832 -0.4548
vn 0.7135 0.6840 -0.1520
vn -0.7673 -0.2316 0.5980
vn -0.6831 -0.4049 0.6078
vn -0.5479 -0.5401 0.6388
vn -0.1560 0.0032 0.9878
vn 0.5507 -0.2412 0.7991
vn 0.2832 -0.6302 0.7229
vn -0.1405 -0.7464 0.6505
vn -0.9590 -0.1038 -0.2638
vn -0.8564 -0.2664 -0.4423
vn -0.6554 -0.4480 -0.6080
vn 0.9983 -0.0535 0.0216
vn 0.8819 -0.4032 -0.2441
vn 0.3504 -0.7218 -0.5969
vn -0.7105 0.1060 0.6956
vn -0.0406 0.0974 -0.9944
vn -0.0380 0.0932 -0.9949
vn -0.3888 0.9179 -0.0795
vn -0.4145 0.9034 0.1098
vn -0.2896 0.9520 0.0993
vn -0.2897 0.9520 -0.0985
vn -0.0304 0.0960 -0.9949
vn -0.0182 0.0979 -0.9950
vn -0.3540 0.9351 -0.0172
vn -0.2780 0.9436 0.1800
vn -0.3895 0.9011 0.1907
vn -0.3990 0.9169 -0.0017
vn -0.0616 0.3578 0.9318
vn -0.0482 0.2012 0.9784
vn -0.0644 0.1906 0.9796
vn -0.0781 0.1302 0.9884
vn -0.0832 0.0306 0.9961
vn -0.0757 -0.0682 0.9948
vn -0.0603 -0.1264 0.9902
vn -0.0435 -0.1339 0.9900
vn -0.0236 -0.2854 0.9581
vn -0.1394 0.3364 0.9314
vn -0.1410 0.1755 0.9743
vn -0.1973 0.1603 0.9672
vn -0.2432 0.1004 0.9648
vn -0.2728 0.0129 0.9620
vn -0.2843 -0.0694 0.9562
vn -0.2847 -0.1172 0.9514
vn -0.2819 -0.1202 0.9519
vn -0.2637 -0.2640 0.9278
vn -0.5365 0.8394 0.0875
vn -0.3812 0.5962 0.7065
vn -0.3139 0.2518 0.9154
vn -0.3817 0.1306 0.9150
vn -0.4462 0.1092 0.8882
vn -0.5039 0.0540 0.8621
vn -0.5451 -0.0152 0.8382
vn -0.5708 -0.0742 0.8177
vn -0.5873 -0.1049 0.8025
vn -0.6004 -0.1004 0.7934
vn -0.5643 -0.2138 0.7974
vn -0.0369 0.0945 -0.9948
vn -0.4910 0.8584 0.1486
vn -0.4400 0.8974 -0.0336
vn -0.4005 0.9147 -0.0543
vn -0.3642 0.9266 0.0939
vn -0.2870 0.9479 0.1385
vn -0.3495 0.9352 -0.0572
vn -0.1671 0.9808 -0.1009
vn -0.1669 0.9807 0.1015
vn -0.3614 0.8636 -0.3516
vn -0.5261 0.8164 -0.2380
vn -0.2896 0.6675 -0.6860
vn -0.6289 0.6415 -0.4394
vn -0.1616 0.3751 -0.9128
vn -0.0596 0.1040 -0.9928
vn -0.1676 0.3824 -0.9087
vn -0.3841 0.8644 -0.3244
vn -0.3812 0.8744 -0.3002
vn -0.2943 0.6770 -0.6745
vn -0.2982 0.6860 -0.6637
vn -0.1571 0.3683 -0.9163
vn -0.1546 0.9079 -0.3897
vn -0.1190 0.6905 -0.7135
vn -0.0661 0.3748 -0.9247
vn -0.2686 0.8838 -0.3830
vn -0.2071 0.6767 -0.7065
vn -0.1143 0.3687 -0.9225
vn -0.3472 0.8648 -0.3628
vn -0.2669 0.6696 -0.6931
vn -0.1454 0.3661 -0.9192
vn -0.4698 0.8410 0.2684
vn -0.5844 0.6650 0.4650
vn -0.6788 0.3800 0.6284
vn -0.0644 0.3729 0.9256
vn -0.0215 0.7572 0.6528
vn -0.1176 0.6885 0.7157
vn -0.1539 0.9071 0.3917
vn -0.1138 0.3665 0.9234
vn -0.0387 0.7610 0.6476
vn -0.2064 0.6743 0.7090
vn -0.2683 0.8829 0.3854
vn -0.1832 0.3617 0.9141
vn -0.0642 0.7506 0.6576
vn -0.3161 0.6470 0.6938
vn -0.3989 0.8346 0.3799
vn -0.0737 0.7680 0.6362
vn -0.2134 0.3391 0.9162
vn -0.1414 0.3259 0.9347
vn -0.0477 0.7981 0.6007
vn -0.3795 0.6066 0.6986
vn -0.2665 0.6140 0.7430
vn -0.4817 0.7793 0.4008
vn -0.3533 0.8171 0.4554
vn -0.1728 0.7522 0.6359
vn -0.0910 0.3584 0.9291
vn 0.0349 0.0634 0.9974
vn -0.1647 0.6659 0.7276
vn -0.2277 0.8817 0.4132
vn -0.3734 0.8730 -0.3137
vn -0.2968 0.6801 -0.6703
vn 0.5610 -0.1456 0.8149
vn 0.0006 -0.7237 0.6901
vn 0.0006 -0.6998 0.7143
vn 0.6693 -0.4346 -0.6026
vn 0.8321 -0.5411 -0.1217
vn -0.0939 0.3505 0.9318
vn -0.1063 0.7617 0.6392
vn -0.1632 0.6487 0.7433
vn -0.2175 0.8651 0.4520
vn -0.5751 -0.5711 -0.5858
vn -0.5584 -0.1453 -0.8167
vn 0.0021 -0.7240 -0.6898
vn 0.0012 -0.7002 -0.7140
vn 0.0307 -0.6587 0.7518
vn 0.0214 -0.7078 -0.7061
vn -0.2854 -0.6658 0.6893
vn -0.5276 -0.6658 0.5276
vn -0.6893 -0.6658 0.2854
vn 0.8893 -0.4489 0.0876
vn 0.5775 -0.5773 0.5773
vn 0.6894 -0.6657 0.2856
vn 0.5276 -0.6657 0.5277
vn 0.2855 -0.6657 0.6894
vn -0.4405 -0.2188 -0.8707
vn -0.6674 -0.7338 -0.1269
vn 0.0134 -0.9999 -0.0097
vn 0.0060 -1.0000 -0.0045
vn 0.0047 -1.0000 -0.0033
vn -0.5774 -0.5774 -0.5774
vn 0.0696 -0.7557 0.6512
vn -0.0843 0.0019 -0.9964
vn -0.0182 -0.7072 -0.7068
vn -0.0737 0.0001 -0.9973
vn 0.0789 -0.0000 -0.9969
vn 0.0002 -0.9523 -0.3051
vn 0.0017 -0.9677 -0.2522
vn 0.0002 -0.7056 -0.7086
vn -0.0001 -0.7052 -0.7090
vn -0.0003 -0.9823 -0.1873
vn -0.0944 -0.5540 0.8271
vn -0.0231 -0.7243 -0.6891
vn 0.0001 -0.9523 -0.3051
vn 0.0215 -0.7075 -0.7063
vn -0.4014 -0.4106 -0.8187
vn -0.2159 -0.3893 -0.8954
vn -0.0845 -0.3833 -0.9198
vn 0.0968 -0.3850 -0.9178
vn 0.2252 -0.3907 -0.8926
vn 0.3516 -0.4017 -0.8455
vn -0.9224 0.0001 -0.3863
vn -0.8675 0.0009 -0.4974
vn -0.6989 0.0006 -0.7152
vn -0.5926 0.0007 -0.8055
vn -0.3648 0.0015 -0.9311
vn -0.2969 0.0003 -0.9549
vn 0.3620 0.0018 -0.9322
vn 0.3108 0.0002 -0.9505
vn 0.6969 0.0008 -0.7172
vn 0.5922 0.0005 -0.8058
vn 0.9219 0.0002 -0.3873
vn 0.8167 0.0009 -0.5771
vn 0.7345 -0.4769 -0.4827
vn -0.4026 -0.6180 -0.6753
vn 0.4829 -0.3065 -0.8203
vn -0.2150 -0.3116 -0.9256
vn 0.1893 -0.1064 -0.9761
vn -0.0791 -0.0821 -0.9935
vn 0.0153 -0.5636 0.8259
vn 0.1993 -0.5800 0.7899
vn 0.4587 -0.6245 0.6321
vn -0.5529 -0.5462 0.6293
vn -0.4243 -0.5461 0.7223
vn -0.2825 -0.5490 0.7867
vn -0.0967 -0.3847 0.9180
vn -0.2249 -0.3902 0.8928
vn -0.3513 -0.4009 0.8461
vn 0.3712 -0.4689 0.8015
vn 0.2195 -0.4553 0.8629
vn 0.1018 -0.4498 0.8873
vn 0.5034 -0.6588 -0.5590
vn 0.3488 -0.6594 -0.6660
vn 0.1784 -0.6598 -0.7299
vn -0.1571 -0.6581 -0.7364
vn -0.3497 -0.6601 -0.6649
vn -0.5898 -0.6699 -0.4511
vn -0.3688 -0.4687 -0.8027
vn -0.2174 -0.4553 -0.8634
vn -0.0999 -0.4499 -0.8875
vn 0.0968 -0.3847 -0.9180
vn 0.2250 -0.3900 -0.8929
vn 0.3513 -0.4004 -0.8463
vn 0.4424 -0.8968 -0.0003
vn 0.3231 -0.6545 0.6835
vn 0.2107 -0.6869 0.6955
vn 0.2931 -0.9561 -0.0001
vn -0.1650 0.0909 0.9821
vn -0.1683 0.0331 0.9852
vn -0.0983 0.1091 0.9892
vn 0.2153 -0.9765 0.0028
vn 0.1410 -0.6903 0.7097
vn 0.2482 -0.6147 0.7487
vn 0.3820 -0.9242 0.0021
vn 0.9879 0.1550 -0.0003
vn 0.9948 0.1016 -0.0005
vn 0.9715 0.2371 -0.0007
vn 0.9937 -0.0000 0.1124
vn 0.6217 -0.5058 0.5980
vn 0.7556 -0.6514 0.0696
vn 0.1233 -0.7130 0.6903
vn 0.1694 -0.9855 -0.0001
vn -0.0507 0.0328 0.9982
vn 0.0615 0.0183 0.9979
vn 0.5378 -0.8431 0.0005
vn 0.3816 -0.5960 0.7065
vn 0.9960 0.0881 0.0123
vn 0.9698 0.2440 0.0053
vn 0.9594 0.2819 0.0009
vn 0.0712 0.1840 0.9803
vn 0.3648 0.0189 0.9309
vn -0.1332 0.1163 0.9842
vn -0.4506 -0.0446 0.8916
vn -0.4462 -0.0471 0.8937
vn -0.4404 -0.0341 0.8971
vn -0.4284 -0.0077 0.9035
vn -0.4072 0.0237 0.9130
vn -0.3773 0.0486 0.9248
vn -0.3491 0.0569 0.9354
vn -0.2103 0.1159 0.9708
vn -0.1227 0.1634 0.9789
vn -0.1170 0.2989 0.9471
vn -0.0749 0.2048 0.9759
vn -0.0528 0.3129 0.9483
vn -0.0389 0.2223 0.9742
vn -0.8167 0.4605 0.3478
vn -0.5524 0.3895 0.7370
vn -0.2659 0.1808 0.9469
vn 0.4045 0.4050 0.8200
vn 0.7517 0.4802 0.4522
vn -0.0806 0.4679 0.8801
vn -0.1251 0.7330 0.6686
vn -0.1555 0.9160 0.3698
vn -0.1412 0.4492 0.8822
vn -0.2187 0.7122 0.6671
vn -0.2709 0.8902 0.3664
vn -0.2155 0.4177 0.8827
vn -0.3346 0.6744 0.6581
vn -0.4097 0.8403 0.3550
vn -0.2443 0.3777 0.8931
vn -0.1584 0.3598 0.9195
vn -0.4061 0.6345 0.6577
vn -0.2837 0.6535 0.7018
vn -0.5049 0.7904 0.3469
vn -0.3660 0.8495 0.3801
vn -0.3396 0.2449 0.9081
vn -0.5645 0.4233 0.7086
vn -0.7274 0.5695 0.3829
vn 0.7128 0.0156 0.7012
vn 0.9228 0.0094 0.3851
vn 0.4425 -0.8968 -0.0003
vn 0.5376 -0.8432 0.0005
vn 0.3817 -0.9243 0.0021
vn 0.5374 -0.8433 0.0005
vn 0.3814 -0.9244 0.0021
vn 0.5372 -0.8434 0.0005
vn 0.3810 -0.9246 0.0021
vn 0.2152 -0.9766 0.0028
vn 0.2151 -0.9766 0.0028
vn 0.2151 -0.9766 0.0029
vn 0.6963 -0.6802 0.2292
vn 0.5846 -0.6903 0.4262
vn 0.4065 -0.7078 0.5777
vn 0.0776 -0.0000 0.9970
vn 0.3522 -0.0000 0.9359
vn 0.6864 -0.0000 0.7273
vn 0.9151 -0.0000 0.4033
vt 0.291680 0.439982
vt 0.781168 0.044820
vt 0.291680 0.111615
vt 0.781168 0.373246
vt 0.023128 0.110304
vt 0.991658 0.153424
vt 0.560180 0.678277
vt 0.612980 0.747546
vt 0.761974 0.373259
vt 0.644953 0.747624
vt 0.291710 0.711890
vt 0.588183 0.637300
vt 0.761974 0.036256
vt 0.560180 0.657903
vt 0.741604 0.373272
vt 0.721234 0.373270
vt 0.560180 0.637528
vt 0.700863 0.373234
vt 0.560178 0.617155
vt 0.680493 0.373223
vt 0.560177 0.596781
vt 0.284659 0.736761
vt 0.867034 0.472970
vt 0.005486 0.499758
vt 0.005545 0.538420
vt 0.865963 0.434287
vt 0.005601 0.567215
vt 0.864931 0.405471
vt 0.864545 0.376656
vt 0.005622 0.596022
vt 0.291680 0.596650
vt 0.703442 0.636260
vt 0.291685 0.625462
vt 0.674627 0.636448
vt 0.291698 0.654269
vt 0.645812 0.636870
vt 0.616998 0.637243
vt 0.291709 0.683077
vt 0.680492 0.013229
vt 0.700862 0.015124
vt 0.721232 0.020215
vt 0.741602 0.027570
vt 0.258433 0.439981
vt 0.982608 0.249725
vt 0.826030 0.481748
vt 0.258436 0.111634
vt 0.526952 0.697457
vt 0.777291 0.857787
vt 0.790091 0.853659
vt 0.579819 0.751651
vt 0.527080 0.678187
vt 0.526906 0.596787
vt 0.526909 0.617160
vt 0.526919 0.637529
vt 0.526932 0.657896
vt 0.676845 0.747546
vt 0.323664 0.711909
vt 0.762786 0.857934
vt 0.281213 0.762688
vt 0.031626 0.506153
vt 0.323574 0.596703
vt 0.323583 0.625512
vt 0.323610 0.654311
vt 0.323641 0.683108
vt 0.323667 0.739059
vt 0.055101 0.110306
vt 0.535386 0.849388
vt 0.517234 0.676521
vt 0.284659 0.951575
vt 0.770959 0.747546
vt 0.219153 0.541495
vt 0.921631 0.000422
vt 0.224624 0.556623
vt 0.901690 0.001071
vt 0.224541 0.576550
vt 0.881749 0.001307
vt 0.224488 0.596484
vt 0.517186 0.596793
vt 0.517190 0.616729
vt 0.517201 0.636662
vt 0.517217 0.656592
vt 0.189506 0.762118
vt 0.000075 0.480771
vt 0.588183 0.544176
vt 0.645812 0.545504
vt 0.000000 0.538423
vt 0.674627 0.544548
vt 0.000051 0.567220
vt 0.703442 0.544174
vt 0.000070 0.596027
vt 0.236541 0.536714
vt 0.941765 0.000000
vt 0.219167 0.556599
vt 0.770198 0.762662
vt 0.219068 0.576525
vt 0.769508 0.782600
vt 0.219009 0.596459
vt 0.769265 0.802536
vt 0.036237 0.921247
vt 0.023128 0.203287
vt 0.991658 0.060494
vt 0.065024 0.921166
vt 0.093827 0.921136
vt 0.703442 0.555485
vt 0.674627 0.555854
vt 0.645812 0.556799
vt 0.599596 0.561943
vt 0.249788 0.759818
vt 0.824977 0.774697
vt 0.588183 0.483914
vt 0.023128 0.263778
vt 0.824977 0.747546
vt 0.991658 0.000038
vt 0.036251 0.939730
vt 0.865753 0.434286
vt 0.036264 0.942871
vt 0.036298 0.945648
vt 0.859741 0.434324
vt 0.862586 0.434296
vt 0.065044 0.939666
vt 0.864721 0.405471
vt 0.065058 0.942810
vt 0.065092 0.945589
vt 0.858666 0.405508
vt 0.861542 0.405480
vt 0.093850 0.939642
vt 0.864335 0.376656
vt 0.093864 0.942788
vt 0.093898 0.945568
vt 0.858265 0.376693
vt 0.861151 0.376665
vt 0.769987 0.762662
vt 0.053644 0.742386
vt 0.766754 0.762617
vt 0.054246 0.736883
vt 0.763767 0.762498
vt 0.053958 0.739377
vt 0.769296 0.782600
vt 0.073946 0.742699
vt 0.766052 0.782586
vt 0.074282 0.737126
vt 0.763041 0.782550
vt 0.074115 0.739668
vt 0.769053 0.802536
vt 0.094257 0.742834
vt 0.765805 0.802552
vt 0.094326 0.737235
vt 0.762786 0.802599
vt 0.094282 0.739794
vt 0.281003 0.762686
vt 0.012058 0.921548
vt 0.277858 0.762662
vt 0.006395 0.921880
vt 0.275071 0.762654
vt 0.008981 0.921666
vt 0.005661 0.939772
vt 0.284450 0.736759
vt 0.866824 0.472970
vt 0.002585 0.942921
vt 0.860745 0.470642
vt 0.000000 0.945702
vt 0.278296 0.739034
vt 0.863643 0.472365
vt 0.281250 0.737335
vt 0.046250 0.742273
vt 0.770748 0.747546
vt 0.284448 0.951573
vt 0.043613 0.739237
vt 0.764433 0.749639
vt 0.278236 0.949093
vt 0.041400 0.736759
vt 0.767494 0.748087
vt 0.281218 0.950921
vt 0.616998 0.589161
vt 0.645812 0.588162
vt 0.674627 0.587338
vt 0.703442 0.587010
vt 0.599596 0.637292
vt 0.291710 0.700477
vt 0.753905 0.032815
vt 0.560180 0.670207
vt 0.753905 0.373264
vt 0.527022 0.670150
vt 0.323657 0.700500
vt 0.517228 0.668627
vt 0.825558 0.774698
vt 0.249718 0.759239
vt 0.022546 0.263731
vt 0.825558 0.747547
vt 0.826102 0.774702
vt 0.249500 0.758698
vt 0.826102 0.747551
vt 0.021996 0.263534
vt 0.741165 0.838841
vt 0.826571 0.774708
vt 0.249150 0.758232
vt 0.826571 0.747557
vt 0.741165 0.865987
vt 0.021515 0.263202
vt 0.740729 0.838831
vt 0.248690 0.757873
vt 0.740729 0.865976
vt 0.021138 0.262756
vt 0.740206 0.838824
vt 0.248152 0.757645
vt 0.740206 0.865969
vt 0.020889 0.262228
vt 0.739634 0.838821
vt 0.247574 0.757563
vt 0.739634 0.865966
vt 0.020785 0.261653
vt 0.739051 0.838822
vt 0.246994 0.757635
vt 0.739051 0.865967
vt 0.020834 0.261071
vt 0.738497 0.838827
vt 0.246453 0.757853
vt 0.738497 0.865972
vt 0.021033 0.260522
vt 0.738011 0.838835
vt 0.714553 0.838864
vt 0.245987 0.758205
vt 0.714553 0.866015
vt 0.738009 0.865981
vt 0.021367 0.260043
vt 0.714127 0.838857
vt 0.245630 0.758665
vt 0.714127 0.866007
vt 0.021814 0.259667
vt 0.713612 0.838852
vt 0.245405 0.759202
vt 0.713612 0.866002
vt 0.022344 0.259420
vt 0.713043 0.838850
vt 0.245327 0.759779
vt 0.717017 0.811704
vt 0.713043 0.866000
vt 0.022919 0.259318
vt 0.717017 0.838849
vt 0.523715 0.690477
vt 0.520476 0.683499
vt 0.825558 0.756598
vt 0.825558 0.765648
vt 0.826102 0.756601
vt 0.826102 0.765652
vt 0.741165 0.856938
vt 0.826571 0.756607
vt 0.741165 0.847890
vt 0.826571 0.765658
vt 0.740729 0.856928
vt 0.740729 0.847879
vt 0.740206 0.856921
vt 0.740206 0.847872
vt 0.739634 0.856918
vt 0.739634 0.847869
vt 0.739051 0.856919
vt 0.739051 0.847870
vt 0.738497 0.856924
vt 0.738497 0.847875
vt 0.738009 0.856932
vt 0.714553 0.856964
vt 0.738009 0.847884
vt 0.714553 0.847914
vt 0.714127 0.856957
vt 0.714127 0.847907
vt 0.713612 0.856952
vt 0.713612 0.847902
vt 0.713043 0.856950
vt 0.717014 0.829801
vt 0.713043 0.847900
vt 0.717012 0.820753
vt 0.239976 0.686147
vt 0.564829 0.688625
vt 0.830537 0.763911
vt 0.573779 0.687283
vt 0.835072 0.795170
vt 0.569131 0.656084
vt 0.244354 0.654931
vt 0.560180 0.657416
vt 0.873635 0.991064
vt 0.969743 0.081879
vt 0.576075 0.454243
vt 0.976156 0.081739
vt 0.283168 0.455858
vt 0.569631 0.454391
vt 0.239880 0.691681
vt 0.565657 0.694100
vt 0.830402 0.758363
vt 0.574607 0.692757
vt 0.241184 0.696772
vt 0.566426 0.699015
vt 0.831669 0.753251
vt 0.575376 0.697673
vt 0.243767 0.701353
vt 0.811899 0.874528
vt 0.567125 0.703315
vt 0.834218 0.748643
vt 0.802848 0.874535
vt 0.576075 0.701973
vt 0.247452 0.705109
vt 0.811847 0.870214
vt 0.837874 0.744853
vt 0.802796 0.870221
vt 0.251986 0.707784
vt 0.811814 0.865264
vt 0.842388 0.742142
vt 0.802763 0.865271
vt 0.257061 0.709194
vt 0.811803 0.860017
vt 0.847450 0.740696
vt 0.802752 0.860023
vt 0.811814 0.854831
vt 0.262328 0.709244
vt 0.852714 0.740612
vt 0.802763 0.854837
vt 0.811847 0.850061
vt 0.267427 0.707929
vt 0.857820 0.741897
vt 0.802796 0.850068
vt 0.272009 0.705340
vt 0.254696 0.727678
vt 0.811899 0.846035
vt 0.862418 0.744462
vt 0.245646 0.727620
vt 0.802848 0.846042
vt 0.275760 0.701654
vt 0.254670 0.723399
vt 0.866194 0.748133
vt 0.245620 0.723342
vt 0.278425 0.697123
vt 0.254669 0.718470
vt 0.868889 0.752658
vt 0.245619 0.718413
vt 0.279929 0.691523
vt 0.240699 0.727678
vt 0.254696 0.712682
vt 0.870429 0.758263
vt 0.240699 0.736728
vt 0.245646 0.712625
vt 0.967429 0.718531
vt 0.238566 0.686040
vt 0.968475 0.718363
vt 0.236617 0.685949
vt 0.969369 0.718216
vt 0.237513 0.685975
vt 0.829128 0.764027
vt 0.978616 0.968912
vt 0.828071 0.764115
vt 0.976700 0.969183
vt 0.827162 0.764190
vt 0.977576 0.969061
vt 0.974057 0.937310
vt 0.833687 0.795416
vt 0.973019 0.937479
vt 0.972151 0.937656
vt 0.831752 0.795757
vt 0.832649 0.795599
vt 0.242955 0.654698
vt 0.962456 0.686995
vt 0.241915 0.654540
vt 0.241030 0.654436
vt 0.964408 0.686751
vt 0.963506 0.686845
vt 0.982014 0.736127
vt 0.966974 0.085990
vt 0.872262 0.991223
vt 0.969742 0.083258
vt 0.877449 0.280346
vt 0.972498 0.085879
vt 0.249451 0.727678
vt 0.980952 0.736137
vt 0.968033 0.085764
vt 0.980061 0.736155
vt 0.870316 0.991339
vt 0.968931 0.085166
vt 0.871227 0.991315
vt 0.969531 0.084286
vt 0.281789 0.455693
vt 0.976156 0.083125
vt 0.970165 0.483740
vt 0.978923 0.085767
vt 0.249449 0.728584
vt 0.973398 0.085862
vt 0.280773 0.455559
vt 0.976366 0.084149
vt 0.279926 0.455422
vt 0.972151 0.483704
vt 0.976966 0.085011
vt 0.971235 0.483713
vt 0.977864 0.085579
vt 0.968432 0.724793
vt 0.238495 0.691846
vt 0.969471 0.724585
vt 0.236541 0.692134
vt 0.970346 0.724323
vt 0.237439 0.691986
vt 0.829016 0.758207
vt 0.979535 0.975187
vt 0.827955 0.758089
vt 0.977597 0.975302
vt 0.827042 0.757991
vt 0.978489 0.975296
vt 0.969412 0.730718
vt 0.239889 0.697290
vt 0.970442 0.730458
vt 0.238063 0.698074
vt 0.971292 0.730050
vt 0.238902 0.697698
vt 0.830371 0.752741
vt 0.980435 0.981124
vt 0.829377 0.752353
vt 0.978468 0.981041
vt 0.828521 0.752026
vt 0.979381 0.981182
vt 0.513340 0.883759
vt 0.970301 0.735901
vt 0.242651 0.702188
vt 0.512289 0.883617
vt 0.971323 0.735597
vt 0.511402 0.883211
vt 0.241076 0.703418
vt 0.972151 0.735060
vt 0.241800 0.702838
vt 0.833097 0.747813
vt 0.523484 0.883757
vt 0.981254 0.986319
vt 0.832237 0.747183
vt 0.525440 0.883207
vt 0.979261 0.986062
vt 0.831495 0.746649
vt 0.524540 0.883614
vt 0.980194 0.986331
vt 0.513276 0.878551
vt 0.246591 0.706204
vt 0.512226 0.878455
vt 0.245375 0.707800
vt 0.511341 0.878178
vt 0.245934 0.707052
vt 0.837006 0.743761
vt 0.523421 0.878550
vt 0.836339 0.742931
vt 0.525379 0.878173
vt 0.835761 0.742228
vt 0.524477 0.878452
vt 0.513236 0.872576
vt 0.251440 0.709064
vt 0.512186 0.872531
vt 0.250666 0.710921
vt 0.511302 0.872402
vt 0.251023 0.710053
vt 0.841833 0.740863
vt 0.523382 0.872575
vt 0.841404 0.739889
vt 0.525341 0.872398
vt 0.841027 0.739065
vt 0.524438 0.872528
vt 0.256866 0.710572
vt 0.513222 0.866242
vt 0.256716 0.711636
vt 0.256586 0.712567
vt 0.511289 0.866280
vt 0.512172 0.866252
vt 0.523369 0.866240
vt 0.847246 0.739316
vt 0.524425 0.866249
vt 0.525328 0.866275
vt 0.846933 0.737377
vt 0.847083 0.738266
vt 0.513234 0.859982
vt 0.262498 0.710625
vt 0.512185 0.860046
vt 0.262732 0.712625
vt 0.511302 0.860229
vt 0.262626 0.711691
vt 0.852874 0.739226
vt 0.523382 0.859980
vt 0.852990 0.738172
vt 0.525341 0.860225
vt 0.853075 0.737280
vt 0.524439 0.860043
vt 0.513274 0.854225
vt 0.267950 0.709219
vt 0.512224 0.854339
vt 0.268681 0.711091
vt 0.511340 0.854664
vt 0.268347 0.710216
vt 0.858334 0.740600
vt 0.523422 0.854223
vt 0.858719 0.739613
vt 0.525379 0.854660
vt 0.859032 0.738779
vt 0.524478 0.854336
vt 0.263661 0.730158
vt 0.513336 0.849365
vt 0.272850 0.706451
vt 0.262612 0.730007
vt 0.512286 0.849521
vt 0.261730 0.729589
vt 0.274027 0.708070
vt 0.511400 0.849967
vt 0.273488 0.707311
vt 0.863251 0.743343
vt 0.281209 0.730133
vt 0.523485 0.849363
vt 0.863878 0.742492
vt 0.283168 0.729589
vt 0.525440 0.849962
vt 0.864397 0.741772
vt 0.282265 0.729995
vt 0.524540 0.849518
vt 0.263630 0.724993
vt 0.276861 0.702509
vt 0.262581 0.724887
vt 0.278404 0.703769
vt 0.261700 0.724597
vt 0.277697 0.703175
vt 0.867288 0.747268
vt 0.281178 0.724968
vt 0.868115 0.746611
vt 0.283138 0.724597
vt 0.868802 0.746055
vt 0.282234 0.724875
vt 0.263630 0.719044
vt 0.279710 0.697664
vt 0.262581 0.718989
vt 0.281512 0.698483
vt 0.261700 0.718846
vt 0.280687 0.698091
vt 0.870170 0.752107
vt 0.281178 0.719018
vt 0.871139 0.751688
vt 0.283138 0.718846
vt 0.871947 0.751334
vt 0.282234 0.718977
vt 0.694945 0.832547
vt 0.263661 0.712716
vt 0.239285 0.727679
vt 0.697662 0.829807
vt 0.281298 0.691898
vt 0.236543 0.730432
vt 0.694943 0.827046
vt 0.697694 0.829797
vt 0.695151 0.831495
vt 0.262612 0.712689
vt 0.695740 0.830605
vt 0.283168 0.692470
vt 0.261730 0.712625
vt 0.696622 0.830012
vt 0.282311 0.692192
vt 0.239286 0.736730
vt 0.697664 0.820758
vt 0.871793 0.757877
vt 0.694963 0.817998
vt 0.281208 0.712691
vt 0.697695 0.820749
vt 0.236541 0.733982
vt 0.694942 0.823498
vt 0.696626 0.820545
vt 0.872798 0.757592
vt 0.695747 0.819945
vt 0.283168 0.712625
vt 0.873635 0.757353
vt 0.695163 0.819051
vt 0.282265 0.712677
vt 0.965543 0.718830
vt 0.023128 0.281461
vt 0.963895 0.719110
vt 0.023127 0.284599
vt 0.962516 0.719381
vt 0.023128 0.283148
vt 0.267981 0.761062
vt 0.980512 0.968637
vt 0.985221 0.966935
vt 0.269458 0.760240
vt 0.983910 0.967660
vt 0.270706 0.759497
vt 0.982257 0.968258
vt 0.055101 0.281463
vt 0.960577 0.687293
vt 0.055101 0.283150
vt 0.957547 0.687844
vt 0.055100 0.284600
vt 0.958927 0.687573
vt 0.975947 0.937034
vt 0.269169 0.791093
vt 0.977718 0.936792
vt 0.979445 0.936589
vt 0.270706 0.790973
vt 0.980864 0.936454
vt 0.970165 0.483740
vt 0.978923 0.085767
vt 0.982572 0.081411
vt 0.256215 0.271672
vt 0.255653 0.280300
vt 0.982563 0.090008
vt 0.980318 0.085418
vt 0.968770 0.483783
vt 0.981501 0.084468
vt 0.967598 0.483813
vt 0.255887 0.274779
vt 0.982293 0.083061
vt 0.256074 0.273338
vt 0.265998 0.991332
vt 0.962305 0.082012
vt 0.982014 0.736127
vt 0.966974 0.085990
vt 0.963320 0.090305
vt 0.962974 0.083556
vt 0.267538 0.991340
vt 0.986112 0.736279
vt 0.964096 0.084855
vt 0.984945 0.736197
vt 0.965500 0.085710
vt 0.983506 0.736142
vt 0.966541 0.725093
vt 0.017959 0.280803
vt 0.964881 0.725286
vt 0.963464 0.725312
vt 0.017153 0.283838
vt 0.017523 0.282434
vt 0.266608 0.754017
vt 0.981435 0.974911
vt 0.268212 0.753497
vt 0.984480 0.974199
vt 0.269568 0.753009
vt 0.983087 0.974601
vt 0.967517 0.731018
vt 0.013139 0.278829
vt 0.965844 0.731130
vt 0.011581 0.281556
vt 0.964390 0.730924
vt 0.012296 0.280293
vt 0.264453 0.749288
vt 0.982338 0.980848
vt 0.265875 0.748369
vt 0.985334 0.979823
vt 0.267076 0.747543
vt 0.983977 0.980456
vt 0.968403 0.736202
vt 0.515263 0.883757
vt 0.008996 0.275674
vt 0.966719 0.736243
vt 0.516941 0.883531
vt 0.965230 0.735833
vt 0.006792 0.277908
vt 0.518371 0.882889
vt 0.007803 0.276872
vt 0.261144 0.745278
vt 0.983159 0.986042
vt 0.521558 0.883759
vt 0.262285 0.744021
vt 0.986112 0.984742
vt 0.518482 0.882895
vt 0.263248 0.742908
vt 0.984787 0.985579
vt 0.519889 0.883535
vt 0.515201 0.878550
vt 0.005813 0.271555
vt 0.516879 0.878395
vt 0.518311 0.877958
vt 0.003113 0.273144
vt 0.004352 0.272403
vt 0.256906 0.742263
vt 0.521494 0.878551
vt 0.257688 0.740751
vt 0.518422 0.877964
vt 0.258346 0.739423
vt 0.519826 0.878399
vt 0.515162 0.872575
vt 0.003807 0.266752
vt 0.516841 0.872502
vt 0.000796 0.267589
vt 0.518274 0.872300
vt 0.002178 0.267194
vt 0.252029 0.740447
vt 0.521454 0.872576
vt 0.252397 0.738783
vt 0.518384 0.872306
vt 0.252706 0.737325
vt 0.519787 0.872506
vt 0.515149 0.866240
vt 0.003116 0.261595
vt 0.516827 0.866255
vt 0.000000 0.261624
vt 0.518261 0.866302
vt 0.001430 0.261599
vt 0.246847 0.739955
vt 0.521440 0.866242
vt 0.246776 0.738251
vt 0.246712 0.736759
vt 0.518371 0.866308
vt 0.519773 0.866259
vt 0.515163 0.859980
vt 0.003787 0.256435
vt 0.516841 0.860082
vt 0.518274 0.860374
vt 0.000779 0.255657
vt 0.002159 0.256003
vt 0.241715 0.740820
vt 0.521452 0.859982
vt 0.241209 0.739191
vt 0.518383 0.860380
vt 0.240776 0.737763
vt 0.519786 0.860086
vt 0.515203 0.854223
vt 0.005774 0.251627
vt 0.516880 0.854404
vt 0.003079 0.250096
vt 0.518311 0.854922
vt 0.004316 0.250787
vt 0.236983 0.742983
vt 0.521492 0.854225
vt 0.236076 0.741539
vt 0.518421 0.854929
vt 0.235304 0.740268
vt 0.519825 0.854408
vt 0.515266 0.849363
vt 0.265591 0.730171
vt 0.008940 0.247498
vt 0.516942 0.849611
vt 0.267269 0.729953
vt 0.518371 0.850320
vt 0.268703 0.729311
vt 0.006743 0.245322
vt 0.007751 0.246310
vt 0.232975 0.746297
vt 0.521555 0.849365
vt 0.279278 0.730120
vt 0.231729 0.745134
vt 0.518480 0.850326
vt 0.276211 0.729220
vt 0.230669 0.744102
vt 0.519887 0.849615
vt 0.277612 0.729880
vt 0.265561 0.725006
vt 0.013068 0.244333
vt 0.267239 0.724860
vt 0.268674 0.724421
vt 0.011521 0.241662
vt 0.012231 0.242876
vt 0.229967 0.750532
vt 0.279247 0.724955
vt 0.228466 0.749731
vt 0.276182 0.724330
vt 0.227190 0.749004
vt 0.277582 0.724787
vt 0.265561 0.719056
vt 0.017877 0.242347
vt 0.267239 0.718992
vt 0.017084 0.239365
vt 0.268674 0.718788
vt 0.017448 0.240722
vt 0.228180 0.755400
vt 0.279247 0.719005
vt 0.226525 0.755013
vt 0.276182 0.718697
vt 0.225115 0.754637
vt 0.277581 0.718920
vt 0.699369 0.838846
vt 0.023035 0.241677
vt 0.694945 0.834477
vt 0.265591 0.712729
vt 0.697677 0.838513
vt 0.023045 0.239995
vt 0.696241 0.837566
vt 0.023054 0.238590
vt 0.268703 0.712798
vt 0.695282 0.836148
vt 0.267269 0.712752
vt 0.694979 0.816067
vt 0.279278 0.712679
vt 0.699434 0.811700
vt 0.227760 0.760565
vt 0.695332 0.814396
vt 0.277612 0.712681
vt 0.696304 0.812979
vt 0.276212 0.712709
vt 0.224624 0.760614
vt 0.697745 0.812033
vt 0.226070 0.760617
vt 0.493012 0.680959
vt 0.468792 0.685396
vt 0.444581 0.689828
vt 0.420382 0.694253
vt 0.396196 0.698670
vt 0.372020 0.703083
vt 0.347845 0.707494
vt 0.200631 0.533278
vt 0.176658 0.529858
vt 0.152652 0.526450
vt 0.128599 0.522021
vt 0.104494 0.517122
vt 0.080346 0.510752
vt 0.056167 0.505407
vt 0.492935 0.596809
vt 0.468686 0.596825
vt 0.444449 0.596833
vt 0.420233 0.596830
vt 0.396040 0.596814
vt 0.371871 0.596785
vt 0.347718 0.596746
vt 0.492941 0.617854
vt 0.468694 0.618977
vt 0.444460 0.620094
vt 0.420245 0.621200
vt 0.396053 0.622292
vt 0.371884 0.623373
vt 0.347730 0.624444
vt 0.492959 0.638892
vt 0.468718 0.641122
vt 0.444490 0.643345
vt 0.420279 0.645557
vt 0.396090 0.647758
vt 0.371920 0.649948
vt 0.347763 0.652131
vt 0.492984 0.659926
vt 0.468753 0.663260
vt 0.444533 0.666588
vt 0.420328 0.669906
vt 0.396141 0.673215
vt 0.371969 0.676516
vt 0.347806 0.679812
vt 0.349077 0.733859
vt 0.080518 0.110485
vt 0.105935 0.110935
vt 0.374479 0.728664
vt 0.131352 0.111498
vt 0.399877 0.723470
vt 0.156768 0.111929
vt 0.425279 0.718275
vt 0.182185 0.112097
vt 0.450690 0.713075
vt 0.207602 0.111999
vt 0.476109 0.707870
vt 0.501532 0.702663
vt 0.233019 0.111764
vt 0.195835 0.538160
vt 0.281945 0.927853
vt 0.172498 0.534831
vt 0.279559 0.904146
vt 0.149126 0.531513
vt 0.277827 0.880472
vt 0.125706 0.527176
vt 0.826276 0.814069
vt 0.277007 0.856842
vt 0.102235 0.524928
vt 0.823064 0.837546
vt 0.078721 0.521658
vt 0.820853 0.861232
vt 0.055178 0.510835
vt 0.279589 0.786199
vt 0.826002 0.886619
vt 0.043057 0.764495
vt 0.039872 0.786714
vt 0.036699 0.809081
vt 0.032507 0.831497
vt 0.027843 0.853963
vt 0.021708 0.876470
vt 0.016596 0.899004
vt 0.013574 0.898736
vt 0.018741 0.875816
vt 0.024931 0.852923
vt 0.029649 0.830072
vt 0.033897 0.807272
vt 0.037125 0.784520
vt 0.040366 0.761875
vt 0.273413 0.785866
vt 0.011035 0.898623
vt 0.271909 0.809084
vt 0.016248 0.875375
vt 0.270889 0.832325
vt 0.022484 0.852155
vt 0.270706 0.855607
vt 0.027250 0.828978
vt 0.271472 0.878936
vt 0.031544 0.805852
vt 0.273159 0.902310
vt 0.034819 0.782774
vt 0.275519 0.925696
vt 0.038106 0.759754
vt 0.276221 0.786095
vt 0.274738 0.809536
vt 0.273743 0.832998
vt 0.273594 0.856503
vt 0.274398 0.880054
vt 0.276118 0.903651
vt 0.278499 0.927280
vt 0.279379 0.786197
vt 0.826006 0.886619
vt 0.277908 0.809716
vt 0.826279 0.862498
vt 0.276929 0.833256
vt 0.825560 0.838128
vt 0.826279 0.814069
vt 0.276796 0.856840
vt 0.277615 0.880469
vt 0.279347 0.904144
vt 0.281733 0.927850
vt 0.038372 0.898726
vt 0.040511 0.876218
vt 0.042662 0.853742
vt 0.044827 0.831312
vt 0.047011 0.808936
vt 0.049211 0.786657
vt 0.051424 0.764567
vt 0.072783 0.764876
vt 0.071626 0.786822
vt 0.070482 0.808850
vt 0.069357 0.831206
vt 0.068253 0.853633
vt 0.067166 0.876114
vt 0.066092 0.898631
vt 0.094154 0.765018
vt 0.094057 0.786924
vt 0.093974 0.808850
vt 0.093908 0.831166
vt 0.093866 0.853593
vt 0.093843 0.876076
vt 0.093832 0.898597
vt 0.493001 0.672628
vt 0.468777 0.676628
vt 0.444562 0.680623
vt 0.420361 0.684609
vt 0.396175 0.688588
vt 0.372000 0.692559
vt 0.347831 0.696529
vt 0.495854 0.688192
vt 0.471233 0.692886
vt 0.446619 0.697576
vt 0.422016 0.702259
vt 0.397425 0.706936
vt 0.372841 0.711609
vt 0.348259 0.716281
vt 0.498694 0.695427
vt 0.473671 0.700378
vt 0.448655 0.705325
vt 0.423648 0.710266
vt 0.398652 0.715203
vt 0.373661 0.720135
vt 0.348669 0.725069
vt 0.055101 0.197643
vt 0.699548 0.749282
vt 0.055094 0.203267
vt 0.031978 0.459590
vt 0.049278 0.203434
vt 0.055101 0.199856
vt 0.031901 0.455422
vt 0.055099 0.201702
vt 0.055097 0.202900
vt 0.031962 0.457326
vt 0.977065 0.008129
vt 0.233423 0.501202
vt 0.982608 0.003660
vt 0.258436 0.193774
vt 0.258436 0.205423
vt 0.982608 0.015302
vt 0.979186 0.008205
vt 0.233927 0.499089
vt 0.980984 0.007382
vt 0.234306 0.497313
vt 0.258050 0.197565
vt 0.982186 0.005786
vt 0.258335 0.195919
vt 0.208347 0.496031
vt 0.233019 0.195450
vt 0.208771 0.493879
vt 0.209082 0.492070
vt 0.232690 0.199333
vt 0.232933 0.197618
vt 0.183257 0.490838
vt 0.207602 0.197005
vt 0.183603 0.488656
vt 0.183849 0.486823
vt 0.207327 0.200971
vt 0.207531 0.199195
vt 0.158134 0.485632
vt 0.182185 0.198152
vt 0.158407 0.483429
vt 0.158590 0.481576
vt 0.181963 0.202189
vt 0.182127 0.200360
vt 0.132968 0.480423
vt 0.156768 0.198733
vt 0.133173 0.478203
vt 0.133298 0.476337
vt 0.156596 0.202827
vt 0.156724 0.200956
vt 0.107759 0.475216
vt 0.131352 0.198751
vt 0.107900 0.472982
vt 0.107971 0.471105
vt 0.131226 0.202884
vt 0.131319 0.200983
vt 0.082516 0.470011
vt 0.105935 0.198365
vt 0.082597 0.467766
vt 0.082618 0.465879
vt 0.105853 0.202523
vt 0.105913 0.200604
vt 0.080518 0.197869
vt 0.057255 0.464807
vt 0.080507 0.200110
vt 0.057256 0.460654
vt 0.080477 0.202035
vt 0.057282 0.462551
vt 0.187887 0.786657
vt 0.024330 0.482115
vt 0.031888 0.474566
vt 0.714509 0.747779
vt 0.037667 0.486925
vt 0.031783 0.495023
vt 0.027214 0.481543
vt 0.188030 0.789492
vt 0.029663 0.479907
vt 0.188219 0.791812
vt 0.719907 0.747546
vt 0.031305 0.477457
vt 0.717414 0.747638
vt 0.982581 0.072985
vt 0.256767 0.263216
vt 0.975737 0.062170
vt 0.893178 0.737861
vt 0.257662 0.248130
vt 0.982595 0.057949
vt 0.982062 0.069856
vt 0.256848 0.260097
vt 0.980579 0.066702
vt 0.256714 0.256992
vt 0.978358 0.064003
vt 0.256393 0.254374
vt 0.895850 0.738001
vt 0.047712 0.271638
vt 0.893087 0.943147
vt 0.700435 0.807932
vt 0.050539 0.268491
vt 0.694942 0.811700
vt 0.052934 0.265544
vt 0.054533 0.263244
vt 0.895850 0.944332
vt 0.697515 0.809308
vt 0.247404 0.784569
vt 0.715472 0.802102
vt 0.878351 0.939958
vt 0.244899 0.787470
vt 0.719907 0.802511
vt 0.873635 0.941157
vt 0.243165 0.789833
vt 0.718075 0.801705
vt 0.875705 0.939957
vt 0.961504 0.055327
vt 0.878673 0.737369
vt 0.243352 0.991761
vt 0.956560 0.059338
vt 0.954726 0.059570
vt 0.952901 0.044790
vt 0.959047 0.054633
vt 0.876176 0.737290
vt 0.957245 0.055152
vt 0.874354 0.737280
vt 0.239159 0.992071
vt 0.956372 0.056804
vt 0.240818 0.991880
vt 0.055094 0.203267
vt 0.699548 0.749282
vt 0.049278 0.203434
vt 0.054654 0.205125
vt 0.697268 0.751197
vt 0.695370 0.751953
vt 0.053394 0.205809
vt 0.051506 0.205215
vt 0.939055 0.237410
vt 0.938904 0.213362
vt 0.938802 0.186498
vt 0.938729 0.159621
vt 0.938677 0.132779
vt 0.938634 0.106030
vt 0.938596 0.079398
vt 0.938559 0.052862
vt 0.938497 0.030591
vt 0.922512 0.246869
vt 0.922318 0.219213
vt 0.922143 0.191613
vt 0.921987 0.164065
vt 0.921868 0.136623
vt 0.921793 0.109304
vt 0.921751 0.082079
vt 0.921720 0.054888
vt 0.921996 0.031460
vt 0.902178 0.251532
vt 0.902020 0.223409
vt 0.901879 0.195333
vt 0.901754 0.167305
vt 0.901671 0.139393
vt 0.901639 0.111629
vt 0.901647 0.083976
vt 0.901670 0.056367
vt 0.901830 0.032509
vt 0.881847 0.253286
vt 0.881730 0.224987
vt 0.881628 0.196732
vt 0.881543 0.168523
vt 0.881498 0.140430
vt 0.881511 0.112499
vt 0.881565 0.084685
vt 0.881635 0.056918
vt 0.881689 0.032900
vt 0.830687 0.474189
vt 0.774761 0.030360
vt 0.827557 0.474163
vt 0.774734 0.028815
vt 0.828971 0.474182
vt 0.830734 0.476434
vt 0.781168 0.035032
vt 0.291680 0.449768
vt 0.829060 0.477997
vt 0.288878 0.455422
vt 0.827680 0.479309
vt 0.779920 0.031065
vt 0.290350 0.453740
vt 0.780844 0.033047
vt 0.291334 0.451755
vt 0.753905 0.023048
vt 0.830213 0.453484
vt 0.753896 0.021222
vt 0.827083 0.453460
vt 0.753869 0.019710
vt 0.828498 0.453478
vt 0.830376 0.461488
vt 0.761974 0.026499
vt 0.828663 0.461483
vt 0.827251 0.461466
vt 0.761938 0.023220
vt 0.761964 0.024686
vt 0.680492 0.003390
vt 0.829157 0.380421
vt 0.680483 0.001565
vt 0.826030 0.380393
vt 0.680457 0.000000
vt 0.827443 0.380413
vt 0.829269 0.400760
vt 0.700862 0.005293
vt 0.827555 0.400752
vt 0.826142 0.400732
vt 0.700827 0.001898
vt 0.700853 0.003465
vt 0.829557 0.421042
vt 0.721232 0.010405
vt 0.827844 0.421033
vt 0.826431 0.421013
vt 0.721196 0.006994
vt 0.721223 0.008568
vt 0.829944 0.441282
vt 0.741602 0.017783
vt 0.828231 0.441274
vt 0.826818 0.441253
vt 0.741567 0.014356
vt 0.741593 0.015938
vt 0.854949 0.476157
vt 0.258433 0.449780
vt 0.816238 0.481740
vt 0.261213 0.454896
vt 0.856713 0.477839
vt 0.259752 0.453493
vt 0.812505 0.480463
vt 0.858247 0.479251
vt 0.258775 0.451697
vt 0.814316 0.481408
vt 0.812008 0.462535
vt 0.291547 0.455422
vt 0.854986 0.461455
vt 0.810101 0.462539
vt 0.808365 0.462554
vt 0.858265 0.461425
vt 0.856739 0.461446
vt 0.799037 0.442151
vt 0.291547 0.455422
vt 0.854253 0.441306
vt 0.797171 0.442155
vt 0.795557 0.442170
vt 0.857529 0.441283
vt 0.856004 0.441301
vt 0.791646 0.421770
vt 0.291547 0.455422
vt 0.853881 0.421066
vt 0.789792 0.421774
vt 0.788188 0.421789
vt 0.857157 0.421043
vt 0.855632 0.421061
vt 0.786521 0.401392
vt 0.291547 0.455422
vt 0.853580 0.400784
vt 0.784675 0.401396
vt 0.783079 0.401411
vt 0.856856 0.400762
vt 0.855332 0.400779
vt 0.853458 0.380445
vt 0.784603 0.381016
vt 0.291547 0.455422
vt 0.855209 0.380440
vt 0.781168 0.381035
vt 0.856734 0.380423
vt 0.782761 0.381020
vt 0.854712 0.453474
vt 0.806893 0.454461
vt 0.291547 0.455422
vt 0.856467 0.453467
vt 0.803299 0.454479
vt 0.857996 0.453447
vt 0.804994 0.454465
vt 0.854932 0.474194
vt 0.814814 0.475339
vt 0.291532 0.461796
vt 0.856689 0.474188
vt 0.811312 0.475358
vt 0.858218 0.474169
vt 0.812952 0.475343
vt 0.830531 0.467838
vt 0.828816 0.467833
vt 0.827402 0.467815
vt 0.768336 0.026019
vt 0.768363 0.027527
vt 0.813404 0.468937
vt 0.291547 0.455422
vt 0.854941 0.467825
vt 0.811522 0.468941
vt 0.809835 0.468956
vt 0.858226 0.467797
vt 0.856697 0.467817
vt 0.991658 0.263664
vt 0.023128 0.000000
vt 0.713043 0.870807
vt 0.802752 0.747580
vt 0.258436 0.001330
vt 0.777291 0.747546
vt 0.802752 0.780809
vt 0.291680 0.001311
vt 0.781168 0.483571
vt 0.612980 0.857904
vt 0.761974 0.483583
vt 0.821950 0.780799
vt 0.676845 0.857904
vt 0.802754 0.814080
vt 0.762786 0.747609
vt 0.644953 0.857982
vt 0.802752 0.846035
vt 0.588183 0.747541
vt 0.790252 0.747546
vt 0.579819 0.857877
vt 0.821950 0.747570
vt 0.055101 0.000001
vt 0.713043 0.838849
vt 0.535403 0.739063
vt 0.991659 0.153385
vt 0.284777 0.872574
vt 0.578449 0.871698
vt 0.982608 0.153392
vt 0.821950 0.756595
vt 0.578449 0.718151
vt 0.982608 0.000007
vt 0.821950 0.765645
vt 0.284777 0.719101
vt 0.991659 0.000000
vt 0.578449 0.778671
vt 0.982608 0.060463
vt 0.991659 0.060409
vt 0.284777 0.779545
vt 0.284777 0.982879
vt 0.991659 0.263626
vt 0.811802 0.843003
vt 0.578449 0.982056
vt 0.982608 0.263633
vt 0.820853 0.842998
vt 0.579265 0.898119
vt 0.768353 0.039093
vt 0.998683 0.493574
vt 0.774751 0.041947
vt 0.998553 0.824958
vt 0.774751 0.373233
vt 0.579145 0.564036
vt 0.768353 0.373237
vt 0.283168 0.725579
vt 0.998686 0.483805
vt 0.774751 0.032181
vt 0.579269 0.907874
vt 0.283168 0.719229
vt 0.768353 0.029337
vt 0.529834 0.691035
vt 0.790091 0.856528
vt 0.894649 0.352905
vt 0.529877 0.684612
vt 0.901533 0.459814
vt 0.783692 0.855156
vt 0.909511 0.462281
vt 0.544511 0.849453
vt 0.320828 0.730007
vt 0.553559 0.849453
vt 0.903534 0.352905
vt 0.320828 0.720957
vt 0.581514 0.637305
vt 0.285423 0.872574
vt 0.580600 0.637298
vt 0.287109 0.872553
vt 0.579819 0.637275
vt 0.286335 0.872569
vt 0.577805 0.871698
vt 0.998327 0.153419
vt 0.576883 0.871699
vt 0.576075 0.871700
vt 1.000000 0.153385
vt 0.999236 0.153410
vt 0.822596 0.756595
vt 0.577805 0.718150
vt 0.824977 0.754215
vt 0.998327 0.000033
vt 0.825549 0.756598
vt 0.824977 0.758978
vt 0.823507 0.756414
vt 0.576883 0.718151
vt 0.824280 0.755898
vt 0.576075 0.718152
vt 1.000000 0.000000
vt 0.824796 0.755126
vt 0.999236 0.000024
vt 0.824977 0.768028
vt 0.581514 0.483920
vt 0.822596 0.765645
vt 0.285423 0.719101
vt 0.824977 0.763265
vt 0.825549 0.765648
vt 0.824796 0.767117
vt 0.580600 0.483912
vt 0.824280 0.766344
vt 0.579819 0.483889
vt 0.287109 0.719079
vt 0.823507 0.765827
vt 0.286335 0.719095
vt 0.998327 0.060489
vt 0.577805 0.778670
vt 0.999236 0.060480
vt 0.576075 0.778672
vt 1.000000 0.060456
vt 0.576883 0.778671
vt 0.285423 0.779545
vt 0.581514 0.544290
vt 0.286335 0.779536
vt 0.579819 0.544287
vt 0.287109 0.779511
vt 0.580600 0.544298
vt 0.998327 0.263659
vt 0.706374 0.870810
vt 0.703992 0.868431
vt 0.577805 0.982056
vt 0.703992 0.868431
vt 0.705463 0.870630
vt 0.999236 0.263650
vt 0.704690 0.870114
vt 0.576075 0.982058
vt 1.000000 0.263626
vt 0.704174 0.869342
vt 0.576883 0.982056
vt 0.811802 0.843649
vt 0.285423 0.982879
vt 0.809421 0.846031
vt 0.581514 0.747546
vt 0.811802 0.843649
vt 0.811621 0.844560
vt 0.286335 0.982873
vt 0.811105 0.845333
vt 0.287109 0.982857
vt 0.579819 0.747515
vt 0.810332 0.845850
vt 0.580600 0.747538
vt 0.767819 0.038864
vt 0.579428 0.898119
vt 0.768029 0.038957
vt 0.768206 0.039034
vt 0.579819 0.898196
vt 0.579639 0.898139
vt 0.998845 0.493574
vt 0.775323 0.042212
vt 0.999053 0.493593
vt 0.999224 0.493647
vt 0.774927 0.042033
vt 0.775110 0.042116
vt 0.775323 0.373250
vt 0.998715 0.824959
vt 0.775110 0.373249
vt 0.999094 0.824959
vt 0.774927 0.373246
vt 0.998923 0.824959
vt 0.774803 0.373242
vt 0.579307 0.564036
vt 0.767819 0.373255
vt 0.768321 0.373246
vt 0.579519 0.564037
vt 0.579698 0.564041
vt 0.768206 0.373251
vt 0.768029 0.373254
vt 0.775321 0.031851
vt 0.283330 0.725582
vt 0.998849 0.483805
vt 0.775109 0.031983
vt 0.283700 0.725751
vt 0.999211 0.483704
vt 0.774927 0.032093
vt 0.283536 0.725627
vt 0.999053 0.483779
vt 0.283331 0.719231
vt 0.579431 0.907874
vt 0.767817 0.028514
vt 0.283536 0.719193
vt 0.579639 0.907939
vt 0.283700 0.719079
vt 0.768205 0.029104
vt 0.579806 0.908124
vt 0.768028 0.028835
vt 0.816104 0.780802
vt 0.767819 0.483580
vt 0.768372 0.483026
vt 0.579817 0.454284
vt 0.814998 0.780803
vt 0.768925 0.483579
vt 0.815551 0.780249
vt 0.768357 0.483565
vt 0.768030 0.483368
vt 0.768210 0.483188
vt 0.768330 0.483068
vt 0.579819 0.454243
vt 0.774770 0.483022
vt 0.999224 0.934763
vt 0.808598 0.780806
vt 0.775323 0.483575
vt 0.809151 0.780253
vt 0.774755 0.483561
vt 0.809705 0.780805
vt 0.774217 0.483575
vt 0.999214 0.934902
vt 0.774908 0.483160
vt 0.775046 0.483298
vt 0.775185 0.483436
vt 0.527876 0.691034
vt 0.892696 0.352955
vt 0.526989 0.691919
vt 0.771773 0.856593
vt 0.526194 0.690898
vt 0.527001 0.690169
vt 0.527539 0.691101
vt 0.892355 0.352949
vt 0.770968 0.856442
vt 0.527251 0.691293
vt 0.771154 0.856470
vt 0.527058 0.691580
vt 0.771437 0.856523
vt 0.527044 0.683726
vt 0.795607 0.854840
vt 0.527919 0.684611
vt 0.899576 0.459762
vt 0.527032 0.685475
vt 0.526240 0.684475
vt 0.527109 0.684064
vt 0.795946 0.854915
vt 0.527298 0.684351
vt 0.796235 0.854985
vt 0.527582 0.684543
vt 0.899239 0.459741
vt 0.796430 0.855039
vt 0.783691 0.748429
vt 0.815536 0.747546
vt 0.901528 0.353118
vt 0.816432 0.747573
vt 0.795770 0.747550
vt 0.815551 0.748455
vt 0.784573 0.747548
vt 0.814669 0.747574
vt 0.815760 0.747553
vt 0.901533 0.352905
vt 0.796430 0.748211
vt 0.815984 0.747560
vt 0.796210 0.747991
vt 0.816208 0.747566
vt 0.795990 0.747771
vt 0.808270 0.747577
vt 0.771773 0.747550
vt 0.790091 0.748427
vt 0.809136 0.747572
vt 0.894649 0.461026
vt 0.789210 0.747546
vt 0.810033 0.747577
vt 0.809151 0.748458
vt 0.808606 0.747577
vt 0.771436 0.747618
vt 0.808889 0.747576
vt 0.771150 0.747809
vt 0.809075 0.747574
vt 0.894644 0.461364
vt 0.770959 0.748095
vt 0.323667 0.731367
vt 0.543077 0.849384
vt 0.322309 0.730008
vt 0.908034 0.462243
vt 0.323667 0.728650
vt 0.324999 0.729745
vt 0.323564 0.730847
vt 0.543599 0.849386
vt 0.323269 0.730406
vt 0.544047 0.849393
vt 0.322829 0.730111
vt 0.544354 0.849404
vt 0.907523 0.462229
vt 0.322309 0.720957
vt 0.902053 0.352943
vt 0.323666 0.719600
vt 0.755095 0.857871
vt 0.325000 0.720705
vt 0.323667 0.722317
vt 0.322829 0.720854
vt 0.753863 0.857881
vt 0.901533 0.352952
vt 0.323269 0.720560
vt 0.754146 0.857872
vt 0.323563 0.720120
vt 0.754578 0.857869
vt 0.810444 0.814074
vt 0.755095 0.747546
vt 0.553501 0.740417
vt 0.811826 0.814150
vt 0.903534 0.461888
vt 0.552142 0.739059
vt 0.813161 0.814072
vt 0.811802 0.815431
vt 0.811802 0.815431
vt 0.810966 0.814079
vt 0.754576 0.747645
vt 0.811412 0.814096
vt 0.754135 0.747936
vt 0.811714 0.814121
vt 0.753841 0.748375
vt 0.903534 0.462403
vt 0.544451 0.740417
vt 0.909479 0.353245
vt 0.705351 0.838854
vt 0.543093 0.739059
vt 0.703992 0.840212
vt 0.544488 0.739092
vt 0.820853 0.815426
vt 0.544488 0.739092
vt 0.819494 0.814069
vt 0.545810 0.739059
vt 0.544112 0.740078
vt 0.909511 0.352905
vt 0.543772 0.739738
vt 0.543433 0.739399
vt 0.873981 0.456014
vt 0.298090 0.777635
vt 0.881791 0.447201
vt 0.888510 0.280346
vt 0.821950 0.777106
vt 0.291680 0.779059
vt 0.881791 0.280354
vt 0.245112 0.727890
vt 0.295553 0.944438
vt 0.298316 0.941707
vt 0.881118 0.283186
vt 0.888510 0.443144
vt 0.245171 0.731610
vt 0.291902 0.941810
vt 0.245110 0.728796
vt 0.294653 0.944454
vt 0.872486 0.368708
vt 0.385945 0.748862
vt 0.872608 0.389052
vt 0.365565 0.750771
vt 0.872908 0.409327
vt 0.345193 0.755872
vt 0.873280 0.429576
vt 0.324803 0.763234
vt 0.312500 0.771072
vt 0.873749 0.441731
vt 0.304478 0.776212
vt 0.874017 0.449655
vt 0.871388 0.378834
vt 0.385953 0.739059
vt 0.871430 0.399179
vt 0.365572 0.740976
vt 0.871567 0.419461
vt 0.345198 0.746101
vt 0.871826 0.439707
vt 0.324817 0.753493
vt 0.312500 0.761349
vt 0.872029 0.451882
vt 0.304468 0.766463
vt 0.872200 0.459820
vt 0.872357 0.466160
vt 0.298100 0.767859
vt 0.821950 0.786907
vt 0.872486 0.472546
vt 0.291687 0.769269
vt 0.963403 0.250063
vt 0.874722 0.449664
vt 0.963405 0.251587
vt 0.963410 0.252905
vt 0.877399 0.449677
vt 0.876143 0.449677
vt 0.943008 0.263088
vt 0.873985 0.429576
vt 0.943022 0.264600
vt 0.943044 0.265908
vt 0.876707 0.429548
vt 0.875418 0.429568
vt 0.922636 0.270505
vt 0.873613 0.409328
vt 0.922648 0.272002
vt 0.922667 0.273296
vt 0.876397 0.409307
vt 0.875062 0.409324
vt 0.902267 0.275643
vt 0.873313 0.389052
vt 0.902278 0.277132
vt 0.902296 0.278420
vt 0.876100 0.389030
vt 0.874762 0.389046
vt 0.873191 0.368709
vt 0.881899 0.277574
vt 0.874640 0.368705
vt 0.881922 0.280346
vt 0.875978 0.368691
vt 0.881907 0.279060
vt 0.874454 0.441732
vt 0.955323 0.255207
vt 0.875875 0.441727
vt 0.955349 0.258050
vt 0.877133 0.441710
vt 0.955332 0.256732
vt 0.966155 0.249457
vt 0.874686 0.456026
vt 0.881086 0.447185
vt 0.967553 0.250667
vt 0.877362 0.454982
vt 0.878475 0.446245
vt 0.968738 0.251718
vt 0.876106 0.455766
vt 0.879681 0.446925
vt 0.887806 0.280360
vt 0.979858 0.250340
vt 0.886395 0.280453
vt 0.977280 0.250966
vt 0.885166 0.280658
vt 0.978462 0.250665
vt 0.278305 0.730315
vt 0.880414 0.283184
vt 0.966974 0.085990
vt 0.877399 0.280557
vt 0.281022 0.733584
vt 0.972292 0.086083
vt 0.279714 0.730440
vt 0.879014 0.282989
vt 0.281022 0.730133
vt 0.877811 0.282437
vt 0.968861 0.087869
vt 0.968014 0.087000
vt 0.978923 0.085767
vt 0.245874 0.731575
vt 0.887804 0.443143
vt 0.973517 0.085976
vt 0.249451 0.728706
vt 0.977845 0.086821
vt 0.248430 0.732253
vt 0.976896 0.087727
vt 0.885346 0.443949
vt 0.247261 0.731716
vt 0.886439 0.443351
vt 0.825418 0.478998
vt 0.822655 0.777107
vt 0.825093 0.477601
vt 0.824793 0.476419
vt 0.825301 0.776865
vt 0.824068 0.777044
vt 0.291547 0.455422
vt 0.867034 0.378832
vt 0.870683 0.378834
vt 0.867946 0.378832
vt 0.868858 0.378833
vt 0.869770 0.378833
vt 0.870724 0.399178
vt 0.291547 0.455422
vt 0.867075 0.399173
vt 0.869812 0.399177
vt 0.868900 0.399175
vt 0.867988 0.399174
vt 0.870861 0.419460
vt 0.291547 0.455422
vt 0.867212 0.419458
vt 0.869949 0.419460
vt 0.869037 0.419459
vt 0.868124 0.419458
vt 0.871120 0.439706
vt 0.291547 0.455422
vt 0.867472 0.439703
vt 0.870208 0.439706
vt 0.869296 0.439705
vt 0.868384 0.439704
vt 0.291547 0.455422
vt 0.867674 0.451871
vt 0.871323 0.451880
vt 0.868586 0.451873
vt 0.869499 0.451875
vt 0.870411 0.451878
vt 0.871494 0.459826
vt 0.291547 0.455422
vt 0.867845 0.459852
vt 0.870582 0.459832
vt 0.869670 0.459839
vt 0.868758 0.459845
vt 0.871780 0.472555
vt 0.822655 0.786907
vt 0.291547 0.465431
vt 0.868182 0.476238
vt 0.815619 0.478990
vt 0.870388 0.472850
vt 0.824068 0.786845
vt 0.869215 0.473653
vt 0.815001 0.476412
vt 0.825301 0.786668
vt 0.868440 0.474843
vt 0.815298 0.477594
vt 0.871651 0.466171
vt 0.291547 0.455422
vt 0.868003 0.466227
vt 0.870739 0.466185
vt 0.869827 0.466199
vt 0.868915 0.466213
vt 0.579819 0.015361
vt 0.579819 0.044953
vt 0.579819 0.343886
vt 0.579819 0.373379
vt 0.314839 0.343705
vt 0.291532 0.608833
vt 0.560180 0.515282
vt 0.535386 0.849363
vt 0.599013 0.373367
vt 0.612980 0.857850
vt 0.291710 0.481377
vt 0.818701 0.637128
vt 0.599013 0.036363
vt 0.560180 0.535657
vt 0.619383 0.373353
vt 0.639753 0.373323
vt 0.560180 0.556031
vt 0.660123 0.373261
vt 0.560178 0.576406
vt 0.910941 0.948765
vt 0.867034 0.280346
vt 0.005486 0.692376
vt 0.005545 0.653675
vt 0.865963 0.319027
vt 0.005601 0.624843
vt 0.864931 0.347841
vt 0.291685 0.567833
vt 0.732257 0.636405
vt 0.291698 0.539012
vt 0.761071 0.636783
vt 0.789886 0.637113
vt 0.291709 0.510192
vt 0.660122 0.015151
vt 0.639751 0.020269
vt 0.619382 0.027651
vt 0.546655 0.015354
vt 0.781213 0.249876
vt 0.826030 0.280353
vt 0.546658 0.343859
vt 0.526952 0.496066
vt 0.559900 0.739059
vt 0.796430 0.748934
vt 0.502142 0.845252
vt 0.527081 0.515193
vt 0.526909 0.576411
vt 0.526919 0.556032
vt 0.526932 0.535650
vt 0.644953 0.857937
vt 0.323664 0.481396
vt 0.744874 0.857942
vt 0.907547 0.923363
vt 0.031626 0.685960
vt 0.323583 0.567883
vt 0.323610 0.539055
vt 0.323641 0.510223
vt 0.323667 0.454243
vt 0.346732 0.343712
vt 0.676921 0.747620
vt 0.517234 0.517011
vt 0.910941 0.737280
vt 0.770959 0.857516
vt 0.219153 0.651485
vt 0.841874 0.000482
vt 0.224624 0.636377
vt 0.861811 0.001101
vt 0.224541 0.616427
vt 0.517190 0.576852
vt 0.517201 0.556907
vt 0.517217 0.536959
vt 0.829711 0.714338
vt 0.000075 0.711281
vt 0.818701 0.544003
vt 0.761071 0.545417
vt 0.000000 0.653678
vt 0.732257 0.544504
vt 0.000051 0.624847
vt 0.236541 0.656345
vt 0.822130 0.000090
vt 0.219167 0.636353
vt 0.770198 0.842400
vt 0.219068 0.616402
vt 0.769508 0.822469
vt 0.151492 0.921247
vt 0.314839 0.250677
vt 0.291532 0.515904
vt 0.122651 0.921166
vt 0.732257 0.555811
vt 0.761071 0.556713
vt 0.807288 0.561787
vt 0.890007 0.714145
vt 0.824977 0.786907
vt 0.818701 0.483741
vt 0.314839 0.190157
vt 0.824977 0.814058
vt 0.291532 0.455448
vt 0.151506 0.939730
vt 0.865753 0.319027
vt 0.151520 0.942871
vt 0.151553 0.945648
vt 0.859741 0.319065
vt 0.862586 0.319037
vt 0.122671 0.939666
vt 0.864721 0.347841
vt 0.122685 0.942810
vt 0.122719 0.945589
vt 0.858666 0.347879
vt 0.861542 0.347851
vt 0.769987 0.842400
vt 0.134909 0.742386
vt 0.766754 0.842471
vt 0.134442 0.736883
vt 0.763767 0.842679
vt 0.134644 0.739377
vt 0.769296 0.822469
vt 0.114578 0.742699
vt 0.766052 0.822513
vt 0.114380 0.737126
vt 0.763041 0.822641
vt 0.114459 0.739668
vt 0.907337 0.923366
vt 0.175708 0.921548
vt 0.904214 0.923456
vt 0.181470 0.921880
vt 0.901493 0.923604
vt 0.178814 0.921666
vt 0.182126 0.939772
vt 0.910731 0.948768
vt 0.866824 0.280346
vt 0.185232 0.942921
vt 0.860745 0.282748
vt 0.187887 0.945702
vt 0.904648 0.946707
vt 0.863643 0.280970
vt 0.907549 0.948261
vt 0.142318 0.742273
vt 0.770748 0.857515
vt 0.910730 0.737283
vt 0.145009 0.739237
vt 0.764433 0.855531
vt 0.904611 0.739943
vt 0.147313 0.736759
vt 0.767494 0.856997
vt 0.907523 0.737994
vt 0.789886 0.589031
vt 0.761071 0.588076
vt 0.732257 0.587295
vt 0.807288 0.637136
vt 0.291710 0.492790
vt 0.607081 0.032912
vt 0.560180 0.523352
vt 0.607081 0.373361
vt 0.527022 0.523295
vt 0.323657 0.492812
vt 0.517228 0.524912
vt 0.825558 0.786908
vt 0.889961 0.714727
vt 0.314258 0.190205
vt 0.825558 0.814059
vt 0.826102 0.786912
vt 0.889766 0.715278
vt 0.826102 0.814063
vt 0.313710 0.190401
vt 0.744321 0.865987
vt 0.826571 0.786918
vt 0.889435 0.715760
vt 0.826571 0.814069
vt 0.744321 0.838841
vt 0.313230 0.190734
vt 0.743884 0.865976
vt 0.888990 0.716139
vt 0.743885 0.838831
vt 0.312854 0.191179
vt 0.743362 0.865969
vt 0.888463 0.716389
vt 0.743362 0.838824
vt 0.312605 0.191708
vt 0.742790 0.865966
vt 0.887888 0.716495
vt 0.742790 0.838821
vt 0.312502 0.192283
vt 0.742207 0.865967
vt 0.887306 0.716447
vt 0.742207 0.838822
vt 0.312551 0.192865
vt 0.741653 0.865972
vt 0.886757 0.716251
vt 0.741652 0.838827
vt 0.312749 0.193415
vt 0.741166 0.865981
vt 0.718527 0.838866
vt 0.886278 0.715918
vt 0.718527 0.811715
vt 0.741165 0.838835
vt 0.313083 0.193894
vt 0.718101 0.838858
vt 0.885902 0.715472
vt 0.718101 0.811708
vt 0.313529 0.194270
vt 0.717586 0.838853
vt 0.885655 0.714943
vt 0.717586 0.811703
vt 0.314057 0.194518
vt 0.717017 0.838851
vt 0.885554 0.714368
vt 0.719907 0.811667
vt 0.717017 0.811700
vt 0.314631 0.194620
vt 0.719914 0.838812
vt 0.523715 0.503047
vt 0.520476 0.510028
vt 0.825558 0.805009
vt 0.825558 0.795958
vt 0.826102 0.805012
vt 0.826102 0.795962
vt 0.744321 0.847890
vt 0.826571 0.805018
vt 0.744321 0.856938
vt 0.826571 0.795968
vt 0.743884 0.847879
vt 0.743884 0.856928
vt 0.743362 0.847872
vt 0.743362 0.856921
vt 0.742790 0.847869
vt 0.742790 0.856918
vt 0.742207 0.847870
vt 0.742207 0.856919
vt 0.741652 0.847875
vt 0.741652 0.856924
vt 0.741165 0.847884
vt 0.718527 0.820765
vt 0.741165 0.856932
vt 0.718527 0.829815
vt 0.718101 0.820758
vt 0.718101 0.829808
vt 0.717586 0.820753
vt 0.717586 0.829803
vt 0.717017 0.820751
vt 0.719914 0.829763
vt 0.717017 0.829801
vt 0.719914 0.820715
vt 0.914369 0.510081
vt 0.564808 0.718038
vt 0.914396 0.963013
vt 0.573762 0.719356
vt 0.918819 0.931817
vt 0.569136 0.750558
vt 0.918616 0.541395
vt 0.560180 0.749250
vt 0.957557 0.738975
vt 0.793946 0.082011
vt 0.575837 0.952266
vt 0.787560 0.081881
vt 0.957547 0.738265
vt 0.569384 0.952134
vt 0.914296 0.504532
vt 0.565608 0.712560
vt 0.914282 0.968547
vt 0.574562 0.713878
vt 0.915621 0.499435
vt 0.566302 0.707633
vt 0.915568 0.973643
vt 0.575256 0.708951
vt 0.918221 0.494855
vt 0.502238 0.877863
vt 0.566883 0.703315
vt 0.918135 0.978232
vt 0.511289 0.877857
vt 0.575837 0.704634
vt 0.921919 0.491107
vt 0.502186 0.873549
vt 0.921807 0.982001
vt 0.511237 0.873543
vt 0.926463 0.488447
vt 0.502153 0.868599
vt 0.926332 0.984691
vt 0.511204 0.868592
vt 0.931541 0.487057
vt 0.502142 0.863351
vt 0.931402 0.986119
vt 0.511193 0.863345
vt 0.502153 0.858165
vt 0.936806 0.487032
vt 0.936668 0.986187
vt 0.511204 0.858159
vt 0.502186 0.853396
vt 0.941897 0.488374
vt 0.941772 0.984889
vt 0.511237 0.853390
vt 0.946466 0.490991
vt 0.236569 0.727621
vt 0.502238 0.849370
vt 0.946363 0.982316
vt 0.245619 0.727678
vt 0.511289 0.849363
vt 0.950201 0.494704
vt 0.236542 0.723342
vt 0.950127 0.978643
vt 0.245593 0.723399
vt 0.952845 0.499259
vt 0.236541 0.718413
vt 0.952807 0.974121
vt 0.245591 0.718470
vt 0.954326 0.504879
vt 0.254696 0.736728
vt 0.236569 0.712625
vt 0.954327 0.968526
vt 0.254696 0.727678
vt 0.245619 0.712682
vt 0.982064 0.501449
vt 0.912959 0.510182
vt 0.983102 0.501613
vt 0.910991 0.510323
vt 0.983975 0.501755
vt 0.911901 0.510257
vt 0.912987 0.962901
vt 0.965025 0.753704
vt 0.911934 0.962832
vt 0.963078 0.753442
vt 0.911038 0.962804
vt 0.963975 0.753561
vt 0.960633 0.785329
vt 0.917433 0.931577
vt 0.959585 0.785167
vt 0.958695 0.784993
vt 0.915515 0.931302
vt 0.916399 0.931412
vt 0.917217 0.541621
vt 0.977108 0.532988
vt 0.916171 0.541790
vt 0.915272 0.541935
vt 0.979032 0.533223
vt 0.978151 0.533134
vt 0.969259 0.986343
vt 0.796699 0.086118
vt 0.956183 0.738820
vt 0.793946 0.083390
vt 0.791200 0.086015
vt 0.240717 0.731305
vt 0.968189 0.986339
vt 0.795645 0.085894
vt 0.967276 0.986324
vt 0.954255 0.738770
vt 0.794752 0.085297
vt 0.955152 0.738747
vt 0.794155 0.084418
vt 0.956168 0.738425
vt 0.787560 0.083267
vt 0.984543 0.736100
vt 0.784802 0.085912
vt 0.291532 0.884547
vt 0.240766 0.732211
vt 0.790303 0.086000
vt 0.955147 0.738570
vt 0.787350 0.084291
vt 0.954285 0.738747
vt 0.986502 0.736127
vt 0.786752 0.085154
vt 0.985606 0.736123
vt 0.785857 0.085723
vt 0.983035 0.495183
vt 0.912912 0.504361
vt 0.984067 0.495387
vt 0.910941 0.504122
vt 0.984921 0.495643
vt 0.911853 0.504231
vt 0.912896 0.968707
vt 0.965881 0.747420
vt 0.911839 0.968843
vt 0.963914 0.747315
vt 0.910941 0.968988
vt 0.964827 0.747318
vt 0.983925 0.489243
vt 0.914328 0.498910
vt 0.984948 0.489499
vt 0.912486 0.498175
vt 0.985780 0.489902
vt 0.913338 0.498511
vt 0.914271 0.974156
vt 0.966663 0.741466
vt 0.913283 0.974561
vt 0.964671 0.741559
vt 0.912442 0.974934
vt 0.965603 0.741415
vt 0.533430 0.883757
vt 0.984672 0.484038
vt 0.917109 0.494013
vt 0.534486 0.883614
vt 0.985689 0.484339
vt 0.535386 0.883207
vt 0.915520 0.492831
vt 0.986502 0.484871
vt 0.916256 0.493373
vt 0.917016 0.979063
vt 0.813950 0.880431
vt 0.967317 0.736248
vt 0.916163 0.979710
vt 0.812012 0.879883
vt 0.965303 0.736516
vt 0.915437 0.980288
vt 0.812899 0.880289
vt 0.966251 0.736242
vt 0.533367 0.878550
vt 0.921064 0.490005
vt 0.534424 0.878452
vt 0.919835 0.488458
vt 0.535325 0.878173
vt 0.920406 0.489167
vt 0.920942 0.983093
vt 0.813886 0.875223
vt 0.920283 0.983939
vt 0.811951 0.874850
vt 0.919721 0.984685
vt 0.812836 0.875127
vt 0.533328 0.872575
vt 0.925922 0.487161
vt 0.534385 0.872528
vt 0.925137 0.485355
vt 0.535287 0.872398
vt 0.925504 0.486183
vt 0.925781 0.985970
vt 0.813846 0.869248
vt 0.925361 0.986957
vt 0.811912 0.869074
vt 0.925001 0.987824
vt 0.812796 0.869203
vt 0.931352 0.485674
vt 0.533315 0.866240
vt 0.931202 0.484623
vt 0.931061 0.483733
vt 0.535274 0.866275
vt 0.534371 0.866249
vt 0.813832 0.862914
vt 0.931202 0.987496
vt 0.812782 0.862924
vt 0.811899 0.862951
vt 0.930916 0.989490
vt 0.931049 0.988559
vt 0.533329 0.859980
vt 0.936981 0.485648
vt 0.534385 0.860043
vt 0.937204 0.483704
vt 0.535287 0.860225
vt 0.937109 0.484595
vt 0.936834 0.987569
vt 0.813845 0.856654
vt 0.936958 0.988635
vt 0.811912 0.856901
vt 0.937061 0.989569
vt 0.812795 0.856718
vt 0.533368 0.854223
vt 0.942425 0.487083
vt 0.534424 0.854336
vt 0.943144 0.485270
vt 0.535325 0.854660
vt 0.942821 0.486101
vt 0.942291 0.986182
vt 0.813884 0.850897
vt 0.942684 0.987180
vt 0.811950 0.851336
vt 0.943015 0.988055
vt 0.812834 0.851011
vt 0.273729 0.730133
vt 0.533431 0.849363
vt 0.947311 0.489881
vt 0.274786 0.729995
vt 0.534487 0.849518
vt 0.275689 0.729589
vt 0.948475 0.488323
vt 0.535386 0.849962
vt 0.947948 0.489037
vt 0.947200 0.983430
vt 0.256658 0.730158
vt 0.813947 0.846036
vt 0.947835 0.984292
vt 0.254727 0.729589
vt 0.812011 0.846639
vt 0.948371 0.985053
vt 0.255609 0.730007
vt 0.812896 0.846193
vt 0.273699 0.724968
vt 0.951304 0.493851
vt 0.274755 0.724875
vt 0.952832 0.492655
vt 0.275659 0.724597
vt 0.952138 0.493203
vt 0.951225 0.979502
vt 0.256627 0.724993
vt 0.952059 0.980171
vt 0.254697 0.724597
vt 0.952763 0.980767
vt 0.255578 0.724886
vt 0.273698 0.719018
vt 0.954132 0.498722
vt 0.274755 0.718977
vt 0.955917 0.497969
vt 0.275659 0.718846
vt 0.955105 0.498314
vt 0.954090 0.974667
vt 0.256627 0.719043
vt 0.955066 0.975097
vt 0.254696 0.718846
vt 0.955890 0.975492
vt 0.255578 0.718988
vt 0.741984 0.832525
vt 0.273729 0.712691
vt 0.253282 0.736731
vt 0.739266 0.829763
vt 0.955695 0.504509
vt 0.250540 0.733985
vt 0.741984 0.827025
vt 0.739234 0.829773
vt 0.741777 0.831472
vt 0.274785 0.712677
vt 0.741188 0.830577
vt 0.957547 0.504005
vt 0.275689 0.712625
vt 0.740306 0.829977
vt 0.956704 0.504236
vt 0.253283 0.727680
vt 0.739262 0.820715
vt 0.955693 0.968906
vt 0.741962 0.817976
vt 0.256657 0.712716
vt 0.739231 0.820725
vt 0.250538 0.730436
vt 0.741984 0.823476
vt 0.740300 0.820510
vt 0.956704 0.969202
vt 0.741179 0.819917
vt 0.254726 0.712625
vt 0.957557 0.969483
vt 0.741763 0.819028
vt 0.255608 0.712689
vt 0.980177 0.501155
vt 0.314839 0.172466
vt 0.978516 0.500877
vt 0.314749 0.169371
vt 0.977103 0.500605
vt 0.314816 0.170790
vt 0.908080 0.712237
vt 0.966922 0.753965
vt 0.971553 0.755621
vt 0.909617 0.712940
vt 0.970285 0.754912
vt 0.910941 0.713537
vt 0.968659 0.754330
vt 0.346732 0.172472
vt 0.975228 0.532695
vt 0.346709 0.170796
vt 0.972151 0.532144
vt 0.346641 0.169377
vt 0.973566 0.532417
vt 0.962526 0.785592
vt 0.908030 0.682112
vt 0.964288 0.785819
vt 0.910941 0.682106
vt 0.965985 0.786007
vt 0.967359 0.786125
vt 0.909600 0.682108
vt 0.984543 0.736100
vt 0.784802 0.085912
vt 0.781177 0.081562
vt 0.544442 0.183743
vt 0.543882 0.175111
vt 0.781168 0.090159
vt 0.783414 0.085566
vt 0.983134 0.736058
vt 0.782237 0.084618
vt 0.981927 0.736026
vt 0.544042 0.180672
vt 0.781452 0.083212
vt 0.544283 0.182086
vt 0.895503 0.484004
vt 0.801344 0.082133
vt 0.969259 0.986343
vt 0.796699 0.086118
vt 0.800323 0.090428
vt 0.800679 0.083678
vt 0.897064 0.483886
vt 0.799563 0.084978
vt 0.898390 0.483704
vt 0.972151 0.986246
vt 0.798166 0.085835
vt 0.970742 0.986315
vt 0.981142 0.494887
vt 0.309683 0.173123
vt 0.979470 0.494696
vt 0.978020 0.494669
vt 0.308790 0.170130
vt 0.309225 0.171502
vt 0.907043 0.719258
vt 0.967783 0.747683
vt 0.908677 0.719689
vt 0.970789 0.748366
vt 0.910084 0.720055
vt 0.969426 0.747979
vt 0.982028 0.488947
vt 0.304875 0.175097
vt 0.980345 0.488838
vt 0.303232 0.172412
vt 0.978860 0.489043
vt 0.304011 0.173643
vt 0.905086 0.724084
vt 0.968568 0.741729
vt 0.906554 0.724923
vt 0.971531 0.742727
vt 0.907820 0.725635
vt 0.970200 0.742107
vt 0.982773 0.483741
vt 0.531507 0.883759
vt 0.300742 0.178252
vt 0.981080 0.483704
vt 0.529837 0.883535
vt 0.979567 0.484113
vt 0.298455 0.176060
vt 0.528429 0.882895
vt 0.299530 0.177065
vt 0.901946 0.728238
vt 0.969224 0.736511
vt 0.815875 0.880429
vt 0.903148 0.729427
vt 0.972151 0.737785
vt 0.818981 0.879560
vt 0.904188 0.730435
vt 0.970846 0.736961
vt 0.817552 0.880203
vt 0.531442 0.878551
vt 0.297567 0.182373
vt 0.529774 0.878399
vt 0.528369 0.877964
vt 0.294785 0.180826
vt 0.296087 0.181535
vt 0.897837 0.731434
vt 0.815813 0.875222
vt 0.898691 0.732892
vt 0.818922 0.874629
vt 0.899435 0.734129
vt 0.817490 0.875067
vt 0.531401 0.872576
vt 0.295567 0.187177
vt 0.529734 0.872506
vt 0.292474 0.186383
vt 0.528331 0.872306
vt 0.293918 0.186746
vt 0.893041 0.733455
vt 0.815774 0.869246
vt 0.893489 0.735083
vt 0.818884 0.868972
vt 0.893888 0.736464
vt 0.817451 0.869174
vt 0.531387 0.866242
vt 0.294877 0.192337
vt 0.529720 0.866260
vt 0.291680 0.192350
vt 0.528317 0.866308
vt 0.293172 0.192343
vt 0.887887 0.734163
vt 0.815761 0.862912
vt 0.887897 0.735849
vt 0.887926 0.737280
vt 0.818871 0.862974
vt 0.817438 0.862927
vt 0.531400 0.859982
vt 0.295547 0.197499
vt 0.529733 0.860086
vt 0.528330 0.860380
vt 0.292457 0.198321
vt 0.293900 0.197943
vt 0.882725 0.733508
vt 0.815774 0.856652
vt 0.882298 0.735138
vt 0.818884 0.857046
vt 0.881957 0.736520
vt 0.817452 0.856754
vt 0.531439 0.854225
vt 0.297528 0.202310
vt 0.529771 0.854408
vt 0.294751 0.203885
vt 0.528367 0.854928
vt 0.296051 0.203161
vt 0.877911 0.731538
vt 0.815814 0.850895
vt 0.877076 0.732999
vt 0.818922 0.851594
vt 0.876389 0.734238
vt 0.817491 0.851076
vt 0.531501 0.849365
vt 0.271799 0.730120
vt 0.300686 0.206441
vt 0.529833 0.849615
vt 0.270133 0.729881
vt 0.528427 0.850326
vt 0.268732 0.729220
vt 0.298406 0.208662
vt 0.299478 0.207642
vt 0.873772 0.728385
vt 0.815877 0.846035
vt 0.258589 0.730170
vt 0.872587 0.729577
vt 0.818981 0.846992
vt 0.261700 0.729310
vt 0.871603 0.730589
vt 0.817553 0.846283
vt 0.260266 0.729953
vt 0.271768 0.724955
vt 0.304805 0.209609
vt 0.270103 0.724787
vt 0.268703 0.724330
vt 0.303172 0.212325
vt 0.303946 0.211078
vt 0.870594 0.724267
vt 0.258558 0.725005
vt 0.869139 0.725109
vt 0.261671 0.724420
vt 0.867927 0.725823
vt 0.260236 0.724859
vt 0.271768 0.719006
vt 0.309601 0.211598
vt 0.270102 0.718920
vt 0.308722 0.214624
vt 0.268703 0.718697
vt 0.309150 0.213234
vt 0.868609 0.719465
vt 0.258557 0.719056
vt 0.866984 0.719899
vt 0.261670 0.718788
vt 0.865624 0.720267
vt 0.260235 0.718992
vt 0.737561 0.838821
vt 0.314746 0.212269
vt 0.741984 0.834455
vt 0.271798 0.712678
vt 0.739254 0.838489
vt 0.314733 0.213963
vt 0.740689 0.837543
vt 0.314676 0.215401
vt 0.268732 0.712707
vt 0.741648 0.836127
vt 0.270132 0.712680
vt 0.741946 0.816045
vt 0.258588 0.712729
vt 0.737489 0.811676
vt 0.867977 0.714309
vt 0.741592 0.814374
vt 0.260266 0.712754
vt 0.740620 0.812956
vt 0.261700 0.712799
vt 0.864888 0.714300
vt 0.739179 0.812009
vt 0.866299 0.714304
vt 0.493012 0.512574
vt 0.468792 0.508135
vt 0.444581 0.503691
vt 0.420382 0.499241
vt 0.396196 0.494783
vt 0.372020 0.490320
vt 0.347845 0.485856
vt 0.200631 0.659565
vt 0.176658 0.662802
vt 0.152652 0.666050
vt 0.128599 0.670350
vt 0.104494 0.675155
vt 0.080346 0.681460
vt 0.056167 0.686760
vt 0.492941 0.575758
vt 0.468694 0.574662
vt 0.444460 0.573560
vt 0.420245 0.572447
vt 0.396053 0.571320
vt 0.371884 0.570182
vt 0.347730 0.569035
vt 0.492959 0.554700
vt 0.468718 0.552491
vt 0.444490 0.550276
vt 0.420279 0.548051
vt 0.396090 0.545814
vt 0.371920 0.543567
vt 0.347763 0.541312
vt 0.492984 0.533638
vt 0.468753 0.530314
vt 0.444533 0.526985
vt 0.420328 0.523647
vt 0.396141 0.520300
vt 0.371969 0.516944
vt 0.347806 0.513583
vt 0.349077 0.459471
vt 0.371723 0.343717
vt 0.396714 0.343451
vt 0.374479 0.464704
vt 0.421704 0.343073
vt 0.399877 0.469939
vt 0.446695 0.342826
vt 0.425279 0.475172
vt 0.471686 0.342843
vt 0.450690 0.480399
vt 0.496676 0.343125
vt 0.476109 0.485623
vt 0.501532 0.490844
vt 0.521667 0.343544
vt 0.195835 0.654630
vt 0.908276 0.760745
vt 0.172498 0.657781
vt 0.905939 0.784191
vt 0.149126 0.660944
vt 0.904256 0.807602
vt 0.125706 0.665158
vt 0.893930 0.352902
vt 0.903446 0.830890
vt 0.102235 0.667318
vt 0.890706 0.329428
vt 0.078721 0.670529
vt 0.888510 0.305740
vt 0.055178 0.681312
vt 0.905928 0.900238
vt 0.893692 0.280346
vt 0.145326 0.764495
vt 0.148342 0.786714
vt 0.151370 0.809081
vt 0.155450 0.831497
vt 0.160034 0.853963
vt 0.166118 0.876470
vt 0.171197 0.899004
vt 0.174251 0.898736
vt 0.169120 0.875816
vt 0.162984 0.852923
vt 0.158348 0.830072
vt 0.154216 0.807272
vt 0.151136 0.784520
vt 0.148069 0.761875
vt 0.899840 0.900776
vt 0.176862 0.898623
vt 0.898363 0.877978
vt 0.171687 0.875375
vt 0.897409 0.855223
vt 0.165507 0.852155
vt 0.897235 0.832320
vt 0.160827 0.828978
vt 0.897992 0.809329
vt 0.156652 0.805852
vt 0.899630 0.786216
vt 0.153528 0.782774
vt 0.901941 0.763087
vt 0.150417 0.759754
vt 0.902582 0.900409
vt 0.901125 0.877392
vt 0.900196 0.854417
vt 0.900056 0.831293
vt 0.900849 0.808083
vt 0.902521 0.784750
vt 0.904853 0.761380
vt 0.905717 0.900241
vt 0.893689 0.280348
vt 0.904274 0.877147
vt 0.893930 0.304476
vt 0.903359 0.854095
vt 0.893196 0.328849
vt 0.893927 0.352905
vt 0.903234 0.830894
vt 0.904044 0.807606
vt 0.905727 0.784195
vt 0.908064 0.760749
vt 0.149378 0.898726
vt 0.147269 0.876218
vt 0.145170 0.853742
vt 0.143087 0.831312
vt 0.141022 0.808936
vt 0.138974 0.786657
vt 0.136938 0.764567
vt 0.115539 0.764876
vt 0.116507 0.786822
vt 0.117488 0.808850
vt 0.118487 0.831206
vt 0.119507 0.853633
vt 0.120545 0.876114
vt 0.121595 0.898631
vt 0.493001 0.520917
vt 0.468777 0.516920
vt 0.444562 0.512918
vt 0.420361 0.508908
vt 0.396175 0.504890
vt 0.372001 0.500865
vt 0.347831 0.496838
vt 0.495854 0.505329
vt 0.471233 0.500630
vt 0.446619 0.495927
vt 0.422016 0.491217
vt 0.397425 0.486501
vt 0.372841 0.481780
vt 0.348259 0.477060
vt 0.498694 0.498086
vt 0.473671 0.493126
vt 0.448655 0.488163
vt 0.423649 0.483194
vt 0.398652 0.478219
vt 0.373661 0.473242
vt 0.348669 0.468265
vt 0.346732 0.256333
vt 0.724633 0.809958
vt 0.346313 0.250908
vt 0.031978 0.732539
vt 0.340923 0.250538
vt 0.346700 0.254134
vt 0.031901 0.736759
vt 0.346609 0.252331
vt 0.346473 0.251198
vt 0.031962 0.734814
vt 0.786714 0.008272
vt 0.233423 0.691547
vt 0.781213 0.003812
vt 0.546658 0.261679
vt 0.546658 0.250025
vt 0.781213 0.015453
vt 0.784609 0.008351
vt 0.233927 0.693660
vt 0.782824 0.007531
vt 0.234306 0.695467
vt 0.546160 0.257942
vt 0.781632 0.005937
vt 0.546528 0.259548
vt 0.208347 0.696590
vt 0.521667 0.259819
vt 0.208771 0.698746
vt 0.209082 0.700589
vt 0.521224 0.255989
vt 0.521552 0.257664
vt 0.183257 0.701661
vt 0.496676 0.258078
vt 0.183603 0.703850
vt 0.183849 0.705721
vt 0.496286 0.254167
vt 0.496575 0.255902
vt 0.158134 0.706760
vt 0.471686 0.256746
vt 0.158407 0.708974
vt 0.158590 0.710867
vt 0.471346 0.252764
vt 0.471597 0.254552
vt 0.132968 0.711886
vt 0.446695 0.255980
vt 0.133173 0.714119
vt 0.133298 0.716028
vt 0.446404 0.251942
vt 0.446619 0.253771
vt 0.107759 0.717032
vt 0.421704 0.255778
vt 0.107900 0.719280
vt 0.107971 0.721202
vt 0.421459 0.251701
vt 0.421641 0.253559
vt 0.082516 0.722191
vt 0.396714 0.255979
vt 0.082597 0.724452
vt 0.082618 0.726385
vt 0.396512 0.251878
vt 0.396661 0.253754
vt 0.371723 0.256291
vt 0.057255 0.727357
vt 0.371681 0.254064
vt 0.057256 0.731571
vt 0.371562 0.252182
vt 0.057282 0.729629
vt 0.827042 0.689915
vt 0.024330 0.710077
vt 0.031888 0.717623
vt 0.739594 0.811440
vt 0.037667 0.705272
vt 0.031783 0.697153
vt 0.027214 0.710654
vt 0.827088 0.687029
vt 0.029663 0.712290
vt 0.827237 0.684583
vt 0.744874 0.811667
vt 0.031305 0.714738
vt 0.742468 0.811578
vt 0.781186 0.073136
vt 0.544993 0.192203
vt 0.788003 0.062311
vt 0.499532 0.945488
vt 0.545886 0.207297
vt 0.781201 0.058100
vt 0.781707 0.070007
vt 0.545037 0.195341
vt 0.783186 0.066850
vt 0.544801 0.198498
vt 0.785397 0.064148
vt 0.544327 0.201194
vt 0.502142 0.945363
vt 0.339413 0.182274
vt 0.499426 0.740232
vt 0.725516 0.751305
vt 0.342173 0.185453
vt 0.719907 0.747546
vt 0.344433 0.188466
vt 0.345848 0.190855
vt 0.502142 0.739059
vt 0.722566 0.749934
vt 0.886610 0.689451
vt 0.740552 0.757114
vt 0.484891 0.743370
vt 0.883974 0.686679
vt 0.744874 0.756701
vt 0.480168 0.742170
vt 0.882171 0.684332
vt 0.743126 0.757508
vt 0.482261 0.743366
vt 0.802150 0.055447
vt 0.485259 0.945923
vt 0.872675 0.484913
vt 0.807062 0.059451
vt 0.808867 0.059680
vt 0.810706 0.044897
vt 0.804592 0.054749
vt 0.482786 0.945996
vt 0.806383 0.055265
vt 0.480946 0.946009
vt 0.868499 0.484729
vt 0.807250 0.056916
vt 0.870133 0.484912
vt 0.346313 0.250908
vt 0.724633 0.809958
vt 0.340923 0.250538
vt 0.346031 0.248971
vt 0.722330 0.808046
vt 0.720364 0.807294
vt 0.344908 0.248221
vt 0.343114 0.248771
vt 0.824615 0.237495
vt 0.824670 0.213447
vt 0.824656 0.186584
vt 0.824651 0.159707
vt 0.824690 0.132865
vt 0.824789 0.106116
vt 0.892204 0.434041
vt 0.824934 0.079484
vt 0.892355 0.407030
vt 0.825094 0.052947
vt 0.892033 0.380033
vt 0.892355 0.357479
vt 0.825239 0.030676
vt 0.841187 0.246930
vt 0.841167 0.219274
vt 0.841167 0.191674
vt 0.841185 0.164126
vt 0.841241 0.136683
vt 0.841340 0.109365
vt 0.841471 0.082139
vt 0.841616 0.054948
vt 0.841424 0.031521
vt 0.861516 0.251562
vt 0.861445 0.223440
vt 0.861391 0.195363
vt 0.861353 0.167336
vt 0.861357 0.139423
vt 0.861413 0.111659
vt 0.861508 0.084006
vt 0.861618 0.056397
vt 0.861559 0.032539
vt 0.830687 0.285600
vt 0.586208 0.030485
vt 0.827557 0.285573
vt 0.586181 0.028939
vt 0.828971 0.285593
vt 0.830734 0.283325
vt 0.579819 0.035165
vt 0.579819 0.005570
vt 0.829060 0.281720
vt 0.576846 0.000000
vt 0.827680 0.280346
vt 0.580995 0.031197
vt 0.578408 0.001637
vt 0.580124 0.033179
vt 0.579452 0.003593
vt 0.607081 0.023145
vt 0.830213 0.306632
vt 0.607071 0.021319
vt 0.827083 0.306607
vt 0.607045 0.019807
vt 0.828498 0.306626
vt 0.830376 0.298495
vt 0.599013 0.026606
vt 0.828663 0.298491
vt 0.827251 0.298474
vt 0.598977 0.023328
vt 0.599004 0.024794
vt 0.829269 0.360012
vt 0.660122 0.005320
vt 0.827555 0.360004
vt 0.826142 0.359984
vt 0.660086 0.001924
vt 0.660113 0.003492
vt 0.829557 0.339546
vt 0.639751 0.010458
vt 0.827844 0.339537
vt 0.826431 0.339517
vt 0.639716 0.007048
vt 0.639742 0.008622
vt 0.829944 0.319038
vt 0.619382 0.017864
vt 0.828231 0.319029
vt 0.826818 0.319009
vt 0.619346 0.014437
vt 0.619372 0.016019
vt 0.854949 0.283619
vt 0.546655 0.005550
vt 0.816238 0.280346
vt 0.549238 0.000525
vt 0.856713 0.281914
vt 0.547880 0.001879
vt 0.812505 0.281660
vt 0.858247 0.280455
vt 0.546973 0.003644
vt 0.814316 0.280687
vt 0.812008 0.299537
vt 0.291547 0.455422
vt 0.854986 0.298462
vt 0.810101 0.299541
vt 0.808365 0.299556
vt 0.858265 0.298432
vt 0.856739 0.298453
vt 0.799037 0.319902
vt 0.291547 0.455422
vt 0.854253 0.319062
vt 0.797171 0.319907
vt 0.795557 0.319921
vt 0.857529 0.319039
vt 0.856004 0.319057
vt 0.791646 0.340271
vt 0.291547 0.455422
vt 0.853881 0.339570
vt 0.789792 0.340275
vt 0.788188 0.340290
vt 0.857157 0.339547
vt 0.855632 0.339565
vt 0.786521 0.360642
vt 0.291547 0.455422
vt 0.853580 0.360036
vt 0.784675 0.360647
vt 0.783079 0.360661
vt 0.856856 0.360014
vt 0.855332 0.360031
vt 0.854712 0.306622
vt 0.806893 0.307603
vt 0.291547 0.455422
vt 0.856467 0.306614
vt 0.803299 0.307622
vt 0.857996 0.306594
vt 0.804994 0.307607
vt 0.854932 0.285605
vt 0.814814 0.286743
vt 0.291665 0.459087
vt 0.856689 0.285598
vt 0.811312 0.286762
vt 0.858218 0.285580
vt 0.812952 0.286748
vt 0.830531 0.292047
vt 0.828816 0.292042
vt 0.827402 0.292024
vt 0.592579 0.026135
vt 0.592606 0.027643
vt 0.813404 0.293140
vt 0.291547 0.455422
vt 0.291680 0.465512
vt 0.854941 0.292034
vt 0.811522 0.293145
vt 0.809835 0.293159
vt 0.858226 0.292006
vt 0.856697 0.292026
vt 0.291532 0.719074
vt 0.314839 0.454063
vt 0.703992 0.838849
vt 0.802752 0.814048
vt 0.546658 0.454216
vt 0.559900 0.849299
vt 0.802752 0.780819
vt 0.579819 0.454243
vt 0.579819 0.483704
vt 0.535386 0.739059
vt 0.599013 0.483691
vt 0.821950 0.780809
vt 0.644953 0.747632
vt 0.719907 0.870779
vt 0.744896 0.747618
vt 0.612980 0.747546
vt 0.719909 0.838825
vt 0.818701 0.747368
vt 0.796574 0.855047
vt 0.502142 0.739078
vt 0.821950 0.814038
vt 0.346732 0.454069
vt 0.703992 0.870807
vt 0.676845 0.857945
vt 0.986502 0.637096
vt 0.578449 0.607791
vt 0.995552 0.637199
vt 0.995552 0.637089
vt 0.821950 0.805006
vt 0.995552 0.483704
vt 0.821950 0.795955
vt 0.578449 0.454243
vt 0.986502 0.483711
vt 0.995552 0.544160
vt 0.986502 0.544120
vt 0.578449 0.514717
vt 0.578449 0.718149
vt 0.986502 0.747336
vt 0.728959 0.841847
vt 0.995552 0.747504
vt 0.995552 0.747330
vt 0.738009 0.841842
vt 0.998012 0.493708
vt 0.592596 0.039209
vt 0.578591 0.895354
vt 0.586198 0.042072
vt 0.578469 0.564129
vt 0.586198 0.373357
vt 0.997884 0.827953
vt 0.592596 0.373353
vt 0.284777 0.725688
vt 0.578594 0.905118
vt 0.586198 0.032306
vt 0.998015 0.483949
vt 0.284777 0.719238
vt 0.592596 0.029453
vt 0.529834 0.502443
vt 0.783691 0.747546
vt 0.894649 0.352910
vt 0.529877 0.508819
vt 0.899239 0.352905
vt 0.777291 0.748922
vt 0.905535 0.352905
vt 0.685894 0.747550
vt 0.320828 0.463292
vt 0.694942 0.747546
vt 0.907523 0.462460
vt 0.320828 0.472342
vt 0.825370 0.637123
vt 0.577805 0.607791
vt 0.826278 0.637113
vt 0.576075 0.607793
vt 0.827042 0.637089
vt 0.576883 0.607792
vt 0.996199 0.637199
vt 0.284863 0.608838
vt 0.997110 0.637194
vt 0.997884 0.637178
vt 0.283168 0.608807
vt 0.283949 0.608831
vt 0.822596 0.805006
vt 0.996199 0.483726
vt 0.824977 0.807389
vt 0.284863 0.455453
vt 0.825549 0.805009
vt 0.824977 0.802626
vt 0.823507 0.805188
vt 0.997110 0.483720
vt 0.824280 0.805705
vt 0.997884 0.483704
vt 0.283168 0.455422
vt 0.824796 0.806478
vt 0.283949 0.455445
vt 0.824977 0.793575
vt 0.825370 0.483737
vt 0.822596 0.795956
vt 0.577805 0.454243
vt 0.824977 0.798339
vt 0.825549 0.795958
vt 0.824796 0.794487
vt 0.826278 0.483728
vt 0.824280 0.795259
vt 0.827042 0.483704
vt 0.576075 0.454245
vt 0.823507 0.795775
vt 0.576883 0.454244
vt 0.284863 0.515909
vt 0.996199 0.544216
vt 0.283949 0.515901
vt 0.997884 0.544195
vt 0.283168 0.515878
vt 0.997110 0.544211
vt 0.577805 0.514717
vt 0.825370 0.544107
vt 0.576883 0.514714
vt 0.827042 0.544102
vt 0.576075 0.514707
vt 0.826278 0.544113
vt 0.284863 0.719079
vt 0.697324 0.838853
vt 0.694942 0.841235
vt 0.996199 0.747504
vt 0.694942 0.841235
vt 0.696413 0.839035
vt 0.283949 0.719071
vt 0.695640 0.839551
vt 0.997884 0.747482
vt 0.283168 0.719048
vt 0.695123 0.840324
vt 0.997110 0.747498
vt 0.728959 0.841201
vt 0.577805 0.718149
vt 0.726577 0.838821
vt 0.825370 0.747363
vt 0.728959 0.841201
vt 0.728778 0.840289
vt 0.576883 0.718149
vt 0.728261 0.839517
vt 0.576075 0.718150
vt 0.827042 0.747330
vt 0.727489 0.839002
vt 0.826278 0.747354
vt 0.593168 0.038979
vt 0.998174 0.493708
vt 0.592955 0.039073
vt 0.592772 0.039150
vt 0.998553 0.493636
vt 0.998382 0.493690
vt 0.578754 0.895354
vt 0.585664 0.042337
vt 0.578965 0.895336
vt 0.579145 0.895287
vt 0.586050 0.042158
vt 0.585874 0.042241
vt 0.585664 0.373376
vt 0.578632 0.564129
vt 0.585874 0.373374
vt 0.579023 0.564134
vt 0.586050 0.373371
vt 0.578843 0.564130
vt 0.586166 0.373367
vt 0.998046 0.827953
vt 0.593168 0.373371
vt 0.592648 0.373362
vt 0.998255 0.827953
vt 0.998425 0.827953
vt 0.592772 0.373367
vt 0.592955 0.373370
vt 0.585662 0.031976
vt 0.284614 0.725690
vt 0.578757 0.905118
vt 0.585873 0.032108
vt 0.284245 0.725855
vt 0.579132 0.905225
vt 0.586050 0.032218
vt 0.284408 0.725734
vt 0.578965 0.905146
vt 0.284614 0.719240
vt 0.998178 0.483949
vt 0.593166 0.028630
vt 0.284408 0.719200
vt 0.998382 0.483885
vt 0.284245 0.719079
vt 0.592772 0.029220
vt 0.998540 0.483704
vt 0.592954 0.028950
vt 0.816104 0.780812
vt 0.593168 0.483695
vt 0.592615 0.483142
vt 0.998553 0.937757
vt 0.814998 0.780813
vt 0.592062 0.483696
vt 0.815551 0.781365
vt 0.592600 0.483681
vt 0.592956 0.483484
vt 0.592777 0.483304
vt 0.592657 0.483184
vt 0.998551 0.937800
vt 0.586217 0.483147
vt 0.579145 0.454377
vt 0.808598 0.780816
vt 0.585664 0.483700
vt 0.809152 0.781369
vt 0.586202 0.483686
vt 0.809705 0.780816
vt 0.586770 0.483699
vt 0.579144 0.454243
vt 0.586079 0.483285
vt 0.585940 0.483423
vt 0.585802 0.483562
vt 0.527876 0.502442
vt 0.896607 0.352920
vt 0.526989 0.501563
vt 0.554382 0.740261
vt 0.526194 0.502589
vt 0.527001 0.503300
vt 0.527539 0.502375
vt 0.896945 0.352905
vt 0.553559 0.740413
vt 0.527251 0.502184
vt 0.553755 0.740385
vt 0.527058 0.501899
vt 0.554044 0.740331
vt 0.527044 0.509695
vt 0.801947 0.747746
vt 0.527919 0.508817
vt 0.897286 0.352956
vt 0.527032 0.507958
vt 0.526240 0.508964
vt 0.527109 0.509359
vt 0.802283 0.747671
vt 0.527298 0.509074
vt 0.802566 0.747600
vt 0.527582 0.508884
vt 0.896945 0.352980
vt 0.802752 0.747546
vt 0.777292 0.855650
vt 0.815566 0.814069
vt 0.899239 0.459651
vt 0.816432 0.814041
vt 0.802092 0.855036
vt 0.815551 0.813160
vt 0.778173 0.856530
vt 0.814669 0.814042
vt 0.815783 0.814062
vt 0.899229 0.459873
vt 0.802752 0.854374
vt 0.815999 0.814055
vt 0.802532 0.854594
vt 0.816216 0.814048
vt 0.802312 0.854815
vt 0.808270 0.814045
vt 0.554382 0.849303
vt 0.783691 0.855647
vt 0.809167 0.814049
vt 0.896938 0.460956
vt 0.782810 0.856529
vt 0.810033 0.814044
vt 0.809152 0.813163
vt 0.808609 0.814045
vt 0.554045 0.849236
vt 0.808898 0.814046
vt 0.553759 0.849046
vt 0.809094 0.814047
vt 0.896945 0.461291
vt 0.553568 0.848760
vt 0.323667 0.461935
vt 0.684612 0.747621
vt 0.322309 0.463293
vt 0.904054 0.352943
vt 0.323667 0.464652
vt 0.324999 0.463558
vt 0.323564 0.462455
vt 0.685129 0.747618
vt 0.323269 0.462896
vt 0.685561 0.747611
vt 0.322829 0.463190
vt 0.685844 0.747600
vt 0.903534 0.352953
vt 0.322309 0.472343
vt 0.906046 0.462421
vt 0.323667 0.473703
vt 0.752564 0.857871
vt 0.325000 0.472600
vt 0.323667 0.470986
vt 0.322829 0.472447
vt 0.753841 0.857880
vt 0.905535 0.462409
vt 0.323269 0.472742
vt 0.753535 0.857871
vt 0.323563 0.473183
vt 0.753087 0.857868
vt 0.727600 0.870777
vt 0.752586 0.747546
vt 0.694942 0.856582
vt 0.728935 0.870699
vt 0.907516 0.353424
vt 0.693584 0.857941
vt 0.730317 0.870776
vt 0.728959 0.869419
vt 0.728959 0.869419
vt 0.728118 0.870771
vt 0.753106 0.747645
vt 0.728554 0.870754
vt 0.753547 0.747935
vt 0.728841 0.870729
vt 0.753841 0.748373
vt 0.907523 0.352905
vt 0.685895 0.856587
vt 0.905526 0.461888
vt 0.696301 0.870811
vt 0.684536 0.857945
vt 0.694942 0.869454
vt 0.685857 0.857911
vt 0.738009 0.869414
vt 0.685857 0.857911
vt 0.736651 0.870773
vt 0.687252 0.857944
vt 0.685555 0.856926
vt 0.905535 0.462217
vt 0.685215 0.857266
vt 0.684875 0.857605
vt 0.873981 0.280356
vt 0.473755 0.777635
vt 0.885166 0.280346
vt 0.288258 0.719079
vt 0.715246 0.848661
vt 0.480160 0.779059
vt 0.245060 0.731305
vt 0.476161 0.944438
vt 0.244824 0.728477
vt 0.473422 0.941707
vt 0.885166 0.444450
vt 0.287109 0.881806
vt 0.479807 0.941810
vt 0.287188 0.884533
vt 0.245110 0.732211
vt 0.477057 0.944454
vt 0.872608 0.348295
vt 0.406323 0.750771
vt 0.872908 0.327834
vt 0.426689 0.755872
vt 0.873280 0.307317
vt 0.447066 0.763234
vt 0.459359 0.771072
vt 0.873749 0.294877
vt 0.467373 0.776212
vt 0.874017 0.286767
vt 0.871430 0.358422
vt 0.406331 0.740976
vt 0.871567 0.337962
vt 0.426698 0.746101
vt 0.871826 0.317459
vt 0.447067 0.753493
vt 0.459374 0.761349
vt 0.872029 0.305010
vt 0.467398 0.766463
vt 0.872200 0.296893
vt 0.872357 0.290505
vt 0.473759 0.767859
vt 0.715246 0.838866
vt 0.872486 0.284070
vt 0.480168 0.769269
vt 0.800406 0.250185
vt 0.874722 0.286759
vt 0.800414 0.251709
vt 0.800437 0.253028
vt 0.877399 0.286710
vt 0.876143 0.286738
vt 0.820798 0.263179
vt 0.873985 0.307319
vt 0.820796 0.264692
vt 0.820803 0.266000
vt 0.876707 0.307311
vt 0.875418 0.307319
vt 0.841161 0.270566
vt 0.873613 0.327834
vt 0.841164 0.272063
vt 0.841176 0.273357
vt 0.876397 0.327819
vt 0.875062 0.327831
vt 0.861530 0.275674
vt 0.873313 0.348296
vt 0.861535 0.277163
vt 0.861548 0.278450
vt 0.876100 0.348283
vt 0.874762 0.348294
vt 0.874454 0.294878
vt 0.808485 0.255317
vt 0.875875 0.294875
vt 0.808497 0.258161
vt 0.877133 0.294863
vt 0.808487 0.256842
vt 0.797656 0.249584
vt 0.874686 0.280345
vt 0.884463 0.280364
vt 0.796270 0.250796
vt 0.877362 0.281361
vt 0.881791 0.281352
vt 0.795112 0.251849
vt 0.876106 0.280599
vt 0.883045 0.280639
vt 0.288963 0.719099
vt 0.783962 0.250487
vt 0.290357 0.719191
vt 0.786575 0.251109
vt 0.291532 0.719376
vt 0.785367 0.250810
vt 0.244119 0.728477
vt 0.884467 0.444452
vt 0.796699 0.086118
vt 0.240699 0.731094
vt 0.791405 0.086219
vt 0.242720 0.728269
vt 0.883064 0.444657
vt 0.241521 0.727678
vt 0.881832 0.445232
vt 0.794851 0.088000
vt 0.795670 0.087129
vt 0.784802 0.085912
vt 0.278305 0.734677
vt 0.287812 0.881808
vt 0.291529 0.884429
vt 0.790185 0.086114
vt 0.278305 0.730133
vt 0.785882 0.086965
vt 0.276182 0.733087
vt 0.786851 0.087870
vt 0.290202 0.882596
vt 0.277339 0.733670
vt 0.289157 0.882015
vt 0.825418 0.283102
vt 0.715952 0.848661
vt 0.825093 0.284506
vt 0.824793 0.285713
vt 0.718527 0.848866
vt 0.717347 0.848714
vt 0.870724 0.358422
vt 0.291547 0.455422
vt 0.867075 0.358424
vt 0.869812 0.358423
vt 0.868900 0.358423
vt 0.867988 0.358424
vt 0.870861 0.337962
vt 0.291547 0.455422
vt 0.867212 0.337960
vt 0.869949 0.337962
vt 0.869037 0.337961
vt 0.868124 0.337961
vt 0.871120 0.317458
vt 0.291547 0.455422
vt 0.867472 0.317457
vt 0.870208 0.317458
vt 0.869296 0.317458
vt 0.868384 0.317458
vt 0.291547 0.455422
vt 0.867674 0.305016
vt 0.871323 0.305011
vt 0.868586 0.305015
vt 0.869499 0.305014
vt 0.870411 0.305013
vt 0.871494 0.296888
vt 0.291547 0.455422
vt 0.867845 0.296857
vt 0.870582 0.296880
vt 0.869670 0.296872
vt 0.868758 0.296865
vt 0.871780 0.284060
vt 0.715952 0.838866
vt 0.291680 0.455422
vt 0.868182 0.280346
vt 0.815619 0.283094
vt 0.870388 0.283762
vt 0.717347 0.838918
vt 0.869215 0.282951
vt 0.815001 0.285706
vt 0.718527 0.839068
vt 0.868440 0.281752
vt 0.815298 0.284499
vt 0.871651 0.290493
vt 0.291547 0.455422
vt 0.291680 0.465512
vt 0.868003 0.290434
vt 0.870739 0.290478
vt 0.869827 0.290463
vt 0.868915 0.290448
vt 0.942869 0.240206
vt 0.942686 0.213346
vt 0.942503 0.186485
vt 0.942338 0.159675
vt 0.942204 0.132953
vt 0.942103 0.106327
vt 0.942027 0.079769
vt 0.941959 0.053233
vt 0.941878 0.026662
vt 0.881811 0.249420
vt 0.901563 0.247715
vt 0.881721 0.029192
vt 0.901708 0.028799
vt 0.921494 0.243142
vt 0.921704 0.027735
vt 0.820882 0.240297
vt 0.820961 0.213437
vt 0.821039 0.186576
vt 0.821135 0.159766
vt 0.821262 0.133044
vt 0.821423 0.106417
vt 0.888810 0.433772
vt 0.821609 0.079860
vt 0.888887 0.406823
vt 0.821801 0.053323
vt 0.888510 0.379816
vt 0.888881 0.352905
vt 0.821982 0.026752
vt 0.862059 0.247745
vt 0.861743 0.028829
vt 0.842134 0.243202
vt 0.841773 0.027795
s 1
usemtl Bergere
f 5/10/1 30/56/2 850/1241/3 851/1244/4
f 63/111/5 356/566/6 388/616/7 120/188/8
f 923/1379/9 929/1386/10 864/1277/11 863/1275/12
f 115/182/13 114/180/14 6/13/15 4/9/16
f 117/184/17 30/57/2 5/11/1 113/179/18
f 705/1041/19 687/1006/20 46/82/21 62/108/22 360/571/23 371/585/24
f 210/353/25 204/346/26 170/274/27 171/276/28
f 562/850/29 31/60/30 690/1011/31 689/1010/32 520/794/33
f 14/29/34 13/28/35 70/121/36 75/127/37
f 54/99/38 56/102/39 69/120/40 64/114/41
f 11/22/42 31/59/30 94/150/43 100/157/44
f 61/107/45 46/84/21 47/85/46 60/106/45
f 60/106/45 47/85/46 48/87/47 59/105/45
f 59/105/45 48/87/47 49/89/48 58/104/45
f 32/61/49 33/62/50 16/33/51 15/31/52
f 33/62/50 34/63/53 17/35/54 16/33/51
f 34/63/53 35/64/55 18/38/56 17/35/54
f 10/20/57 19/39/58 20/40/59 9/18/60
f 9/18/60 20/40/59 21/41/61 8/16/62
f 8/16/62 21/41/61 22/42/63 7/15/64
f 8/17/62 7/14/64 29/55/65 28/54/66
f 9/19/60 8/17/62 28/54/66 27/53/67
f 10/21/57 9/19/60 27/53/67 26/52/68
f 1/2/69 924/1380/70 938/1399/71 763/1113/72
f 115/181/13 4/7/16 25/51/73 116/183/74
f 1047/1605/75 1030/1575/76 1029/1573/77 1052/1611/78
f 759/1108/79 766/1120/80 763/1113/72 938/1399/71
f 541/815/81 548/822/82 35/64/55 34/63/53
f 534/808/83 541/815/81 34/63/53 33/62/50
f 527/801/84 534/808/83 33/62/50 32/61/49
f 556/838/85 38/69/86 105/167/87 597/898/88
f 611/912/89 618/919/90 57/103/91 56/102/39
f 569/859/92 598/899/93 54/99/38 95/151/94
f 220/366/95 210/353/25 171/276/28 173/280/96
f 625/926/97 513/787/98 30/57/2 117/184/17
f 219/364/99 382/605/100 370/584/101 209/352/102
f 991/1500/103 1012/1540/104 870/1293/105
f 962/1441/106 965/1446/107 971/1458/108 970/1456/109 869/1290/110 868/1287/111
f 116/183/74 25/51/73 37/68/112 118/185/113
f 225/379/114 227/383/115 221/369/116 220/367/95 173/281/96 174/283/117
f 1072/1635/118 1021/1553/119 1032/1580/120 1042/1599/121
f 2219/3393/122 2225/3399/123 39/72/124 50/92/125
f 2225/3399/123 2223/3397/126 40/74/127 39/72/124
f 2223/3397/126 2222/3396/128 41/76/129 40/74/127
f 26/52/68 27/53/67 43/79/130 42/78/131
f 27/53/67 28/54/66 44/80/132 43/79/130
f 28/54/66 29/55/65 45/81/133 44/80/132
f 11/24/42 12/25/134 47/86/46 46/83/21
f 12/25/134 13/27/35 48/88/47 47/86/46
f 13/27/35 14/30/34 49/90/48 48/88/47
f 701/1034/135 717/1064/136 641/942/137 688/1009/138 706/1042/139
f 694/1020/140 376/593/141 365/578/142 700/1032/143
f 51/93/144 38/71/86 50/91/125 39/73/124
f 52/95/145 51/93/144 39/73/124 40/75/127
f 53/97/146 52/95/145 40/75/127 41/77/129
f 13/28/35 12/26/134 65/115/147 70/121/36
f 95/151/94 54/99/38 64/114/41 99/156/148
f 38/70/86 51/94/144 79/132/149 105/166/87
f 51/94/144 52/96/145 84/138/150 79/132/149
f 52/96/145 53/98/146 89/144/151 84/138/150
f 56/102/39 57/103/91 74/126/152 69/120/40
f 598/899/93 611/912/89 56/102/39 54/99/38
f 99/156/148 64/114/41 66/116/153 101/159/154
f 101/159/154 66/116/153 67/117/155 102/161/156
f 102/160/156 67/118/155 68/119/157 103/163/158
f 103/163/158 68/119/157 65/115/147 100/158/44
f 64/114/41 69/120/40 71/122/159 66/116/153
f 66/116/153 71/122/159 72/123/160 67/117/155
f 67/118/155 72/124/160 73/125/161 68/119/157
f 68/119/157 73/125/161 70/121/36 65/115/147
f 69/120/40 74/126/152 76/128/162 71/122/159
f 71/122/159 76/128/162 77/129/163 72/123/160
f 72/124/160 77/130/163 78/131/164 73/125/161
f 73/125/161 78/131/164 75/127/37 70/121/36
f 95/151/94 99/156/148 101/159/154 98/155/165
f 98/155/165 101/159/154 102/161/156 97/153/166
f 97/154/166 102/162/156 103/164/158 96/152/167
f 96/152/167 103/164/158 100/157/44 94/150/43
f 569/859/92 95/151/94 98/155/165 570/860/168
f 570/860/168 98/155/165 97/153/166 577/868/169
f 577/867/169 97/154/166 96/152/167 584/881/170
f 584/881/170 96/152/167 94/150/43 591/888/171
f 80/133/172 104/165/173 106/168/174 83/137/175
f 83/137/175 106/168/174 107/171/176 82/135/177
f 82/136/177 107/169/176 108/172/178 81/134/179
f 81/134/179 108/172/178 105/166/87 79/132/149
f 85/139/180 80/133/172 83/137/175 88/143/181
f 88/143/181 83/137/175 82/135/177 87/141/182
f 87/142/182 82/136/177 81/134/179 86/140/183
f 86/140/183 81/134/179 79/132/149 84/138/150
f 90/145/184 85/139/180 88/143/181 93/149/185
f 93/149/185 88/143/181 87/141/182 92/147/186
f 92/148/186 87/142/182 86/140/183 91/146/187
f 91/146/187 86/140/183 84/138/150 89/144/151
f 12/26/134 11/23/42 100/158/44 65/115/147
f 111/176/45 59/105/45 58/104/45 112/177/45
f 110/175/45 60/106/45 59/105/45 111/176/45
f 109/174/45 61/107/45 60/106/45 110/175/45
f 36/66/188 640/941/189 642/945/190 55/100/191 3/5/192
f 873/1300/193 912/1362/194 860/1267/195 854/1254/192
f 113/178/18 61/107/45 109/174/45 18/37/56
f 18/37/56 109/174/45 110/175/45 17/36/54
f 17/36/54 110/175/45 111/176/45 16/34/51
f 16/34/51 111/176/45 112/177/45 15/32/52
f 381/603/196 711/1052/197 705/1041/19 371/585/24
f 5/12/1 46/84/21 61/107/45 113/178/18
f 120/188/8 388/616/7 398/628/198 122/193/199
f 29/55/65 116/183/74 118/185/113 45/81/133
f 548/822/82 625/926/97 117/184/17 35/64/55
f 1089/1663/200 1076/1643/201 1022/1556/202 1025/1564/203
f 7/14/64 115/181/13 116/183/74 29/55/65
f 205/347/204 361/572/205 393/622/206 237/398/207
f 360/571/23 62/108/22 119/187/208 392/621/209
f 35/64/55 117/184/17 113/179/18 18/38/56
f 7/15/64 22/42/63 114/180/14 115/182/13
f 514/788/210 652/964/211 646/952/212 50/91/125
f 696/1024/213 695/1021/214 710/1050/215 713/1055/216 50/92/125 646/951/212 648/956/217
f 555/836/218 653/965/219 658/971/220 554/833/221
f 145/242/222 120/189/8 122/192/199 147/244/223
f 204/346/26 236/397/224 176/288/225 170/274/27
f 882/1311/226 885/1316/227 891/1328/227 890/1326/228 857/1260/229 856/1257/230
f 355/565/231 199/340/232 231/391/233 387/615/234
f 247/410/235 403/634/236 413/649/237 257/426/238
f 387/615/234 231/391/233 241/403/239 397/627/240
f 237/398/207 393/622/206 403/634/236 247/410/235
f 236/397/224 246/409/241 178/292/242 176/288/225
f 257/425/238 413/650/237 423/664/243 267/440/244
f 246/409/241 256/424/245 180/297/246 178/292/242
f 147/244/223 122/192/199 124/197/247 149/247/248
f 397/627/240 241/403/239 251/416/249 407/639/250
f 151/250/251 126/202/252 128/206/253 153/252/254
f 256/424/245 266/439/255 182/302/256 180/297/246
f 149/246/248 124/198/247 126/202/252 151/250/251
f 407/640/250 251/415/249 261/433/257 417/657/258
f 277/452/259 433/676/260 443/688/261 286/463/262
f 417/657/258 261/433/257 271/445/263 427/669/264
f 267/440/244 423/664/243 433/676/260 277/452/259
f 266/439/255 276/451/265 184/306/266 182/302/256
f 287/464/267 296/475/268 188/314/269 186/310/270
f 276/451/265 287/464/267 186/310/270 184/306/266
f 153/252/254 128/206/253 130/210/271 155/254/272
f 427/669/264 271/445/263 282/458/261 437/681/262
f 157/256/273 132/214/274 134/218/275 159/258/276
f 155/254/272 130/210/271 132/214/274 157/256/273
f 437/681/262 282/458/261 291/469/277 447/693/278
f 286/463/262 443/688/261 453/700/279 297/476/278
f 307/488/280 463/712/281 473/727/282 317/504/283
f 447/693/278 291/469/277 301/481/284 457/705/285
f 297/476/278 453/700/279 463/712/281 307/488/280
f 296/475/268 306/487/286 190/318/287 188/314/269
f 161/261/288 136/223/289 138/228/290 163/264/291
f 306/487/286 316/502/292 192/323/293 190/318/287
f 159/258/276 134/218/275 136/224/289 161/260/288
f 457/705/285 301/481/284 311/494/294 467/717/295
f 477/735/296 321/511/297 331/523/298 487/747/299
f 467/718/295 311/493/294 321/511/297 477/735/296
f 317/503/283 473/728/282 483/742/300 327/518/301
f 316/502/292 326/517/302 194/328/303 192/323/293
f 337/530/304 493/754/305 502/771/306 349/554/307
f 327/518/301 483/742/300 493/754/305 337/530/304
f 326/517/302 336/529/308 196/332/309 194/328/303
f 163/264/291 138/228/290 140/232/310 165/266/311
f 336/529/308 348/552/312 198/337/313 196/332/309
f 165/266/311 140/232/310 142/237/314 167/268/315
f 487/747/299 331/523/298 341/536/316 498/762/317
f 139/230/318 166/267/319 168/270/320 141/234/321
f 166/267/319 165/266/311 167/268/315 168/270/320
f 342/539/322 332/524/323 195/330/324 197/334/325
f 492/753/326 139/231/318 141/235/321 503/773/327
f 348/550/312 351/556/328 343/540/329 342/537/322 197/335/325 198/338/313
f 137/226/330 164/265/331 166/267/319 139/230/318
f 164/265/331 163/264/291 165/266/311 166/267/319
f 332/524/323 322/512/332 193/326/333 195/330/324
f 422/663/334 125/201/335 127/205/336 432/675/337
f 322/512/332 312/495/338 191/320/339 193/326/333
f 140/233/310 488/748/340 497/760/341 142/238/314
f 133/216/342 160/259/343 162/262/344 135/220/345
f 160/259/343 159/258/276 161/260/288 162/262/344
f 136/225/289 468/719/346 478/736/347 138/229/290
f 2/3/348 1/1/69 23/43/349 377/594/350 376/593/141 694/1020/140 696/1023/213 648/955/217 647/954/351 24/46/352
f 135/221/345 162/263/344 164/265/331 137/226/330
f 162/263/344 161/261/288 163/264/291 164/265/331
f 134/219/275 458/706/353 468/719/346 136/225/289
f 126/203/252 418/658/354 428/670/355 128/207/253
f 129/208/356 156/255/272 158/257/273 131/212/357
f 156/255/272 155/254/272 157/256/273 158/257/273
f 131/212/357 158/257/273 160/259/343 133/216/342
f 158/257/273 157/256/273 159/258/276 160/259/343
f 127/204/336 154/253/254 156/255/272 129/208/356
f 154/253/254 153/252/254 155/254/272 156/255/272
f 281/457/358 272/446/359 183/304/360 185/308/361
f 1052/1611/78 1029/1573/77 1028/1571/362 1057/1617/363
f 292/470/364 281/457/358 185/308/361 187/313/365
f 640/941/189 643/946/366 644/948/367 645/949/368 641/943/137 717/1063/136 719/1066/369 720/1069/370 721/1070/371 718/1065/372 642/945/190
f 272/446/359 262/434/373 181/300/374 183/304/360
f 209/352/102 370/584/101 361/572/205 205/347/204
f 123/194/375 150/248/376 152/251/251 125/200/335
f 150/248/376 149/246/248 151/250/251 152/251/251
f 262/434/373 252/417/377 179/294/378 181/300/374
f 312/495/338 302/482/379 189/317/380 191/320/339
f 125/200/335 152/251/251 154/253/254 127/204/336
f 152/251/251 151/250/251 153/252/254 154/253/254
f 121/190/381 148/245/382 150/249/376 123/195/375
f 148/245/382 147/244/223 149/247/248 150/249/376
f 252/417/377 242/404/383 177/290/384 179/294/378
f 452/699/385 131/213/357 133/217/342 462/711/386
f 242/404/383 232/392/387 175/286/388 177/290/384
f 432/675/337 127/205/336 129/209/356 442/687/389
f 890/1327/228 901/1343/193 859/1266/192 857/1261/229
f 62/109/22 889/1324/390 892/1329/391 146/243/392 119/186/208
f 200/341/393 214/358/394 172/278/395 169/272/396
f 128/207/253 428/670/355 438/682/397 130/211/271
f 119/186/208 146/243/392 148/245/382 121/190/381
f 146/243/392 145/242/222 147/244/223 148/245/382
f 877/1305/398 897/1338/398 858/1263/399 855/1255/399
f 3/6/192 878/1306/400 906/1349/401 846/1229/195
f 897/1338/398 882/1312/226 856/1258/230 858/1263/399
f 902/1344/402 889/1325/390 62/110/22 46/84/21
f 392/621/209 119/187/208 121/191/381 402/633/403
f 700/1032/143 365/578/142 356/566/6 63/111/5
f 970/1457/109 976/1469/404 869/1291/110
f 969/1455/405 25/49/73 852/1247/406 977/1471/407
f 850/1242/3 1004/1523/408 1008/1531/409 914/1365/410 913/1363/411 851/1245/4
f 639/940/412 549/823/413 36/65/188 990/1497/414 993/1502/415
f 214/358/394 225/378/114 174/284/117 172/278/395
f 168/271/320 350/555/416 349/553/307 502/770/306 504/774/417 505/776/418 506/779/419 503/772/327 141/236/321
f 25/50/73 4/8/16 849/1238/420 852/1248/406
f 929/1386/10 955/1430/421 864/1277/11
f 232/392/387 200/341/393 169/272/396 175/286/388
f 402/633/403 121/191/381 123/196/375 412/648/422
f 919/1374/423 943/1409/424 867/1284/425 862/1273/348
f 933/1392/426 919/1374/423 862/1273/348 865/1279/427
f 972/1459/428 971/1458/108 965/1446/107 964/1445/429 143/240/430 144/241/431
f 25/51/73 969/1454/405 972/1459/428 144/241/431 37/68/112
f 195/331/324 196/333/309 198/339/313 197/336/325
f 193/327/333 194/329/303 196/333/309 195/331/324
f 191/321/339 192/324/293 194/329/303 193/327/333
f 189/316/380 190/319/287 192/325/293 191/322/339
f 187/312/365 188/315/269 190/319/287 189/316/380
f 183/305/360 184/307/266 186/311/270 185/309/361
f 185/309/361 186/311/270 188/315/269 187/312/365
f 181/301/374 182/303/256 184/307/266 183/305/360
f 179/295/378 180/298/246 182/303/256 181/301/374
f 177/291/384 178/293/242 180/299/246 179/296/378
f 175/287/388 176/289/225 178/293/242 177/291/384
f 169/273/396 170/275/27 176/289/225 175/287/388
f 174/285/117 173/282/96 171/277/28 172/279/395
f 172/279/395 171/277/28 170/275/27 169/273/396
f 138/229/290 478/736/347 488/748/340 140/233/310
f 167/269/315 344/542/432 343/541/329 351/557/328 350/555/416 168/271/320
f 482/741/433 137/227/330 139/231/318 492/753/326
f 375/590/434 226/380/435 215/359/436 366/579/437
f 130/211/271 438/682/397 448/694/438 132/215/274
f 124/199/247 408/641/439 418/658/354 126/203/252
f 442/687/389 129/209/356 131/213/357 452/699/385
f 462/711/386 133/217/342 135/222/345 472/726/440
f 412/648/422 123/196/375 125/201/335 422/663/334
f 132/215/274 448/694/438 458/706/353 134/219/275
f 472/726/440 135/222/345 137/227/330 482/741/433
f 122/193/199 398/628/198 408/641/439 124/199/247
f 142/239/314 497/759/341 499/763/441 500/765/442 501/768/443 498/761/317 341/535/316 344/542/432 167/269/315
f 302/482/379 292/470/364 187/313/365 189/317/380
f 1082/1650/444 1084/1652/445 221/368/116 1023/1559/446 1024/1563/447
f 227/382/115 1090/1665/448 1089/1662/200 1025/1565/203 1026/1567/449
f 341/535/316 345/543/450 346/545/451 347/548/452 342/538/322 343/541/329 344/542/432
f 348/551/312 352/558/453 353/560/454 354/563/455 349/553/307 350/555/416 351/557/328
f 332/524/323 342/539/322 347/549/452 335/528/456
f 335/528/456 347/549/452 346/546/451 334/526/457
f 334/527/457 346/547/451 345/544/450 333/525/458
f 333/525/458 345/544/450 341/536/316 331/523/298
f 337/530/304 349/554/307 354/564/455 340/534/459
f 340/534/459 354/564/455 353/561/454 339/532/460
f 339/533/460 353/562/454 352/559/453 338/531/461
f 338/531/461 352/559/453 348/552/312 336/529/308
f 322/512/332 332/524/323 335/528/456 325/516/462
f 325/516/462 335/528/456 334/526/457 324/514/463
f 324/515/463 334/527/457 333/525/458 323/513/464
f 323/513/464 333/525/458 331/523/298 321/511/297
f 327/518/301 337/530/304 340/534/459 330/522/465
f 330/522/465 340/534/459 339/532/460 329/520/466
f 329/521/466 339/533/460 338/531/461 328/519/467
f 328/519/467 338/531/461 336/529/308 326/517/302
f 312/495/338 322/512/332 325/516/462 315/501/468
f 315/501/468 325/516/462 324/514/463 314/499/469
f 314/498/469 324/515/463 323/513/464 313/496/470
f 313/496/470 323/513/464 321/511/297 311/493/294
f 317/503/283 327/518/301 330/522/465 320/509/471
f 320/509/471 330/522/465 329/520/466 319/506/472
f 319/508/472 329/521/466 328/519/467 318/505/473
f 318/505/473 328/519/467 326/517/302 316/502/292
f 302/482/379 312/495/338 315/501/468 305/486/474
f 305/486/474 315/501/468 314/499/469 304/484/475
f 304/485/475 314/500/469 313/497/470 303/483/476
f 303/483/476 313/497/470 311/494/294 301/481/284
f 307/488/280 317/504/283 320/510/471 310/492/477
f 310/492/477 320/510/471 319/507/472 309/490/478
f 309/491/478 319/508/472 318/505/473 308/489/479
f 308/489/479 318/505/473 316/502/292 306/487/286
f 292/470/364 302/482/379 305/486/474 295/474/480
f 295/474/480 305/486/474 304/484/475 294/472/481
f 294/473/481 304/485/475 303/483/476 293/471/482
f 293/471/482 303/483/476 301/481/284 291/469/277
f 297/476/278 307/488/280 310/492/477 300/480/483
f 300/480/483 310/492/477 309/490/478 299/478/484
f 299/479/484 309/491/478 308/489/479 298/477/485
f 298/477/485 308/489/479 306/487/286 296/475/268
f 272/446/359 281/457/358 283/459/486 275/450/487
f 275/450/487 283/459/486 284/460/488 274/448/489
f 274/449/489 284/461/488 285/462/490 273/447/491
f 273/447/491 285/462/490 282/458/261 271/445/263
f 277/452/259 286/463/262 288/465/492 280/456/493
f 280/456/493 288/465/492 289/466/494 279/454/495
f 279/455/495 289/467/494 290/468/496 278/453/497
f 278/453/497 290/468/496 287/464/267 276/451/265
f 281/457/358 292/470/364 295/474/480 283/459/486
f 283/459/486 295/474/480 294/472/481 284/460/488
f 284/461/488 294/473/481 293/471/482 285/462/490
f 285/462/490 293/471/482 291/469/277 282/458/261
f 286/463/262 297/476/278 300/480/483 288/465/492
f 288/465/492 300/480/483 299/478/484 289/466/494
f 289/467/494 299/479/484 298/477/485 290/468/496
f 290/468/496 298/477/485 296/475/268 287/464/267
f 262/434/373 272/446/359 275/450/487 265/438/498
f 265/438/498 275/450/487 274/448/489 264/436/499
f 264/437/499 274/449/489 273/447/491 263/435/500
f 263/435/500 273/447/491 271/445/263 261/433/257
f 267/440/244 277/452/259 280/456/493 270/444/501
f 270/444/501 280/456/493 279/454/495 269/442/502
f 269/443/502 279/455/495 278/453/497 268/441/503
f 268/441/503 278/453/497 276/451/265 266/439/255
f 252/417/377 262/434/373 265/438/498 255/423/504
f 255/423/504 265/438/498 264/436/499 254/421/505
f 254/420/505 264/437/499 263/435/500 253/418/506
f 253/418/506 263/435/500 261/433/257 251/415/249
f 257/425/238 267/440/244 270/444/501 260/431/507
f 260/431/507 270/444/501 269/442/502 259/428/508
f 259/430/508 269/443/502 268/441/503 258/427/509
f 258/427/509 268/441/503 266/439/255 256/424/245
f 242/404/383 252/417/377 255/423/504 245/408/510
f 245/408/510 255/423/504 254/421/505 244/406/511
f 244/407/511 254/422/505 253/419/506 243/405/512
f 243/405/512 253/419/506 251/416/249 241/403/239
f 247/410/235 257/426/238 260/432/507 250/414/513
f 250/414/513 260/432/507 259/429/508 249/412/514
f 249/413/514 259/430/508 258/427/509 248/411/515
f 248/411/515 258/427/509 256/424/245 246/409/241
f 232/392/387 242/404/383 245/408/510 235/396/516
f 235/396/516 245/408/510 244/406/511 234/394/517
f 234/395/517 244/407/511 243/405/512 233/393/518
f 233/393/518 243/405/512 241/403/239 231/391/233
f 237/398/207 247/410/235 250/414/513 240/402/519
f 240/402/519 250/414/513 249/412/514 239/400/520
f 239/401/520 249/413/514 248/411/515 238/399/521
f 238/399/521 248/411/515 246/409/241 236/397/224
f 200/341/393 232/392/387 235/396/516 203/345/522
f 203/345/522 235/396/516 234/394/517 202/343/523
f 202/344/523 234/395/517 233/393/518 201/342/524
f 201/342/524 233/393/518 231/391/233 199/340/232
f 205/347/204 237/398/207 240/402/519 208/351/525
f 208/351/525 240/402/519 239/400/520 207/349/526
f 207/350/526 239/401/520 238/399/521 206/348/527
f 206/348/527 238/399/521 236/397/224 204/346/26
f 225/378/114 214/358/394 216/360/528 228/384/529
f 228/384/529 216/360/528 217/361/530 229/386/531
f 229/387/531 217/362/530 218/363/532 230/389/533
f 230/389/533 218/363/532 215/359/436 226/380/435
f 219/364/99 209/352/102 211/354/534 222/371/535
f 222/371/535 211/354/534 212/355/536 223/373/537
f 223/374/537 212/356/536 213/357/538 224/376/539
f 224/376/539 213/357/538 210/353/25 220/366/95
f 214/358/394 200/341/393 203/345/522 216/360/528
f 216/360/528 203/345/522 202/343/523 217/361/530
f 217/362/530 202/344/523 201/342/524 218/363/532
f 218/363/532 201/342/524 199/340/232 215/359/436
f 209/352/102 205/347/204 208/351/525 211/354/534
f 211/354/534 208/351/525 207/349/526 212/355/536
f 212/356/536 207/350/526 206/348/527 213/357/538
f 213/357/538 206/348/527 204/346/26 210/353/25
f 642/945/190 718/1065/372 700/1032/143 63/111/5 55/100/191
f 375/591/434 378/596/540 377/595/350
f 378/596/540 379/598/541 377/595/350
f 379/598/541 380/601/542 377/595/350
f 380/601/542 376/592/141 377/595/350
f 381/604/196 384/608/543 383/607/544
f 384/608/543 385/611/545 383/607/544
f 385/611/545 386/613/546 383/607/544
f 386/613/546 382/606/100 383/607/544
f 366/579/437 355/565/231 357/567/547 369/583/548
f 369/583/548 357/567/547 358/569/549 368/581/550
f 368/582/550 358/568/549 359/570/551 367/580/552
f 367/580/552 359/570/551 356/566/6 365/578/142
f 371/585/24 360/571/23 362/574/553 374/588/554
f 374/589/554 362/573/553 363/575/555 373/587/556
f 373/587/556 363/575/555 364/577/557 372/586/558
f 372/586/558 364/577/557 361/572/205 370/584/101
f 375/590/434 366/579/437 369/583/548 378/597/540
f 378/597/540 369/583/548 368/581/550 379/599/541
f 379/600/541 368/582/550 367/580/552 380/602/542
f 380/602/542 367/580/552 365/578/142 376/593/141
f 381/603/196 371/585/24 374/588/554 384/609/543
f 384/610/543 374/589/554 373/587/556 385/612/545
f 385/612/545 373/587/556 372/586/558 386/614/546
f 386/614/546 372/586/558 370/584/101 382/605/100
f 393/622/206 361/572/205 364/577/557 396/626/559
f 396/626/559 364/577/557 363/575/555 395/624/560
f 395/625/560 363/576/555 362/574/553 394/623/561
f 394/623/561 362/574/553 360/571/23 392/621/209
f 388/616/7 356/566/6 359/570/551 391/620/562
f 391/620/562 359/570/551 358/568/549 390/619/563
f 390/618/563 358/569/549 357/567/547 389/617/564
f 389/617/564 357/567/547 355/565/231 387/615/234
f 387/615/234 397/627/240 399/629/565 389/617/564
f 389/617/564 399/629/565 400/631/566 390/618/563
f 390/619/563 400/630/566 401/632/567 391/620/562
f 391/620/562 401/632/567 398/628/198 388/616/7
f 403/634/236 393/622/206 396/626/559 406/638/568
f 406/638/568 396/626/559 395/624/560 405/636/569
f 405/637/569 395/625/560 394/623/561 404/635/570
f 404/635/570 394/623/561 392/621/209 402/633/403
f 413/649/237 403/634/236 406/638/568 416/655/571
f 416/655/571 406/638/568 405/636/569 415/652/572
f 415/654/572 405/637/569 404/635/570 414/651/573
f 414/651/573 404/635/570 402/633/403 412/648/422
f 408/641/439 398/628/198 401/632/567 411/647/574
f 411/647/574 401/632/567 400/630/566 410/645/575
f 410/644/575 400/631/566 399/629/565 409/642/576
f 409/642/576 399/629/565 397/627/240 407/639/250
f 423/664/243 413/650/237 416/656/571 426/668/577
f 426/668/577 416/656/571 415/653/572 425/666/578
f 425/667/578 415/654/572 414/651/573 424/665/579
f 424/665/579 414/651/573 412/648/422 422/663/334
f 418/658/354 408/641/439 411/647/574 421/662/580
f 421/662/580 411/647/574 410/645/575 420/661/581
f 420/660/581 410/646/575 409/643/576 419/659/582
f 419/659/582 409/643/576 407/640/250 417/657/258
f 417/657/258 427/669/264 429/671/583 419/659/582
f 419/659/582 429/671/583 430/673/584 420/660/581
f 420/661/581 430/672/584 431/674/585 421/662/580
f 421/662/580 431/674/585 428/670/355 418/658/354
f 433/676/260 423/664/243 426/668/577 436/680/586
f 436/680/586 426/668/577 425/666/578 435/678/587
f 435/679/587 425/667/578 424/665/579 434/677/588
f 434/677/588 424/665/579 422/663/334 432/675/337
f 443/688/261 433/676/260 436/680/586 446/692/589
f 446/692/589 436/680/586 435/678/587 445/691/590
f 445/690/590 435/679/587 434/677/588 444/689/591
f 444/689/591 434/677/588 432/675/337 442/687/389
f 438/682/397 428/670/355 431/674/585 441/686/592
f 441/686/592 431/674/585 430/672/584 440/684/593
f 440/685/593 430/673/584 429/671/583 439/683/594
f 439/683/594 429/671/583 427/669/264 437/681/262
f 442/687/389 452/699/385 454/701/595 444/689/591
f 444/689/591 454/701/595 455/703/596 445/690/590
f 445/691/590 455/702/596 456/704/597 446/692/589
f 446/692/589 456/704/597 453/700/279 443/688/261
f 448/694/438 438/682/397 441/686/592 451/698/598
f 451/698/598 441/686/592 440/684/593 450/697/599
f 450/696/599 440/685/593 439/683/594 449/695/600
f 449/695/600 439/683/594 437/681/262 447/693/278
f 447/693/278 457/705/285 459/707/601 449/695/600
f 449/695/600 459/707/601 460/709/602 450/696/599
f 450/697/599 460/708/602 461/710/603 451/698/598
f 451/698/598 461/710/603 458/706/353 448/694/438
f 463/712/281 453/700/279 456/704/597 466/716/604
f 466/716/604 456/704/597 455/702/596 465/714/605
f 465/715/605 455/703/596 454/701/595 464/713/606
f 464/713/606 454/701/595 452/699/385 462/711/386
f 473/727/282 463/712/281 466/716/604 476/733/607
f 476/733/607 466/716/604 465/714/605 475/730/608
f 475/732/608 465/715/605 464/713/606 474/729/609
f 474/729/609 464/713/606 462/711/386 472/726/440
f 468/719/346 458/706/353 461/710/603 471/725/610
f 471/725/610 461/710/603 460/708/602 470/724/611
f 470/722/611 460/709/602 459/707/601 469/720/612
f 469/720/612 459/707/601 457/705/285 467/717/295
f 467/718/295 477/735/296 479/737/613 469/721/612
f 469/721/612 479/737/613 480/738/614 470/723/611
f 470/724/611 480/739/614 481/740/615 471/725/610
f 471/725/610 481/740/615 478/736/347 468/719/346
f 483/742/300 473/728/282 476/734/607 486/746/616
f 486/746/616 476/734/607 475/731/608 485/744/617
f 485/745/617 475/732/608 474/729/609 484/743/618
f 484/743/618 474/729/609 472/726/440 482/741/433
f 477/735/296 487/747/299 489/749/619 479/737/613
f 479/737/613 489/749/619 490/751/620 480/738/614
f 480/739/614 490/750/620 491/752/621 481/740/615
f 481/740/615 491/752/621 488/748/340 478/736/347
f 493/754/305 483/742/300 486/746/616 496/758/622
f 496/758/622 486/746/616 485/744/617 495/756/623
f 495/757/623 485/745/617 484/743/618 494/755/624
f 494/755/624 484/743/618 482/741/433 492/753/326
f 502/771/306 493/754/305 496/758/622 504/775/417
f 504/775/417 496/758/622 495/756/623 505/777/418
f 505/778/418 495/757/623 494/755/624 506/780/419
f 506/780/419 494/755/624 492/753/326 503/773/327
f 497/760/341 488/748/340 491/752/621 499/764/441
f 499/764/441 491/752/621 490/750/620 500/766/442
f 500/767/442 490/751/620 489/749/619 501/769/443
f 501/769/443 489/749/619 487/747/299 498/762/317
f 366/579/437 215/359/436 199/340/232 355/565/231
f 144/241/431 143/240/430 633/934/625 626/927/626
f 626/927/626 633/934/625 634/935/627 627/928/628
f 627/928/628 634/935/627 635/936/629 628/929/630
f 628/929/630 635/936/629 636/937/631 629/930/632
f 629/930/632 636/937/631 637/938/633 630/931/634
f 630/931/634 637/938/633 638/939/635 631/932/636
f 631/932/636 638/939/635 639/940/412 632/933/637
f 37/68/112 144/241/431 626/927/626 507/781/638
f 507/781/638 626/927/626 627/928/628 508/782/639
f 508/782/639 627/928/628 628/929/630 509/783/640
f 509/783/640 628/929/630 629/930/632 510/784/641
f 510/784/641 629/930/632 630/931/634 511/785/642
f 511/785/642 630/931/634 631/932/636 512/786/643
f 512/786/643 631/932/636 632/933/637 513/787/98
f 689/1010/32 688/1008/138 641/944/137 683/1001/644 520/794/33
f 550/825/645 678/995/646 682/1000/647 549/824/413
f 551/827/648 673/989/649 678/995/646 550/825/645
f 552/829/650 668/983/651 673/989/649 551/827/648
f 553/831/652 663/977/653 668/983/651 552/829/650
f 554/833/221 658/971/220 663/977/653 553/831/652
f 45/81/133 118/185/113 619/920/654 542/816/655
f 542/816/655 619/920/654 620/921/656 543/817/657
f 543/817/657 620/921/656 621/922/658 544/818/659
f 544/818/659 621/922/658 622/923/660 545/819/661
f 545/819/661 622/923/660 623/924/662 546/820/663
f 546/820/663 623/924/662 624/925/664 547/821/665
f 547/821/665 624/925/664 625/926/97 548/822/82
f 701/1033/135 706/1043/139 710/1051/215 695/1022/214
f 515/789/666 657/970/667 652/964/211 514/788/210
f 516/790/668 662/976/669 657/970/667 515/789/666
f 517/791/670 667/982/671 662/976/669 516/790/668
f 518/792/672 672/988/673 667/982/671 517/791/670
f 519/793/674 677/994/675 672/988/673 518/792/672
f 520/794/33 683/1001/644 677/994/675 519/793/674
f 108/173/178 590/887/676 597/898/88 105/167/87
f 590/887/676 589/886/677 596/897/678 597/898/88
f 589/886/677 588/885/676 595/896/679 596/897/678
f 588/885/676 587/884/680 594/895/681 595/896/679
f 587/884/680 586/883/682 593/892/683 594/895/681
f 586/883/682 585/882/684 592/890/685 593/892/683
f 585/882/684 584/881/170 591/888/171 592/890/685
f 107/170/176 583/879/686 590/887/676 108/173/178
f 583/879/686 582/877/687 589/886/677 590/887/676
f 582/877/687 581/875/688 588/885/676 589/886/677
f 581/875/688 580/873/689 587/884/680 588/885/676
f 580/873/689 579/871/690 586/883/682 587/884/680
f 579/871/690 578/869/691 585/882/684 586/883/682
f 578/869/691 577/867/169 584/881/170 585/882/684
f 106/168/174 576/866/692 583/880/686 107/171/176
f 576/866/692 575/865/693 582/878/687 583/880/686
f 575/865/693 574/864/694 581/876/688 582/878/687
f 574/864/694 573/863/695 580/874/689 581/876/688
f 573/863/695 572/862/696 579/872/690 580/874/689
f 572/862/696 571/861/697 578/870/691 579/872/690
f 571/861/697 570/860/168 577/868/169 578/870/691
f 104/165/173 563/853/698 576/866/692 106/168/174
f 563/853/698 564/854/699 575/865/693 576/866/692
f 564/854/699 565/855/700 574/864/694 575/865/693
f 565/855/700 566/856/701 573/863/695 574/864/694
f 566/856/701 567/857/702 572/862/696 573/863/695
f 567/857/702 568/858/703 571/861/697 572/862/696
f 568/858/703 569/859/92 570/860/168 571/861/697
f 80/133/172 85/139/180 605/906/704 604/905/705
f 604/905/705 605/906/704 606/907/706 603/904/707
f 603/904/707 606/907/706 607/908/708 602/903/709
f 602/903/709 607/908/708 608/909/710 601/902/711
f 601/902/711 608/909/710 609/910/712 600/901/713
f 600/901/713 609/910/712 610/911/714 599/900/715
f 599/900/715 610/911/714 611/912/89 598/899/93
f 38/71/86 556/837/85 514/788/210 50/91/125
f 556/837/85 557/839/716 515/789/666 514/788/210
f 557/839/716 558/841/717 516/790/668 515/789/666
f 558/841/717 559/843/718 517/791/670 516/790/668
f 559/843/718 560/846/719 518/792/672 517/791/670
f 560/846/719 561/848/720 519/793/674 518/792/672
f 561/848/720 562/850/29 520/794/33 519/793/674
f 143/240/430 24/47/352 555/835/218 633/934/625
f 633/934/625 555/835/218 554/834/221 634/935/627
f 634/935/627 554/834/221 553/832/652 635/936/629
f 635/936/629 553/832/652 552/830/650 636/937/631
f 636/937/631 552/830/650 551/828/648 637/938/633
f 637/938/633 551/828/648 550/826/645 638/939/635
f 638/939/635 550/826/645 549/823/413 639/940/412
f 118/185/113 37/68/112 507/781/638 619/920/654
f 619/920/654 507/781/638 508/782/639 620/921/656
f 620/921/656 508/782/639 509/783/640 621/922/658
f 621/922/658 509/783/640 510/784/641 622/923/660
f 622/923/660 510/784/641 511/785/642 623/924/662
f 623/924/662 511/785/642 512/786/643 624/925/664
f 624/925/664 512/786/643 513/787/98 625/926/97
f 104/165/173 80/133/172 604/905/705 563/853/698
f 563/853/698 604/905/705 603/904/707 564/854/699
f 564/854/699 603/904/707 602/903/709 565/855/700
f 565/855/700 602/903/709 601/902/711 566/856/701
f 566/856/701 601/902/711 600/901/713 567/857/702
f 567/857/702 600/901/713 599/900/715 568/858/703
f 568/858/703 599/900/715 598/899/93 569/859/92
f 85/139/180 90/145/184 612/913/721 605/906/704
f 605/906/704 612/913/721 613/914/722 606/907/706
f 606/907/706 613/914/722 614/915/723 607/908/708
f 607/908/708 614/915/723 615/916/724 608/909/710
f 608/909/710 615/916/724 616/917/725 609/910/712
f 609/910/712 616/917/725 617/918/726 610/911/714
f 610/911/714 617/918/726 618/919/90 611/912/89
f 31/59/30 562/851/29 591/888/171 94/150/43
f 562/852/29 561/849/720 592/891/685 591/889/171
f 561/849/720 560/847/719 593/893/683 592/891/685
f 560/847/719 559/844/718 594/894/681 593/893/683
f 559/845/718 558/842/717 595/896/679 594/895/681
f 558/842/717 557/840/716 596/897/678 595/896/679
f 557/840/716 556/838/85 597/898/88 596/897/678
f 42/78/131 43/79/130 528/802/727 521/795/728
f 521/795/728 528/802/727 529/803/729 522/796/730
f 522/796/730 529/803/729 530/804/731 523/797/732
f 523/797/732 530/804/731 531/805/733 524/798/734
f 524/798/734 531/805/733 532/806/735 525/799/736
f 525/799/736 532/806/735 533/807/737 526/800/738
f 526/800/738 533/807/737 534/808/83 527/801/84
f 43/79/130 44/80/132 535/809/739 528/802/727
f 528/802/727 535/809/739 536/810/740 529/803/729
f 529/803/729 536/810/740 537/811/741 530/804/731
f 530/804/731 537/811/741 538/812/742 531/805/733
f 531/805/733 538/812/742 539/813/743 532/806/735
f 532/806/735 539/813/743 540/814/744 533/807/737
f 533/807/737 540/814/744 541/815/81 534/808/83
f 44/80/132 45/81/133 542/816/655 535/809/739
f 535/809/739 542/816/655 543/817/657 536/810/740
f 536/810/740 543/817/657 544/818/659 537/811/741
f 537/811/741 544/818/659 545/819/661 538/812/742
f 538/812/742 545/819/661 546/820/663 539/813/743
f 539/813/743 546/820/663 547/821/665 540/814/744
f 540/814/744 547/821/665 548/822/82 541/815/81
f 24/46/352 647/954/351 653/965/219 555/836/218
f 646/951/212 649/957/745 648/956/217
f 649/957/745 650/959/746 648/956/217
f 650/959/746 651/962/747 648/956/217
f 651/962/747 647/953/351 648/956/217
f 683/1001/644 641/944/137 645/950/368 686/1005/748
f 686/1005/748 645/950/368 644/947/367 685/1003/749
f 685/1004/749 644/948/367 643/946/366 684/1002/750
f 684/1002/750 643/946/366 640/941/189 682/1000/647
f 646/952/212 652/964/211 654/966/751 649/958/745
f 649/958/745 654/966/751 655/967/752 650/960/746
f 650/961/746 655/968/752 656/969/753 651/963/747
f 651/963/747 656/969/753 653/965/219 647/954/351
f 652/964/211 657/970/667 659/972/754 654/966/751
f 654/966/751 659/972/754 660/973/755 655/967/752
f 655/968/752 660/974/755 661/975/756 656/969/753
f 656/969/753 661/975/756 658/971/220 653/965/219
f 657/970/667 662/976/669 664/978/757 659/972/754
f 659/972/754 664/978/757 665/979/758 660/973/755
f 660/974/755 665/980/758 666/981/759 661/975/756
f 661/975/756 666/981/759 663/977/653 658/971/220
f 662/976/669 667/982/671 669/984/760 664/978/757
f 664/978/757 669/984/760 670/985/761 665/979/758
f 665/980/758 670/986/761 671/987/762 666/981/759
f 666/981/759 671/987/762 668/983/651 663/977/653
f 667/982/671 672/988/673 674/990/763 669/984/760
f 669/984/760 674/990/763 675/991/764 670/985/761
f 670/986/761 675/992/764 676/993/765 671/987/762
f 671/987/762 676/993/765 673/989/649 668/983/651
f 672/988/673 677/994/675 679/996/766 674/990/763
f 674/990/763 679/996/766 680/997/767 675/991/764
f 675/992/764 680/998/767 681/999/768 676/993/765
f 676/993/765 681/999/768 678/995/646 673/989/649
f 677/994/675 683/1001/644 686/1005/748 679/996/766
f 679/996/766 686/1005/748 685/1003/749 680/997/767
f 680/998/767 685/1004/749 684/1002/750 681/999/768
f 681/999/768 684/1002/750 682/1000/647 678/995/646
f 549/824/413 682/1000/647 640/941/189 36/66/188
f 687/1007/20 691/1012/769 692/1014/770 693/1017/771 688/1008/138 689/1010/32 690/1011/31
f 694/1019/140 697/1025/772 696/1024/213
f 697/1025/772 698/1027/773 696/1024/213
f 698/1027/773 699/1029/774 696/1024/213
f 699/1029/774 695/1021/214 696/1024/213
f 710/1050/215 714/1056/775 715/1058/776 716/1061/777 711/1053/197 712/1054/778 713/1055/216
f 694/1020/140 700/1032/143 702/1035/779 697/1026/772
f 697/1026/772 702/1035/779 703/1037/780 698/1028/773
f 698/1028/773 703/1037/780 704/1038/781 699/1030/774
f 699/1031/774 704/1039/781 701/1033/135 695/1022/214
f 687/1006/20 705/1041/19 707/1044/782 691/1013/769
f 691/1013/769 707/1044/782 708/1047/783 692/1015/770
f 692/1016/770 708/1045/783 709/1048/784 693/1018/771
f 693/1018/771 709/1048/784 706/1042/139 688/1009/138
f 710/1051/215 706/1043/139 709/1049/784 714/1057/775
f 714/1057/775 709/1049/784 708/1046/783 715/1059/776
f 715/1060/776 708/1047/783 707/1044/782 716/1062/777
f 716/1062/777 707/1044/782 705/1041/19 711/1052/197
f 717/1064/136 701/1034/135 704/1040/781 719/1067/369
f 719/1067/369 704/1040/781 703/1036/780 720/1068/370
f 720/1069/370 703/1037/780 702/1035/779 721/1070/371
f 721/1070/371 702/1035/779 700/1032/143 718/1065/372
f 31/60/30 11/24/42 46/83/21 687/1007/20 690/1011/31
f 23/43/349 1/1/69 763/1114/72 798/1159/785
f 6/13/15 114/180/14 767/1122/786 773/1129/787
f 792/1152/788 787/1146/789 813/1184/790 808/1177/791
f 21/41/61 20/40/59 783/1141/792 788/1147/793
f 837/1217/794 772/1128/795 803/1170/796 842/1224/797
f 2221/3395/798 2220/3394/799 750/1099/800 741/1090/801
f 741/1090/801 750/1099/800 751/1100/802 742/1091/803
f 742/1091/803 751/1100/802 752/1101/804 743/1092/805
f 743/1092/805 752/1101/804 753/1102/806 744/1093/807
f 744/1093/807 753/1102/806 754/1103/808 745/1094/809
f 745/1094/809 754/1103/808 755/1104/810 746/1095/811
f 746/1095/811 755/1104/810 756/1105/812 747/1096/813
f 747/1096/813 756/1105/812 757/1106/814 748/1097/815
f 1057/1617/363 1028/1571/362 1027/1569/816 1061/1622/817
f 2224/3398/818 2221/3395/798 741/1090/801 732/1081/819
f 732/1081/819 741/1090/801 742/1091/803 733/1082/820
f 733/1082/820 742/1091/803 743/1092/805 734/1083/821
f 734/1083/821 743/1092/805 744/1093/807 735/1084/822
f 735/1084/822 744/1093/807 745/1094/809 736/1085/823
f 736/1085/823 745/1094/809 746/1095/811 737/1086/824
f 737/1086/824 746/1095/811 747/1096/813 738/1087/825
f 738/1087/825 747/1096/813 748/1097/815 739/1088/826
f 1066/1628/827 1031/1578/828 1030/1575/76 1047/1605/75
f 722/1071/829 2224/3398/818 732/1081/819 723/1072/830
f 723/1072/830 732/1081/819 733/1082/820 724/1073/831
f 724/1073/831 733/1082/820 734/1083/821 725/1074/832
f 725/1074/832 734/1083/821 735/1084/822 726/1075/833
f 726/1075/833 735/1084/822 736/1085/823 727/1076/834
f 727/1076/834 736/1085/823 737/1086/824 728/1077/835
f 728/1077/835 737/1086/824 738/1087/825 729/1078/836
f 729/1078/836 738/1087/825 739/1088/826 730/1079/837
f 22/42/63 21/41/61 788/1147/793 793/1153/838
f 772/1128/795 768/1123/839 827/1203/840 803/1170/796
f 20/40/59 19/39/58 777/1134/841 783/1141/792
f 114/180/14 22/42/63 793/1153/838 767/1122/786
f 762/1112/842 758/1107/843 832/1210/844 797/1158/845
f 758/1107/843 837/1217/794 842/1224/797 832/1210/844
f 782/1140/846 778/1135/847 822/1196/848 818/1191/849
f 768/1123/839 792/1152/788 808/1177/791 827/1203/840
f 787/1146/789 782/1140/846 818/1191/849 813/1184/790
f 758/1107/843 762/1112/842 764/1115/850 761/1111/851
f 761/1111/851 764/1115/850 765/1117/852 760/1109/853
f 760/1110/853 765/1118/852 766/1120/80 759/1108/79
f 776/1133/854 840/1221/855 944/1410/856 773/1129/787
f 768/1123/839 772/1128/795 774/1130/857 771/1127/858
f 771/1127/858 774/1130/857 775/1131/859 770/1125/860
f 770/1126/860 775/1132/859 776/1133/854 769/1124/861
f 769/1124/861 776/1133/854 773/1129/787 767/1122/786
f 778/1135/847 782/1140/846 784/1142/862 781/1139/863
f 781/1139/863 784/1142/862 785/1143/864 780/1137/865
f 780/1138/865 785/1144/864 786/1145/866 779/1136/867
f 779/1136/867 786/1145/866 783/1141/792 777/1134/841
f 782/1140/846 787/1146/789 789/1148/868 784/1142/862
f 784/1142/862 789/1148/868 790/1149/869 785/1143/864
f 785/1144/864 790/1150/869 791/1151/870 786/1145/866
f 786/1145/866 791/1151/870 788/1147/793 783/1141/792
f 787/1146/789 792/1152/788 794/1154/871 789/1148/868
f 789/1148/868 794/1154/871 795/1155/872 790/1149/869
f 790/1150/869 795/1156/872 796/1157/873 791/1151/870
f 791/1151/870 796/1157/873 793/1153/838 788/1147/793
f 762/1112/842 797/1158/845 799/1162/874 764/1115/850
f 764/1116/850 799/1161/874 800/1163/875 765/1119/852
f 765/1119/852 800/1163/875 801/1166/876 766/1121/80
f 766/1121/80 801/1166/876 798/1159/785 763/1114/72
f 823/1197/877 817/1189/878 819/1192/879 826/1202/880
f 826/1202/880 819/1192/879 820/1193/881 825/1200/882
f 825/1201/882 820/1194/881 821/1195/883 824/1199/884
f 824/1199/884 821/1195/883 818/1191/849 822/1196/848
f 817/1189/878 812/1182/885 814/1185/886 819/1192/879
f 819/1192/879 814/1185/886 815/1186/887 820/1193/881
f 820/1194/881 815/1187/887 816/1188/888 821/1195/883
f 821/1195/883 816/1188/888 813/1184/790 818/1191/849
f 812/1182/885 807/1175/889 809/1178/890 814/1185/886
f 814/1185/886 809/1178/890 810/1179/891 815/1186/887
f 815/1187/887 810/1180/891 811/1181/892 816/1188/888
f 816/1188/888 811/1181/892 808/1177/791 813/1184/790
f 828/1204/893 802/1168/894 804/1171/895 831/1209/896
f 831/1209/896 804/1171/895 805/1172/897 830/1207/898
f 830/1208/898 805/1173/897 806/1174/899 829/1206/900
f 829/1206/900 806/1174/899 803/1170/796 827/1203/840
f 833/1211/901 1131/1718/902 801/1167/876 836/1216/903
f 836/1216/903 801/1167/876 800/1164/875 835/1214/904
f 835/1215/904 800/1165/875 799/1162/874 834/1213/905
f 834/1213/905 799/1162/874 797/1158/845 832/1210/844
f 792/1152/788 768/1123/839 771/1127/858 794/1154/871
f 794/1154/871 771/1127/858 770/1125/860 795/1155/872
f 795/1156/872 770/1126/860 769/1124/861 796/1157/873
f 796/1157/873 769/1124/861 767/1122/786 793/1153/838
f 807/1175/889 828/1204/893 831/1209/896 809/1178/890
f 809/1178/890 831/1209/896 830/1207/898 810/1179/891
f 810/1180/891 830/1208/898 829/1206/900 811/1181/892
f 811/1181/892 829/1206/900 827/1203/840 808/1177/791
f 772/1128/795 837/1217/794 838/1218/906 774/1130/857
f 774/1130/857 838/1218/906 839/1219/907 775/1131/859
f 775/1132/859 839/1220/907 840/1221/855 776/1133/854
f 868/1288/111 869/1292/110 976/1467/404 979/1473/908 985/1487/909 984/1484/910
f 837/1217/794 758/1107/843 761/1111/851 838/1218/906
f 838/1218/906 761/1111/851 760/1109/853 839/1219/907
f 839/1220/907 760/1110/853 759/1108/79 840/1221/855
f 943/1408/424 939/1400/911 866/1281/912 867/1285/425
f 802/1168/894 841/1222/913 843/1225/914 804/1171/895
f 804/1171/895 843/1225/914 844/1226/915 805/1172/897
f 805/1173/897 844/1227/915 845/1228/916 806/1174/899
f 806/1174/899 845/1228/916 842/1224/797 803/1170/796
f 841/1222/913 833/1211/901 836/1216/903 843/1225/914
f 843/1225/914 836/1216/903 835/1214/904 844/1226/915
f 844/1227/915 835/1215/904 834/1213/905 845/1228/916
f 845/1228/916 834/1213/905 832/1210/844 842/1224/797
f 939/1401/911 923/1379/9 863/1275/12 866/1282/912
f 871/1296/917 870/1294/105 1012/1539/104 1016/1548/918 1006/1528/919 1005/1525/920
f 957/1433/921 956/1431/922 848/1235/923 847/1232/924 983/1482/925 986/1489/926
f 914/1365/410 912/1361/194 915/1366/927 916/1368/928 917/1371/929 913/1363/411
f 907/1352/930 877/1305/398 855/1255/399 861/1270/931
f 872/1299/402 902/1344/402 46/84/21 5/12/1
f 984/1486/910 962/1442/106 868/1289/111
f 2/3/348 24/46/352 847/1233/924 848/1236/923
f 907/1351/930 908/1353/932 906/1350/401 909/1354/933 910/1356/934 911/1359/935
f 949/1420/936 933/1392/426 865/1279/427
f 1005/1527/920 997/1511/937 871/1297/917
f 632/933/637 639/940/412 993/1502/415 992/1501/938 1000/1515/939 999/1514/940
f 36/66/188 3/5/192 846/1230/195 853/1250/941
f 855/1256/399 858/1264/399 859/1265/192 854/1253/192
f 858/1264/399 856/1259/230 857/1262/229 859/1265/192
f 855/1256/399 854/1253/192 860/1268/195 861/1271/931
f 892/1329/391 891/1328/227 885/1316/227 884/1315/942 145/242/222 146/243/392
f 901/1343/193 873/1300/193 854/1254/192 859/1266/192
f 884/1315/942 883/1313/943 63/112/5 120/189/8 145/242/222
f 3/6/192 55/101/191 896/1337/400 878/1306/400
f 55/101/191 63/113/5 883/1314/943 896/1337/400
f 865/1280/427 862/1274/348 863/1276/12 864/1278/11
f 863/1276/12 862/1274/348 867/1286/425 866/1283/912
f 918/1373/944 6/13/15 773/1129/787 944/1410/856
f 840/1221/855 759/1108/79 938/1399/71 944/1410/856
f 4/9/16 934/1393/945 948/1418/946 849/1239/420
f 928/1385/947 924/1380/70 1/2/69 2/4/348
f 928/1385/947 2/4/348 848/1237/923 956/1432/922
f 860/1269/195 1007/1530/948 1006/1529/919 1016/1547/918 1015/1545/949 861/1272/931
f 979/1474/908 978/1472/950 951/1423/951 950/1421/952 958/1435/953 957/1433/921 986/1489/926 985/1488/909
f 997/1510/937 1000/1515/939 992/1501/938 991/1499/103 870/1295/105 871/1298/917
f 964/1445/429 963/1443/954 24/47/352 143/240/430
f 849/1240/420 948/1417/946 951/1423/951 978/1472/950 977/1470/407 852/1249/406
f 513/787/98 632/933/637 999/1514/940 998/1512/955 30/57/2
f 30/58/2 998/1513/955 1004/1524/408 850/1243/3
f 882/1311/226 886/1317/956 887/1319/957 888/1322/958 883/1313/943 884/1315/942 885/1316/227
f 889/1324/390 893/1330/959 894/1332/960 895/1335/961 890/1326/228 891/1328/227 892/1329/391
f 897/1338/398 877/1305/398 879/1307/962 900/1342/962
f 900/1342/962 879/1307/962 880/1308/399 899/1340/399
f 899/1341/399 880/1309/399 881/1310/963 898/1339/963
f 898/1339/963 881/1310/963 878/1306/400 896/1337/400
f 902/1344/402 872/1299/402 874/1301/964 905/1348/964
f 905/1348/964 874/1301/964 875/1303/192 904/1346/192
f 904/1347/192 875/1302/192 876/1304/965 903/1345/965
f 903/1345/965 876/1304/965 873/1300/193 901/1343/193
f 882/1312/226 897/1338/398 900/1342/962 886/1318/956
f 886/1318/956 900/1342/962 899/1340/399 887/1320/957
f 887/1321/957 899/1341/399 898/1339/963 888/1323/958
f 888/1323/958 898/1339/963 896/1337/400 883/1314/943
f 889/1325/390 902/1344/402 905/1348/964 893/1331/959
f 893/1331/959 905/1348/964 904/1346/192 894/1333/960
f 894/1334/960 904/1347/192 903/1345/965 895/1336/961
f 895/1336/961 903/1345/965 901/1343/193 890/1327/228
f 877/1305/398 907/1352/930 911/1360/935 879/1307/962
f 879/1307/962 911/1360/935 910/1357/934 880/1308/399
f 880/1309/399 910/1358/934 909/1355/933 881/1310/963
f 881/1310/963 909/1355/933 906/1349/401 878/1306/400
f 912/1362/194 873/1300/193 876/1304/965 915/1367/927
f 915/1367/927 876/1304/965 875/1302/192 916/1369/928
f 916/1370/928 875/1303/192 874/1301/964 917/1372/929
f 917/1372/929 874/1301/964 872/1299/402 913/1364/411
f 872/1299/402 5/12/1 851/1246/4 913/1364/411
f 1014/1543/966 1013/1541/967 853/1251/941 846/1231/195 906/1350/401 908/1353/932
f 865/1280/427 864/1278/11 955/1429/421 958/1436/953 950/1422/952 949/1419/936
f 948/1418/946 952/1425/968 953/1426/969 954/1427/970 949/1419/936 950/1422/952 951/1424/951
f 955/1429/421 959/1438/971 960/1439/972 961/1440/973 956/1432/922 957/1434/921 958/1436/953
f 919/1374/423 933/1392/426 935/1395/974 922/1378/975
f 922/1378/975 935/1395/974 936/1396/976 921/1377/977
f 921/1376/977 936/1397/976 937/1398/978 920/1375/979
f 920/1375/979 937/1398/978 934/1393/945 918/1373/944
f 924/1380/70 928/1385/947 930/1387/980 927/1384/981
f 927/1384/981 930/1387/980 931/1389/982 926/1383/983
f 926/1382/983 931/1388/982 932/1390/984 925/1381/985
f 925/1381/985 932/1390/984 929/1386/10 923/1379/9
f 939/1400/911 943/1408/424 945/1411/986 942/1406/987
f 942/1406/987 945/1411/986 946/1413/988 941/1403/989
f 941/1405/989 946/1414/988 947/1416/990 940/1402/991
f 940/1402/991 947/1416/990 944/1410/856 938/1399/71
f 923/1379/9 939/1401/911 942/1407/987 925/1381/985
f 925/1381/985 942/1407/987 941/1404/989 926/1382/983
f 926/1383/983 941/1405/989 940/1402/991 927/1384/981
f 927/1384/981 940/1402/991 938/1399/71 924/1380/70
f 918/1373/944 944/1410/856 947/1416/990 920/1375/979
f 920/1375/979 947/1416/990 946/1414/988 921/1376/977
f 921/1377/977 946/1415/988 945/1412/986 922/1378/975
f 922/1378/975 945/1412/986 943/1409/424 919/1374/423
f 955/1430/421 929/1386/10 932/1390/984 959/1437/971
f 959/1438/971 932/1391/984 931/1389/982 960/1439/972
f 960/1439/972 931/1389/982 930/1387/980 961/1440/973
f 961/1440/973 930/1387/980 928/1385/947 956/1432/922
f 948/1418/946 934/1393/945 937/1398/978 952/1425/968
f 952/1425/968 937/1398/978 936/1397/976 953/1426/969
f 953/1426/969 936/1397/976 935/1394/974 954/1427/970
f 954/1428/970 935/1395/974 933/1392/426 949/1420/936
f 4/9/16 6/13/15 918/1373/944 934/1393/945
f 962/1441/106 966/1447/992 967/1450/993 968/1452/994 963/1443/954 964/1445/429 965/1446/107
f 969/1454/405 973/1460/995 974/1462/996 975/1464/997 970/1456/109 971/1458/108 972/1459/428
f 976/1468/404 980/1475/998 981/1478/999 982/1480/1000 977/1470/407 978/1472/950 979/1474/908
f 983/1482/925 987/1490/1001 988/1492/1002 989/1494/1003 984/1485/910 985/1488/909 986/1489/926
f 976/1469/404 970/1457/109 975/1465/997 980/1476/998
f 980/1477/998 975/1466/997 974/1463/996 981/1479/999
f 981/1479/999 974/1463/996 973/1461/995 982/1481/1000
f 982/1481/1000 973/1461/995 969/1455/405 977/1471/407
f 962/1442/106 984/1486/910 989/1495/1003 966/1448/992
f 966/1449/992 989/1496/1003 988/1493/1002 967/1451/993
f 967/1451/993 988/1493/1002 987/1491/1001 968/1453/994
f 968/1453/994 987/1491/1001 983/1483/925 963/1444/954
f 24/48/352 963/1444/954 983/1483/925 847/1234/924
f 990/1497/414 994/1503/1004 995/1505/1005 996/1507/1006 991/1499/103 992/1501/938 993/1502/415
f 997/1510/937 1001/1516/1007 1002/1519/1008 1003/1521/1009 998/1512/955 999/1514/940 1000/1515/939
f 1004/1523/408 1009/1532/1010 1010/1534/1011 1011/1536/1012 1005/1526/920 1006/1529/919 1007/1530/948 1008/1531/409
f 1012/1539/104 1017/1549/1013 1018/1551/1014 1019/1552/1015 1013/1542/967 1014/1544/966 1015/1546/949 1016/1548/918
f 1004/1524/408 998/1513/955 1003/1522/1009 1009/1533/1010
f 1009/1533/1010 1003/1522/1009 1002/1520/1008 1010/1535/1011
f 1010/1535/1011 1002/1520/1008 1001/1517/1007 1011/1537/1012
f 1011/1538/1012 1001/1518/1007 997/1511/937 1005/1527/920
f 990/1498/414 1013/1542/967 1019/1552/1015 994/1504/1004
f 994/1504/1004 1019/1552/1015 1018/1551/1014 995/1506/1005
f 995/1506/1005 1018/1551/1014 1017/1549/1013 996/1508/1006
f 996/1509/1006 1017/1550/1013 1012/1540/104 991/1500/103
f 990/1498/414 36/67/188 853/1252/941 1013/1542/967
f 1115/1696/1016 1110/1690/1017 1035/1585/1018 1036/1587/1019
f 1071/1634/1020 1041/1598/1021 383/607/544 382/606/100 219/365/99 1083/1651/1022
f 1135/1726/1023 1125/1708/1024 1038/1592/1025 1039/1593/1026
f 812/1183/885 817/1190/878 1106/1685/1027 1111/1691/1028
f 807/1176/889 812/1183/885 1111/1691/1028 1116/1697/1029
f 219/365/99 222/372/535 223/375/537 224/377/539 220/367/95 221/369/116 1084/1654/445 1083/1651/1022
f 1095/1673/1030 1130/1715/1031 1040/1595/1032 1022/1557/202
f 221/370/116 227/382/115 1026/1567/449 1023/1560/446
f 1110/1690/1017 1105/1684/1033 1034/1583/1034 1035/1585/1018
f 1105/1684/1033 1101/1680/932 1033/1581/1035 1034/1583/1034
f 23/44/349 1077/1644/1036 1088/1661/1037 226/381/435 375/591/434 377/595/350
f 1121/1704/1038 1115/1696/1016 1036/1587/1019 1037/1590/1039
f 1130/1714/1031 1135/1726/1023 1039/1593/1026 1040/1596/1032
f 841/1223/913 802/1169/894 1126/1709/1040 1136/1727/1041
f 1022/1558/202 1021/1554/119 1024/1562/447 1023/1561/446 1026/1568/449 1025/1566/203
f 1029/1574/77 1030/1576/76 1036/1588/1019 1035/1586/1018
f 1030/1576/76 1031/1577/828 1037/1589/1039 1036/1588/1019
f 1027/1570/816 1028/1572/362 1034/1584/1034 1033/1582/1035
f 1032/1579/120 1021/1554/119 1039/1594/1026 1038/1591/1025
f 1028/1572/362 1029/1574/77 1035/1586/1018 1034/1584/1034
f 1031/1577/828 1032/1579/120 1038/1591/1025 1037/1589/1039
f 1021/1554/119 1022/1558/202 1040/1597/1032 1039/1594/1026
f 828/1205/893 807/1176/889 1116/1697/1029 1120/1702/1042
f 802/1169/894 828/1205/893 1120/1702/1042 1126/1709/1040
f 1125/1708/1024 1121/1704/1038 1037/1590/1039 1038/1592/1025
f 225/379/114 228/385/529 229/388/531 230/390/533 226/381/435 1088/1661/1037 1090/1664/448 227/383/115
f 833/1212/901 841/1223/913 1136/1727/1041 1131/1716/902
f 1091/1666/1043 1088/1661/1037 1077/1644/1036 1081/1648/1044
f 817/1190/878 823/1198/877 1100/1678/1045 1106/1685/1027
f 1041/1598/1021 1067/1629/1046 712/1054/778 711/1053/197 381/604/196 383/607/544
f 1067/1629/1046 1046/1604/1047 2211/3385/1048 2212/3386/1049 2213/3387/1050 2214/3388/1051 2215/3389/1052 2216/3390/1053 2217/3391/1054 2218/3392/1055 2219/3393/122 50/92/125 713/1055/216 712/1054/778
f 1046/1604/1047 1051/1610/1056 731/1080/1057 2211/3385/1048
f 1051/1610/1056 1056/1616/1058 740/1089/1059 731/1080/1057
f 1056/1616/1058 1062/1623/1060 749/1098/1061 740/1089/1059
f 1072/1636/118 1082/1650/444 1024/1563/447 1021/1555/119
f 1082/1649/444 1085/1655/1062 1084/1653/445
f 1085/1655/1062 1086/1657/1063 1084/1653/445
f 1086/1659/1063 1087/1660/1064 1084/1654/445
f 1087/1660/1064 1083/1651/1022 1084/1654/445
f 1088/1661/1037 1091/1666/1043 1090/1664/448
f 1091/1666/1043 1092/1668/1065 1090/1664/448
f 1092/1667/1065 1093/1670/1066 1090/1665/448
f 1093/1670/1066 1089/1662/200 1090/1665/448
f 1062/1623/1060 1056/1616/1058 1058/1618/1067 1065/1627/1068
f 1065/1627/1068 1058/1618/1067 1059/1619/1069 1064/1625/1070
f 1064/1626/1070 1059/1620/1069 1060/1621/1071 1063/1624/1072
f 1063/1624/1072 1060/1621/1071 1057/1617/363 1061/1622/817
f 1056/1616/1058 1051/1610/1056 1053/1612/1073 1058/1618/1067
f 1058/1618/1067 1053/1612/1073 1054/1613/1074 1059/1619/1069
f 1059/1620/1069 1054/1614/1074 1055/1615/1075 1060/1621/1071
f 1060/1621/1071 1055/1615/1075 1052/1611/78 1057/1617/363
f 1051/1610/1056 1046/1604/1047 1048/1606/1076 1053/1612/1073
f 1053/1612/1073 1048/1606/1076 1049/1607/1077 1054/1613/1074
f 1054/1614/1074 1049/1608/1077 1050/1609/1078 1055/1615/1075
f 1055/1615/1075 1050/1609/1078 1047/1605/75 1052/1611/78
f 1067/1629/1046 1041/1598/1021 1043/1600/1079 1070/1633/1080
f 1070/1633/1080 1043/1600/1079 1044/1601/1081 1069/1631/1082
f 1069/1632/1082 1044/1602/1081 1045/1603/1083 1068/1630/1084
f 1068/1630/1084 1045/1603/1083 1042/1599/121 1066/1628/827
f 1046/1604/1047 1067/1629/1046 1070/1633/1080 1048/1606/1076
f 1048/1606/1076 1070/1633/1080 1069/1631/1082 1049/1607/1077
f 1049/1608/1077 1069/1632/1082 1068/1630/1084 1050/1609/1078
f 1050/1609/1078 1068/1630/1084 1066/1628/827 1047/1605/75
f 1041/1598/1021 1071/1634/1020 1073/1637/1085 1043/1600/1079
f 1043/1600/1079 1073/1637/1085 1074/1640/1086 1044/1601/1081
f 1044/1602/1081 1074/1638/1086 1075/1641/1087 1045/1603/1083
f 1045/1603/1083 1075/1641/1087 1072/1635/118 1042/1599/121
f 1082/1650/444 1072/1636/118 1075/1642/1087 1085/1656/1062
f 1085/1656/1062 1075/1642/1087 1074/1639/1086 1086/1658/1063
f 1086/1659/1063 1074/1640/1086 1073/1637/1085 1087/1660/1064
f 1087/1660/1064 1073/1637/1085 1071/1634/1020 1083/1651/1022
f 1091/1666/1043 1081/1648/1044 1080/1646/1088 1092/1668/1065
f 1092/1669/1065 1080/1647/1088 1079/1645/1089 1093/1671/1066
f 1093/1671/1066 1079/1645/1089 1076/1643/201 1089/1663/200
f 1101/1680/932 1105/1684/1033 1107/1687/1033 1104/1683/932
f 1104/1683/932 1107/1687/1033 1108/1688/1033 1103/1682/932
f 1103/1682/932 1108/1688/1033 1109/1689/1033 1102/1681/932
f 1102/1681/932 1109/1689/1033 1106/1686/1027 1100/1679/1045
f 1105/1684/1033 1110/1690/1017 1112/1693/1017 1107/1687/1033
f 1107/1687/1033 1112/1693/1017 1113/1694/1017 1108/1688/1033
f 1108/1688/1033 1113/1694/1017 1114/1695/1017 1109/1689/1033
f 1109/1689/1033 1114/1695/1017 1111/1692/1028 1106/1686/1027
f 1110/1690/1017 1115/1696/1016 1117/1699/1090 1112/1693/1017
f 1112/1693/1017 1117/1699/1090 1118/1700/1090 1113/1694/1017
f 1113/1694/1017 1118/1700/1090 1119/1701/1090 1114/1695/1017
f 1114/1695/1017 1119/1701/1090 1116/1698/1029 1111/1692/1028
f 1121/1704/1038 1125/1708/1024 1127/1711/1091 1124/1707/1092
f 1124/1707/1092 1127/1711/1091 1128/1712/1093 1123/1706/1094
f 1123/1706/1094 1128/1712/1093 1129/1713/1095 1122/1705/1096
f 1122/1705/1096 1129/1713/1095 1126/1710/1040 1120/1703/1042
f 1115/1696/1016 1121/1704/1038 1124/1707/1092 1117/1699/1090
f 1117/1699/1090 1124/1707/1092 1123/1706/1094 1118/1700/1090
f 1118/1700/1090 1123/1706/1094 1122/1705/1096 1119/1701/1090
f 1119/1701/1090 1122/1705/1096 1120/1703/1042 1116/1698/1029
f 1125/1708/1024 1135/1726/1023 1137/1729/1097 1127/1711/1091
f 1127/1711/1091 1137/1729/1097 1138/1730/1098 1128/1712/1093
f 1128/1712/1093 1138/1730/1098 1139/1731/1099 1129/1713/1095
f 1129/1713/1095 1139/1731/1099 1136/1728/1041 1126/1710/1040
f 1135/1726/1023 1130/1714/1031 1132/1719/1100 1137/1729/1097
f 1137/1729/1097 1132/1719/1100 1133/1721/1101 1138/1730/1098
f 1138/1730/1098 1133/1721/1101 1134/1724/1102 1139/1731/1099
f 1139/1731/1099 1134/1724/1102 1131/1717/902 1136/1728/1041
f 1042/1599/121 1032/1580/120 1031/1578/828 1066/1628/827
f 1094/1672/1103 23/45/349 798/1160/785 1131/1718/902
f 1094/1672/1103 1131/1718/902 1134/1725/1102 1097/1674/1104
f 1097/1674/1104 1134/1725/1102 1133/1722/1101 1098/1675/1105
f 1098/1676/1105 1133/1723/1101 1132/1720/1100 1099/1677/1106
f 1132/1720/1100 1130/1715/1031 1095/1673/1030 1099/1677/1106
f 798/1160/785 801/1167/876 1131/1718/902
f 1144/1741/1107 1934/2914/1108 1933/2911/1109 1164/1779/1110
f 1190/1824/1111 1236/1888/1112 1504/2317/1113 1472/2266/1114
f 2006/3047/423 1946/2943/348 1947/2945/1115 2012/3054/1116
f 1231/1882/1117 1143/1740/1118 1145/1744/1119 1230/1880/1120
f 1233/1884/1121 1229/1879/1122 1144/1742/1107 1164/1780/1110
f 1807/2728/1123 1487/2285/1124 1476/2271/1125 1189/1821/1126 1177/1801/1127 1789/2693/1128
f 1326/2053/1129 1287/1976/1130 1286/1974/1131 1320/2046/1132
f 1671/2544/1133 1636/2495/1134 1791/2697/1135 1792/2698/1136 1165/1783/1137
f 14/29/34 75/127/37 1197/1834/1138 1151/1757/1139
f 1183/1814/1140 1191/1827/1141 1196/1833/1142 1185/1817/1143
f 1149/1751/1144 1217/1858/1145 1211/1851/1146 1165/1782/1137
f 1188/1820/45 1187/1819/45 1178/1804/1147 1177/1803/1127
f 1187/1819/45 1186/1818/45 1179/1806/1148 1178/1804/1147
f 1186/1818/45 58/104/45 49/89/48 1179/1806/1148
f 32/61/49 15/31/52 1152/1758/1149 1166/1784/1150
f 1166/1784/1150 1152/1758/1149 1153/1760/1151 1167/1785/1152
f 1167/1785/1152 1153/1760/1151 1154/1763/1153 1168/1786/1154
f 10/20/57 1148/1749/1155 1155/1764/1156 19/39/58
f 1148/1749/1155 1147/1747/1157 1156/1765/1158 1155/1764/1156
f 1147/1747/1157 1146/1746/1159 1157/1766/1160 1156/1765/1158
f 1147/1748/1157 1162/1777/1161 1163/1778/1162 1146/1745/1159
f 1148/1750/1155 1161/1776/1163 1162/1777/1161 1147/1748/1157
f 10/21/57 26/52/68 1161/1776/1163 1148/1750/1155
f 1140/1733/1164 1856/2795/1165 2021/3067/1166 2007/3048/1167
f 1231/1881/1117 1232/1883/1168 1160/1775/1169 1143/1738/1118
f 2128/3269/1170 2133/3275/1171 2111/3239/1172 2112/3241/1173
f 1852/2790/1174 2021/3067/1166 1856/2795/1165 1859/2802/1175
f 1650/2509/1176 1167/1785/1152 1168/1786/1154 1657/2516/1177
f 1643/2502/1178 1166/1784/1150 1167/1785/1152 1650/2509/1176
f 527/801/84 32/61/49 1166/1784/1150 1643/2502/1178
f 1665/2532/1179 1706/2592/1180 1222/1868/1181 1171/1791/1182
f 1720/2606/1183 1185/1817/1143 57/103/91 618/919/90
f 1678/2553/1184 1212/1852/1185 1183/1814/1140 1707/2593/1186
f 1336/2066/1187 1289/1980/1188 1287/1976/1130 1326/2053/1129
f 1727/2613/1189 1233/1884/1121 1164/1780/1110 1629/2488/1190
f 1335/2064/1191 1325/2052/1192 1486/2284/1193 1498/2306/1194
f 2074/3168/1195 1953/2961/1196 2095/3208/1197
f 2045/3109/1198 1951/2955/1199 1952/2958/1200 2053/3124/1201 2054/3126/1202 2048/3114/1203
f 1232/1883/1168 1234/1885/1204 1170/1790/1205 1160/1775/1169
f 1341/2078/1206 1290/1983/1207 1289/1981/1188 1336/2067/1187 1337/2068/1208 1343/2083/1209
f 2148/3293/1210 2123/3263/1211 2114/3246/1212 2104/3221/1213
f 2234/3412/1214 1180/1809/1215 1172/1794/1216 2238/3416/1217
f 2238/3416/1217 1172/1794/1216 1173/1796/1218 2236/3414/1219
f 2236/3414/1219 1173/1796/1218 41/76/129 2222/3396/128
f 26/52/68 42/78/131 1174/1798/1220 1161/1776/1163
f 1161/1776/1163 1174/1798/1220 1175/1799/1221 1162/1777/1161
f 1162/1777/1161 1175/1799/1221 1176/1800/1222 1163/1778/1162
f 1149/1753/1144 1177/1802/1127 1178/1805/1147 1150/1754/1223
f 1150/1754/1223 1178/1805/1147 1179/1807/1148 1151/1756/1139
f 1151/1756/1139 1179/1807/1148 49/90/48 14/30/34
f 1803/2721/1224 1808/2729/1225 1790/2696/1226 1743/2629/1227 1819/2751/1228
f 1796/2707/1229 1802/2719/1230 1481/2278/1231 1492/2294/1232
f 1181/1810/1233 1172/1795/1216 1180/1808/1215 1171/1793/1182
f 1182/1812/1234 1173/1797/1218 1172/1795/1216 1181/1810/1233
f 53/97/146 41/77/129 1173/1797/1218 1182/1812/1234
f 1151/1757/1139 1197/1834/1138 1192/1828/1235 1150/1755/1223
f 1212/1852/1185 1216/1857/1236 1191/1827/1141 1183/1814/1140
f 1171/1792/1182 1222/1867/1181 1201/1839/1237 1181/1811/1233
f 1181/1811/1233 1201/1839/1237 1206/1845/1238 1182/1813/1234
f 1182/1813/1234 1206/1845/1238 89/144/151 53/98/146
f 1185/1817/1143 1196/1833/1142 74/126/152 57/103/91
f 1707/2593/1186 1183/1814/1140 1185/1817/1143 1720/2606/1183
f 1216/1857/1236 1218/1860/1239 1193/1829/1240 1191/1827/1141
f 1218/1860/1239 1219/1862/1241 1194/1830/1242 1193/1829/1240
f 1219/1861/1241 1220/1864/1243 1195/1832/1244 1194/1831/1242
f 1220/1864/1243 1217/1859/1145 1192/1828/1235 1195/1832/1244
f 1191/1827/1141 1193/1829/1240 1198/1835/1245 1196/1833/1142
f 1193/1829/1240 1194/1830/1242 1199/1836/1246 1198/1835/1245
f 1194/1831/1242 1195/1832/1244 1200/1838/1247 1199/1837/1246
f 1195/1832/1244 1192/1828/1235 1197/1834/1138 1200/1838/1247
f 1196/1833/1142 1198/1835/1245 76/128/162 74/126/152
f 1198/1835/1245 1199/1836/1246 77/129/163 76/128/162
f 1199/1837/1246 1200/1838/1247 78/131/164 77/130/163
f 1200/1838/1247 1197/1834/1138 75/127/37 78/131/164
f 1212/1852/1185 1215/1856/1248 1218/1860/1239 1216/1857/1236
f 1215/1856/1248 1214/1854/1249 1219/1862/1241 1218/1860/1239
f 1214/1855/1249 1213/1853/1250 1220/1865/1243 1219/1863/1241
f 1213/1853/1250 1211/1851/1146 1217/1858/1145 1220/1865/1243
f 1678/2553/1184 1679/2554/1251 1215/1856/1248 1212/1852/1185
f 1679/2554/1251 1686/2562/1252 1214/1854/1249 1215/1856/1248
f 1686/2561/1252 1693/2575/1253 1213/1853/1250 1214/1855/1249
f 1693/2575/1253 1700/2582/1254 1211/1851/1146 1213/1853/1250
f 1202/1840/1255 1205/1844/1256 1223/1869/1257 1221/1866/1258
f 1205/1844/1256 1204/1842/1259 1224/1872/1260 1223/1869/1257
f 1204/1843/1259 1203/1841/1261 1225/1873/1262 1224/1870/1260
f 1203/1841/1261 1201/1839/1237 1222/1867/1181 1225/1873/1262
f 1207/1846/1263 1210/1850/1264 1205/1844/1256 1202/1840/1255
f 1210/1850/1264 1209/1848/1265 1204/1842/1259 1205/1844/1256
f 1209/1849/1265 1208/1847/1266 1203/1841/1261 1204/1843/1259
f 1208/1847/1266 1206/1845/1238 1201/1839/1237 1203/1841/1261
f 90/145/184 93/149/185 1210/1850/1264 1207/1846/1263
f 93/149/185 92/147/186 1209/1848/1265 1210/1850/1264
f 92/148/186 91/146/187 1208/1847/1266 1209/1849/1265
f 91/146/187 89/144/151 1206/1845/1238 1208/1847/1266
f 1150/1755/1223 1192/1828/1235 1217/1859/1145 1149/1752/1144
f 1228/1877/45 112/177/45 58/104/45 1186/1818/45
f 1227/1876/45 1228/1877/45 1186/1818/45 1187/1819/45
f 1226/1875/45 1227/1876/45 1187/1819/45 1188/1820/45
f 1169/1788/1267 1142/1736/399 1184/1815/1268 1744/2632/1269 1742/2628/1270
f 1956/2968/398 1937/2924/399 1943/2935/1271 1995/3030/1272
f 1229/1878/1122 1154/1762/1153 1226/1875/45 1188/1820/45
f 1154/1762/1153 1153/1761/1151 1227/1876/45 1226/1875/45
f 1153/1761/1151 1152/1759/1149 1228/1877/45 1227/1876/45
f 1152/1759/1149 15/32/52 112/177/45 1228/1877/45
f 1497/2304/1273 1487/2285/1124 1807/2728/1123 1813/2739/1274
f 1144/1743/1107 1229/1878/1122 1188/1820/45 1177/1803/1127
f 1236/1888/1112 1238/1893/1275 1514/2329/1276 1504/2317/1113
f 1163/1778/1162 1176/1800/1222 1234/1885/1204 1232/1883/1168
f 1657/2516/1177 1168/1786/1154 1233/1884/1121 1727/2613/1189
f 2165/3320/1277 2108/3232/1278 2105/3224/1279 2152/3301/1280
f 1146/1745/1159 1163/1778/1162 1232/1883/1168 1231/1881/1117
f 1321/2047/1281 1353/2098/1282 1509/2323/1283 1477/2272/1284
f 1476/2271/1125 1508/2322/1285 1235/1887/1286 1189/1821/1126
f 1168/1786/1154 1154/1763/1153 1229/1879/1122 1233/1884/1121
f 1146/1746/1159 1231/1882/1117 1230/1880/1120 1157/1766/1160
f 1630/2489/1287 1180/1808/1215 1748/2639/1288 1754/2651/1289
f 1798/2711/1290 1750/2643/1291 1748/2638/1288 1180/1809/1215 1815/2742/1292 1812/2737/1293 1797/2708/1294
f 1664/2530/1295 1663/2527/1296 1760/2658/1297 1755/2652/1298
f 1261/1942/222 1263/1944/223 1238/1892/1275 1236/1889/1112
f 1320/2046/1132 1286/1974/1131 1292/1988/388 1352/2097/1299
f 1965/2979/228 1939/2927/229 1940/2929/230 1973/2994/226 1974/2996/227 1968/2984/227
f 1471/2265/1300 1503/2316/1301 1347/2091/1302 1315/2040/1303
f 1363/2110/239 1373/2126/249 1529/2350/1304 1519/2335/1305
f 1503/2316/1301 1513/2328/1306 1357/2103/235 1347/2091/1302
f 1353/2098/1282 1363/2110/239 1519/2335/1305 1509/2323/1283
f 1352/2097/1299 1292/1988/388 1294/1992/384 1362/2109/1307
f 1373/2125/249 1383/2140/257 1539/2365/1308 1529/2351/1304
f 1362/2109/1307 1294/1992/384 1296/1997/378 1372/2124/377
f 1263/1944/223 1265/1947/248 1240/1897/1309 1238/1892/1275
f 1513/2328/1306 1523/2340/1310 1367/2116/238 1357/2103/235
f 1267/1950/251 1269/1952/254 1244/1906/336 1242/1902/335
f 1372/2124/377 1296/1997/378 1298/2002/374 1382/2139/373
f 1265/1946/248 1267/1950/251 1242/1902/335 1240/1898/1309
f 1523/2341/1310 1533/2358/1311 1377/2133/244 1367/2115/238
f 1393/2152/263 1402/2163/261 1559/2389/262 1549/2377/264
f 1533/2358/1311 1543/2370/260 1387/2145/259 1377/2133/244
f 1383/2140/257 1393/2152/263 1549/2377/264 1539/2365/1308
f 1382/2139/373 1298/2002/374 1300/2006/360 1392/2151/1312
f 1403/2164/358 1302/2010/361 1304/2014/365 1412/2175/364
f 1392/2151/1312 1300/2006/360 1302/2010/361 1403/2164/358
f 1269/1952/254 1271/1954/272 1246/1910/356 1244/1906/336
f 1543/2370/260 1553/2382/261 1398/2158/262 1387/2145/259
f 1273/1956/273 1275/1958/276 1250/1918/1313 1248/1914/1314
f 1271/1954/272 1273/1956/273 1248/1914/1314 1246/1910/356
f 1553/2382/261 1563/2394/277 1407/2169/278 1398/2158/262
f 1402/2163/261 1413/2176/277 1569/2401/1315 1559/2389/262
f 1423/2188/284 1433/2204/294 1589/2428/1316 1579/2413/285
f 1563/2394/277 1573/2406/281 1417/2181/280 1407/2169/278
f 1413/2176/277 1423/2188/284 1579/2413/285 1569/2401/1315
f 1412/2175/364 1304/2014/365 1306/2018/380 1422/2187/379
f 1277/1961/288 1279/1964/291 1254/1928/1317 1252/1923/1318
f 1422/2187/379 1306/2018/380 1308/2023/339 1432/2202/338
f 1275/1958/276 1277/1960/288 1252/1924/1318 1250/1918/1313
f 1573/2406/281 1583/2418/1319 1427/2194/283 1417/2181/280
f 1593/2436/1320 1603/2448/1321 1447/2223/1322 1437/2211/301
f 1583/2419/1319 1593/2436/1320 1437/2211/301 1427/2193/283
f 1433/2203/294 1443/2218/297 1599/2443/1323 1589/2429/1316
f 1432/2202/338 1308/2023/339 1310/2028/333 1442/2217/332
f 1453/2230/1324 1465/2254/1325 1618/2472/1326 1609/2455/1327
f 1443/2218/297 1453/2230/1324 1609/2455/1327 1599/2443/1323
f 1442/2217/332 1310/2028/333 1312/2032/324 1452/2229/1328
f 1279/1964/291 1281/1966/311 1256/1932/1329 1254/1928/1317
f 1452/2229/1328 1312/2032/324 1314/2037/1330 1464/2252/1331
f 1281/1966/311 1283/1968/315 1258/1937/1332 1256/1932/1329
f 1603/2448/1321 1614/2463/1333 1457/2236/1334 1447/2223/1322
f 1255/1930/1335 1257/1934/1336 1284/1970/1337 1282/1967/1338
f 1282/1967/1338 1284/1970/1337 1283/1968/315 1281/1966/311
f 1458/2239/1339 1313/2034/1340 1311/2030/309 1448/2224/1341
f 1608/2454/1342 1619/2474/1343 1257/1935/1336 1255/1931/1335
f 1464/2250/1331 1314/2038/1330 1313/2035/1340 1458/2237/1339 1459/2240/1344 1467/2256/1345
f 1253/1926/1346 1255/1930/1335 1282/1967/1338 1280/1965/1347
f 1280/1965/1347 1282/1967/1338 1281/1966/311 1279/1964/291
f 1448/2224/1341 1311/2030/309 1309/2026/303 1438/2212/302
f 1538/2364/1348 1548/2376/1349 1243/1905/253 1241/1901/252
f 1438/2212/302 1309/2026/303 1307/2020/293 1428/2195/292
f 1256/1933/1329 1258/1938/1332 1613/2461/1350 1604/2449/1351
f 1249/1916/1352 1251/1920/1353 1278/1962/1354 1276/1959/343
f 1276/1959/343 1278/1962/1354 1277/1960/288 1275/1958/276
f 1252/1925/1318 1254/1929/1317 1594/2437/1355 1584/2420/440
f 1141/1734/12 1159/1770/1356 1749/2641/1357 1750/2642/1291 1798/2710/1290 1796/2707/1229 1492/2294/1232 1493/2295/1358 1158/1767/1359 1140/1732/1164
f 1251/1921/1353 1253/1926/1346 1280/1965/1347 1278/1963/1354
f 1278/1963/1354 1280/1965/1347 1279/1964/291 1277/1961/288
f 1250/1919/1313 1252/1925/1318 1584/2420/440 1574/2407/1360
f 1242/1903/335 1244/1907/336 1544/2371/1361 1534/2359/1362
f 1245/1908/271 1247/1912/1363 1274/1957/273 1272/1955/272
f 1272/1955/272 1274/1957/273 1273/1956/273 1271/1954/272
f 1247/1912/1363 1249/1916/1352 1276/1959/343 1274/1957/273
f 1274/1957/273 1276/1959/343 1275/1958/276 1273/1956/273
f 1243/1904/253 1245/1908/271 1272/1955/272 1270/1953/254
f 1270/1953/254 1272/1955/272 1271/1954/272 1269/1952/254
f 1397/2157/267 1301/2008/270 1299/2004/266 1388/2146/265
f 2133/3275/1171 2138/3281/1364 2110/3237/1365 2111/3239/1172
f 1408/2170/268 1303/2013/269 1301/2008/270 1397/2157/267
f 1742/2628/1270 1744/2632/1269 1820/2752/1366 1823/2757/1367 1822/2756/1368 1821/2753/1369 1819/2750/1228 1743/2630/1227 1747/2636/1370 1746/2635/1371 1745/2633/1372
f 1388/2146/265 1299/2004/266 1297/2000/256 1378/2134/255
f 1325/2052/1192 1321/2047/1281 1477/2272/1284 1486/2284/1193
f 1239/1894/1373 1241/1900/252 1268/1951/251 1266/1948/376
f 1266/1948/376 1268/1951/251 1267/1950/251 1265/1946/248
f 1378/2134/255 1297/2000/256 1295/1994/246 1368/2117/245
f 1428/2195/292 1307/2020/293 1305/2017/287 1418/2182/286
f 1241/1900/252 1243/1904/253 1270/1953/254 1268/1951/251
f 1268/1951/251 1270/1953/254 1269/1952/254 1267/1950/251
f 1237/1890/1374 1239/1895/1373 1266/1949/376 1264/1945/382
f 1264/1945/382 1266/1949/376 1265/1947/248 1263/1944/223
f 1368/2117/245 1295/1994/246 1293/1990/242 1358/2104/1375
f 1568/2400/438 1578/2412/1376 1249/1917/1352 1247/1913/1363
f 1358/2104/1375 1293/1990/242 1291/1986/225 1348/2092/1377
f 1548/2376/1349 1558/2388/397 1245/1909/271 1243/1905/253
f 1973/2995/226 1940/2930/230 1942/2934/399 1984/3011/398
f 1189/1822/1126 1235/1886/1286 1262/1943/392 1975/2997/391 1972/2992/1378
f 1316/2041/1379 1285/1972/1380 1288/1978/1381 1330/2058/1382
f 1244/1907/336 1246/1911/356 1554/2383/389 1544/2371/1361
f 1235/1886/1286 1237/1890/1374 1264/1945/382 1262/1943/392
f 1262/1943/392 1264/1945/382 1263/1944/223 1261/1942/222
f 1960/2973/193 1938/2925/192 1941/2932/192 1980/3006/193
f 1142/1737/399 1929/2899/230 1989/3017/1383 1961/2974/402
f 1980/3006/193 1941/2932/192 1939/2928/229 1965/2980/228
f 1985/3012/400 1177/1803/1127 1189/1823/1126 1972/2993/1378
f 1508/2322/1285 1518/2334/1384 1237/1891/1374 1235/1887/1286
f 1802/2719/1230 1190/1824/1111 1472/2266/1114 1481/2278/1231
f 2053/3125/1201 1952/2959/1200 2059/3137/1385
f 2052/3123/1386 2060/3139/1387 1935/2917/924 1160/1773/1169
f 1933/2912/1109 1934/2915/1108 1996/3031/1388 1997/3033/1389 2091/3199/1390 2087/3191/1391
f 1741/2627/1392 2076/3170/1393 2073/3165/1394 1169/1787/1267 1658/2517/1395
f 1330/2058/1382 1288/1978/1381 1290/1984/1207 1341/2077/1206
f 1284/1971/1337 1257/1936/1336 1619/2473/1343 1622/2480/1396 1621/2477/1397 1620/2475/1398 1618/2471/1326 1465/2253/1325 1466/2255/1399
f 1160/1774/1169 1935/2918/924 1932/2908/923 1143/1739/1118
f 2012/3054/1116 1947/2945/1115 2038/3098/1400
f 1348/2092/1377 1291/1986/225 1285/1972/1380 1316/2041/1379
f 1518/2334/1384 1528/2349/1401 1239/1896/1373 1237/1891/1374
f 2002/3042/9 1945/2941/12 1950/2952/1402 2026/3077/1403
f 2016/3060/1404 1948/2947/1405 1945/2941/12 2002/3042/9
f 2055/3127/1406 1260/1941/1407 1259/1940/1408 2047/3113/1409 2048/3114/1203 2054/3126/1202
f 1160/1775/1169 1170/1790/1205 1260/1941/1407 2055/3127/1406 2052/3122/1386
f 1311/2031/309 1313/2036/1340 1314/2039/1330 1312/2033/324
f 1309/2027/303 1311/2031/309 1312/2033/324 1310/2029/333
f 1307/2021/293 1309/2027/303 1310/2029/333 1308/2024/339
f 1305/2016/287 1307/2022/293 1308/2025/339 1306/2019/380
f 1303/2012/269 1305/2016/287 1306/2019/380 1304/2015/365
f 1299/2005/266 1301/2009/270 1302/2011/361 1300/2007/360
f 1301/2009/270 1303/2012/269 1304/2015/365 1302/2011/361
f 1297/2001/256 1299/2005/266 1300/2007/360 1298/2003/374
f 1295/1995/246 1297/2001/256 1298/2003/374 1296/1998/378
f 1293/1991/242 1295/1996/246 1296/1999/378 1294/1993/384
f 1291/1987/225 1293/1991/242 1294/1993/384 1292/1989/388
f 1285/1973/1380 1291/1987/225 1292/1989/388 1286/1975/1131
f 1290/1985/1207 1288/1979/1381 1287/1977/1130 1289/1982/1188
f 1288/1979/1381 1285/1973/1380 1286/1975/1131 1287/1977/1130
f 1254/1929/1317 1256/1933/1329 1604/2449/1351 1594/2437/1355
f 1283/1969/315 1284/1971/1337 1466/2255/1399 1467/2257/1345 1459/2241/1344 1460/2242/432
f 1598/2442/1410 1608/2454/1342 1255/1931/1335 1253/1927/1346
f 1491/2291/1411 1482/2279/1412 1331/2059/1413 1342/2079/1414
f 1246/1911/356 1248/1915/1314 1564/2395/385 1554/2383/389
f 1240/1899/1309 1242/1903/335 1534/2359/1362 1524/2342/1415
f 1558/2388/397 1568/2400/438 1247/1913/1363 1245/1909/271
f 1578/2412/1376 1588/2427/346 1251/1922/1353 1249/1917/1352
f 1528/2349/1401 1538/2364/1348 1241/1901/252 1239/1896/1373
f 1248/1915/1314 1250/1919/1313 1574/2407/1360 1564/2395/385
f 1588/2427/346 1598/2442/1410 1253/1927/1346 1251/1922/1353
f 1238/1893/1275 1240/1899/1309 1524/2342/1415 1514/2329/1276
f 1258/1939/1332 1283/1969/315 1460/2242/432 1457/2235/1334 1614/2462/1333 1617/2469/1416 1616/2466/1417 1615/2464/1418 1613/2460/1350
f 1418/2182/286 1305/2017/287 1303/2013/269 1408/2170/268
f 2158/3307/1419 2107/3229/1420 2106/3227/1421 1337/2069/1208 2160/3310/1422
f 1343/2081/1209 2109/3234/1423 2108/3232/1278 2165/3320/1277 2166/3321/1424
f 1457/2235/1334 1460/2242/432 1459/2241/1344 1458/2238/1339 1463/2248/1425 1462/2245/1426 1461/2243/1427
f 1464/2251/1331 1467/2257/1345 1466/2255/1399 1465/2253/1325 1470/2263/1428 1469/2260/1429 1468/2258/1430
f 1448/2224/1341 1451/2228/1431 1463/2249/1425 1458/2239/1339
f 1451/2228/1431 1450/2226/1432 1462/2246/1426 1463/2249/1425
f 1450/2227/1432 1449/2225/1433 1461/2244/1427 1462/2247/1426
f 1449/2225/1433 1447/2223/1322 1457/2236/1334 1461/2244/1427
f 1453/2230/1324 1456/2234/1434 1470/2264/1428 1465/2254/1325
f 1456/2234/1434 1455/2232/1435 1469/2261/1429 1470/2264/1428
f 1455/2233/1435 1454/2231/1436 1468/2259/1430 1469/2262/1429
f 1454/2231/1436 1452/2229/1328 1464/2252/1331 1468/2259/1430
f 1438/2212/302 1441/2216/467 1451/2228/1431 1448/2224/1341
f 1441/2216/467 1440/2214/466 1450/2226/1432 1451/2228/1431
f 1440/2215/466 1439/2213/465 1449/2225/1433 1450/2227/1432
f 1439/2213/465 1437/2211/301 1447/2223/1322 1449/2225/1433
f 1443/2218/297 1446/2222/464 1456/2234/1434 1453/2230/1324
f 1446/2222/464 1445/2220/463 1455/2232/1435 1456/2234/1434
f 1445/2221/463 1444/2219/462 1454/2231/1436 1455/2233/1435
f 1444/2219/462 1442/2217/332 1452/2229/1328 1454/2231/1436
f 1428/2195/292 1431/2201/473 1441/2216/467 1438/2212/302
f 1431/2201/473 1430/2199/472 1440/2214/466 1441/2216/467
f 1430/2198/472 1429/2196/471 1439/2213/465 1440/2215/466
f 1429/2196/471 1427/2193/283 1437/2211/301 1439/2213/465
f 1433/2203/294 1436/2209/470 1446/2222/464 1443/2218/297
f 1436/2209/470 1435/2206/469 1445/2220/463 1446/2222/464
f 1435/2208/469 1434/2205/468 1444/2219/462 1445/2221/463
f 1434/2205/468 1432/2202/338 1442/2217/332 1444/2219/462
f 1418/2182/286 1421/2186/479 1431/2201/473 1428/2195/292
f 1421/2186/479 1420/2184/1437 1430/2199/472 1431/2201/473
f 1420/2185/1437 1419/2183/477 1429/2197/471 1430/2200/472
f 1419/2183/477 1417/2181/280 1427/2194/283 1429/2197/471
f 1423/2188/284 1426/2192/476 1436/2210/470 1433/2204/294
f 1426/2192/476 1425/2190/1438 1435/2207/469 1436/2210/470
f 1425/2191/1438 1424/2189/474 1434/2205/468 1435/2208/469
f 1424/2189/474 1422/2187/379 1432/2202/338 1434/2205/468
f 1408/2170/268 1411/2174/1439 1421/2186/479 1418/2182/286
f 1411/2174/1439 1410/2172/1440 1420/2184/1437 1421/2186/479
f 1410/2173/1440 1409/2171/483 1419/2183/477 1420/2185/1437
f 1409/2171/483 1407/2169/278 1417/2181/280 1419/2183/477
f 1413/2176/277 1416/2180/482 1426/2192/476 1423/2188/284
f 1416/2180/482 1415/2178/1441 1425/2190/1438 1426/2192/476
f 1415/2179/1441 1414/2177/1442 1424/2189/474 1425/2191/1438
f 1414/2177/1442 1412/2175/364 1422/2187/379 1424/2189/474
f 1388/2146/265 1391/2150/1443 1399/2159/496 1397/2157/267
f 1391/2150/1443 1390/2148/1444 1400/2160/494 1399/2159/496
f 1390/2149/1444 1389/2147/1445 1401/2162/1446 1400/2161/494
f 1389/2147/1445 1387/2145/259 1398/2158/262 1401/2162/1446
f 1393/2152/263 1396/2156/1447 1404/2165/1448 1402/2163/261
f 1396/2156/1447 1395/2154/1449 1405/2166/488 1404/2165/1448
f 1395/2155/1449 1394/2153/1450 1406/2168/486 1405/2167/488
f 1394/2153/1450 1392/2151/1312 1403/2164/358 1406/2168/486
f 1397/2157/267 1399/2159/496 1411/2174/1439 1408/2170/268
f 1399/2159/496 1400/2160/494 1410/2172/1440 1411/2174/1439
f 1400/2161/494 1401/2162/1446 1409/2171/483 1410/2173/1440
f 1401/2162/1446 1398/2158/262 1407/2169/278 1409/2171/483
f 1402/2163/261 1404/2165/1448 1416/2180/482 1413/2176/277
f 1404/2165/1448 1405/2166/488 1415/2178/1441 1416/2180/482
f 1405/2167/488 1406/2168/486 1414/2177/1442 1415/2179/1441
f 1406/2168/486 1403/2164/358 1412/2175/364 1414/2177/1442
f 1378/2134/255 1381/2138/503 1391/2150/1443 1388/2146/265
f 1381/2138/503 1380/2136/1451 1390/2148/1444 1391/2150/1443
f 1380/2137/1451 1379/2135/1452 1389/2147/1445 1390/2149/1444
f 1379/2135/1452 1377/2133/244 1387/2145/259 1389/2147/1445
f 1383/2140/257 1386/2144/1453 1396/2156/1447 1393/2152/263
f 1386/2144/1453 1385/2142/1454 1395/2154/1449 1396/2156/1447
f 1385/2143/1454 1384/2141/498 1394/2153/1450 1395/2155/1449
f 1384/2141/498 1382/2139/373 1392/2151/1312 1394/2153/1450
f 1368/2117/245 1371/2123/1455 1381/2138/503 1378/2134/255
f 1371/2123/1455 1370/2121/1456 1380/2136/1451 1381/2138/503
f 1370/2120/1456 1369/2118/1457 1379/2135/1452 1380/2137/1451
f 1369/2118/1457 1367/2115/238 1377/2133/244 1379/2135/1452
f 1373/2125/249 1376/2131/1458 1386/2144/1453 1383/2140/257
f 1376/2131/1458 1375/2128/1459 1385/2142/1454 1386/2144/1453
f 1375/2130/1459 1374/2127/1460 1384/2141/498 1385/2143/1454
f 1374/2127/1460 1372/2124/377 1382/2139/373 1384/2141/498
f 1358/2104/1375 1361/2108/1461 1371/2123/1455 1368/2117/245
f 1361/2108/1461 1360/2106/1462 1370/2121/1456 1371/2123/1455
f 1360/2107/1462 1359/2105/1463 1369/2119/1457 1370/2122/1456
f 1359/2105/1463 1357/2103/235 1367/2116/238 1369/2119/1457
f 1363/2110/239 1366/2114/1464 1376/2132/1458 1373/2126/249
f 1366/2114/1464 1365/2112/1465 1375/2129/1459 1376/2132/1458
f 1365/2113/1465 1364/2111/1466 1374/2127/1460 1375/2130/1459
f 1364/2111/1466 1362/2109/1307 1372/2124/377 1374/2127/1460
f 1348/2092/1377 1351/2096/1467 1361/2108/1461 1358/2104/1375
f 1351/2096/1467 1350/2094/1468 1360/2106/1462 1361/2108/1461
f 1350/2095/1468 1349/2093/1469 1359/2105/1463 1360/2107/1462
f 1349/2093/1469 1347/2091/1302 1357/2103/235 1359/2105/1463
f 1353/2098/1282 1356/2102/1470 1366/2114/1464 1363/2110/239
f 1356/2102/1470 1355/2100/1471 1365/2112/1465 1366/2114/1464
f 1355/2101/1471 1354/2099/1472 1364/2111/1466 1365/2113/1465
f 1354/2099/1472 1352/2097/1299 1362/2109/1307 1364/2111/1466
f 1316/2041/1379 1319/2045/1473 1351/2096/1467 1348/2092/1377
f 1319/2045/1473 1318/2043/1474 1350/2094/1468 1351/2096/1467
f 1318/2044/1474 1317/2042/1475 1349/2093/1469 1350/2095/1468
f 1317/2042/1475 1315/2040/1303 1347/2091/1302 1349/2093/1469
f 1321/2047/1281 1324/2051/1476 1356/2102/1470 1353/2098/1282
f 1324/2051/1476 1323/2049/1477 1355/2100/1471 1356/2102/1470
f 1323/2050/1477 1322/2048/1478 1354/2099/1472 1355/2101/1471
f 1322/2048/1478 1320/2046/1132 1352/2097/1299 1354/2099/1472
f 1341/2077/1206 1344/2084/1479 1332/2060/1480 1330/2058/1382
f 1344/2084/1479 1345/2086/1481 1333/2061/1482 1332/2060/1480
f 1345/2087/1481 1346/2089/1483 1334/2063/1484 1333/2062/1482
f 1346/2089/1483 1342/2079/1414 1331/2059/1413 1334/2063/1484
f 1335/2064/1191 1338/2070/1485 1327/2054/1486 1325/2052/1192
f 1338/2070/1485 1339/2072/1487 1328/2055/1488 1327/2054/1486
f 1339/2073/1487 1340/2075/1489 1329/2057/1490 1328/2056/1488
f 1340/2075/1489 1336/2066/1187 1326/2053/1129 1329/2057/1490
f 1330/2058/1382 1332/2060/1480 1319/2045/1473 1316/2041/1379
f 1332/2060/1480 1333/2061/1482 1318/2043/1474 1319/2045/1473
f 1333/2062/1482 1334/2063/1484 1317/2042/1475 1318/2044/1474
f 1334/2063/1484 1331/2059/1413 1315/2040/1303 1317/2042/1475
f 1325/2052/1192 1327/2054/1486 1324/2051/1476 1321/2047/1281
f 1327/2054/1486 1328/2055/1488 1323/2049/1477 1324/2051/1476
f 1328/2056/1488 1329/2057/1490 1322/2048/1478 1323/2050/1477
f 1329/2057/1490 1326/2053/1129 1320/2046/1132 1322/2048/1478
f 1744/2632/1269 1184/1815/1268 1190/1824/1111 1802/2719/1230 1820/2752/1366
f 1491/2292/1411 1493/2296/1358 1494/2297/1491
f 1494/2297/1491 1493/2296/1358 1495/2299/1492
f 1495/2299/1492 1493/2296/1358 1496/2302/1493
f 1496/2302/1493 1493/2296/1358 1492/2293/1232
f 1497/2305/1273 1499/2308/1494 1500/2309/1495
f 1500/2309/1495 1499/2308/1494 1501/2311/1496
f 1501/2311/1496 1499/2308/1494 1502/2314/1497
f 1502/2314/1497 1499/2308/1494 1498/2307/1194
f 1482/2279/1412 1485/2283/1498 1473/2267/1499 1471/2265/1300
f 1485/2283/1498 1484/2281/1500 1474/2269/1501 1473/2267/1499
f 1484/2282/1500 1483/2280/1502 1475/2270/1503 1474/2268/1501
f 1483/2280/1502 1481/2278/1231 1472/2266/1114 1475/2270/1503
f 1487/2285/1124 1490/2290/1504 1478/2274/1505 1476/2271/1125
f 1490/2289/1504 1489/2288/1506 1479/2275/1507 1478/2273/1505
f 1489/2288/1506 1488/2286/1508 1480/2277/1509 1479/2275/1507
f 1488/2286/1508 1486/2284/1193 1477/2272/1284 1480/2277/1509
f 1491/2291/1411 1494/2298/1491 1485/2283/1498 1482/2279/1412
f 1494/2298/1491 1495/2300/1492 1484/2281/1500 1485/2283/1498
f 1495/2301/1492 1496/2303/1493 1483/2280/1502 1484/2282/1500
f 1496/2303/1493 1492/2294/1232 1481/2278/1231 1483/2280/1502
f 1497/2304/1273 1500/2310/1495 1490/2290/1504 1487/2285/1124
f 1500/2310/1495 1501/2312/1496 1489/2287/1506 1490/2290/1504
f 1501/2313/1496 1502/2315/1497 1488/2286/1508 1489/2288/1506
f 1502/2315/1497 1498/2306/1194 1486/2284/1193 1488/2286/1508
f 1509/2323/1283 1512/2327/1510 1480/2277/1509 1477/2272/1284
f 1512/2327/1510 1511/2325/1511 1479/2275/1507 1480/2277/1509
f 1511/2326/1511 1510/2324/1512 1478/2274/1505 1479/2276/1507
f 1510/2324/1512 1508/2322/1285 1476/2271/1125 1478/2274/1505
f 1504/2317/1113 1507/2321/1513 1475/2270/1503 1472/2266/1114
f 1507/2321/1513 1506/2320/1514 1474/2268/1501 1475/2270/1503
f 1506/2319/1514 1505/2318/1515 1473/2267/1499 1474/2269/1501
f 1505/2318/1515 1503/2316/1301 1471/2265/1300 1473/2267/1499
f 1503/2316/1301 1505/2318/1515 1515/2330/1516 1513/2328/1306
f 1505/2318/1515 1506/2319/1514 1516/2332/1517 1515/2330/1516
f 1506/2320/1514 1507/2321/1513 1517/2333/1518 1516/2331/1517
f 1507/2321/1513 1504/2317/1113 1514/2329/1276 1517/2333/1518
f 1519/2335/1305 1522/2339/1519 1512/2327/1510 1509/2323/1283
f 1522/2339/1519 1521/2337/1520 1511/2325/1511 1512/2327/1510
f 1521/2338/1520 1520/2336/1521 1510/2324/1512 1511/2326/1511
f 1520/2336/1521 1518/2334/1384 1508/2322/1285 1510/2324/1512
f 1529/2350/1304 1532/2356/1522 1522/2339/1519 1519/2335/1305
f 1532/2356/1522 1531/2353/1523 1521/2337/1520 1522/2339/1519
f 1531/2355/1523 1530/2352/1524 1520/2336/1521 1521/2338/1520
f 1530/2352/1524 1528/2349/1401 1518/2334/1384 1520/2336/1521
f 1524/2342/1415 1527/2348/1525 1517/2333/1518 1514/2329/1276
f 1527/2348/1525 1526/2346/1526 1516/2331/1517 1517/2333/1518
f 1526/2345/1526 1525/2343/1527 1515/2330/1516 1516/2332/1517
f 1525/2343/1527 1523/2340/1310 1513/2328/1306 1515/2330/1516
f 1539/2365/1308 1542/2369/1528 1532/2357/1522 1529/2351/1304
f 1542/2369/1528 1541/2367/1529 1531/2354/1523 1532/2357/1522
f 1541/2368/1529 1540/2366/1530 1530/2352/1524 1531/2355/1523
f 1540/2366/1530 1538/2364/1348 1528/2349/1401 1530/2352/1524
f 1534/2359/1362 1537/2363/1531 1527/2348/1525 1524/2342/1415
f 1537/2363/1531 1536/2362/1532 1526/2346/1526 1527/2348/1525
f 1536/2361/1532 1535/2360/1533 1525/2344/1527 1526/2347/1526
f 1535/2360/1533 1533/2358/1311 1523/2341/1310 1525/2344/1527
f 1533/2358/1311 1535/2360/1533 1545/2372/1534 1543/2370/260
f 1535/2360/1533 1536/2361/1532 1546/2374/1535 1545/2372/1534
f 1536/2362/1532 1537/2363/1531 1547/2375/1536 1546/2373/1535
f 1537/2363/1531 1534/2359/1362 1544/2371/1361 1547/2375/1536
f 1549/2377/264 1552/2381/1537 1542/2369/1528 1539/2365/1308
f 1552/2381/1537 1551/2379/1538 1541/2367/1529 1542/2369/1528
f 1551/2380/1538 1550/2378/1539 1540/2366/1530 1541/2368/1529
f 1550/2378/1539 1548/2376/1349 1538/2364/1348 1540/2366/1530
f 1559/2389/262 1562/2393/1540 1552/2381/1537 1549/2377/264
f 1562/2393/1540 1561/2392/1541 1551/2379/1538 1552/2381/1537
f 1561/2391/1541 1560/2390/1542 1550/2378/1539 1551/2380/1538
f 1560/2390/1542 1558/2388/397 1548/2376/1349 1550/2378/1539
f 1554/2383/389 1557/2387/1543 1547/2375/1536 1544/2371/1361
f 1557/2387/1543 1556/2385/1544 1546/2373/1535 1547/2375/1536
f 1556/2386/1544 1555/2384/1545 1545/2372/1534 1546/2374/1535
f 1555/2384/1545 1553/2382/261 1543/2370/260 1545/2372/1534
f 1558/2388/397 1560/2390/1542 1570/2402/1546 1568/2400/438
f 1560/2390/1542 1561/2391/1541 1571/2404/1547 1570/2402/1546
f 1561/2392/1541 1562/2393/1540 1572/2405/1548 1571/2403/1547
f 1562/2393/1540 1559/2389/262 1569/2401/1315 1572/2405/1548
f 1564/2395/385 1567/2399/1549 1557/2387/1543 1554/2383/389
f 1567/2399/1549 1566/2398/1550 1556/2385/1544 1557/2387/1543
f 1566/2397/1550 1565/2396/1551 1555/2384/1545 1556/2386/1544
f 1565/2396/1551 1563/2394/277 1553/2382/261 1555/2384/1545
f 1563/2394/277 1565/2396/1551 1575/2408/1552 1573/2406/281
f 1565/2396/1551 1566/2397/1550 1576/2410/1553 1575/2408/1552
f 1566/2398/1550 1567/2399/1549 1577/2411/1554 1576/2409/1553
f 1567/2399/1549 1564/2395/385 1574/2407/1360 1577/2411/1554
f 1579/2413/285 1582/2417/1555 1572/2405/1548 1569/2401/1315
f 1582/2417/1555 1581/2415/1556 1571/2403/1547 1572/2405/1548
f 1581/2416/1556 1580/2414/1557 1570/2402/1546 1571/2404/1547
f 1580/2414/1557 1578/2412/1376 1568/2400/438 1570/2402/1546
f 1589/2428/1316 1592/2434/1558 1582/2417/1555 1579/2413/285
f 1592/2434/1558 1591/2431/1559 1581/2415/1556 1582/2417/1555
f 1591/2433/1559 1590/2430/1560 1580/2414/1557 1581/2416/1556
f 1590/2430/1560 1588/2427/346 1578/2412/1376 1580/2414/1557
f 1584/2420/440 1587/2426/1561 1577/2411/1554 1574/2407/1360
f 1587/2426/1561 1586/2425/1562 1576/2409/1553 1577/2411/1554
f 1586/2423/1562 1585/2421/1563 1575/2408/1552 1576/2410/1553
f 1585/2421/1563 1583/2418/1319 1573/2406/281 1575/2408/1552
f 1583/2419/1319 1585/2422/1563 1595/2438/1564 1593/2436/1320
f 1585/2422/1563 1586/2424/1562 1596/2439/1565 1595/2438/1564
f 1586/2425/1562 1587/2426/1561 1597/2441/1566 1596/2440/1565
f 1587/2426/1561 1584/2420/440 1594/2437/1355 1597/2441/1566
f 1599/2443/1323 1602/2447/1567 1592/2435/1558 1589/2429/1316
f 1602/2447/1567 1601/2445/1568 1591/2432/1559 1592/2435/1558
f 1601/2446/1568 1600/2444/1569 1590/2430/1560 1591/2433/1559
f 1600/2444/1569 1598/2442/1410 1588/2427/346 1590/2430/1560
f 1593/2436/1320 1595/2438/1564 1605/2450/1570 1603/2448/1321
f 1595/2438/1564 1596/2439/1565 1606/2452/1571 1605/2450/1570
f 1596/2440/1565 1597/2441/1566 1607/2453/1572 1606/2451/1571
f 1597/2441/1566 1594/2437/1355 1604/2449/1351 1607/2453/1572
f 1609/2455/1327 1612/2459/1573 1602/2447/1567 1599/2443/1323
f 1612/2459/1573 1611/2457/1574 1601/2445/1568 1602/2447/1567
f 1611/2458/1574 1610/2456/1575 1600/2444/1569 1601/2446/1568
f 1610/2456/1575 1608/2454/1342 1598/2442/1410 1600/2444/1569
f 1618/2472/1326 1620/2476/1398 1612/2459/1573 1609/2455/1327
f 1620/2476/1398 1621/2478/1397 1611/2457/1574 1612/2459/1573
f 1621/2479/1397 1622/2481/1396 1610/2456/1575 1611/2458/1574
f 1622/2481/1396 1619/2474/1343 1608/2454/1342 1610/2456/1575
f 1613/2461/1350 1615/2465/1418 1607/2453/1572 1604/2449/1351
f 1615/2465/1418 1616/2467/1417 1606/2451/1571 1607/2453/1572
f 1616/2468/1417 1617/2470/1416 1605/2450/1570 1606/2452/1571
f 1617/2470/1416 1614/2463/1333 1603/2448/1321 1605/2450/1570
f 1482/2279/1412 1471/2265/1300 1315/2040/1303 1331/2059/1413
f 1260/1941/1407 1728/2614/1576 1735/2621/1577 1259/1940/1408
f 1728/2614/1576 1729/2615/1578 1736/2622/1579 1735/2621/1577
f 1729/2615/1578 1730/2616/1580 1737/2623/1581 1736/2622/1579
f 1730/2616/1580 1731/2617/1582 1738/2624/1583 1737/2623/1581
f 1731/2617/1582 1732/2618/1584 1739/2625/1585 1738/2624/1583
f 1732/2618/1584 1733/2619/1586 1740/2626/1587 1739/2625/1585
f 1733/2619/1586 1734/2620/1588 1741/2627/1392 1740/2626/1587
f 1170/1790/1205 1623/2482/1589 1728/2614/1576 1260/1941/1407
f 1623/2482/1589 1624/2483/1590 1729/2615/1578 1728/2614/1576
f 1624/2483/1590 1625/2484/1591 1730/2616/1580 1729/2615/1578
f 1625/2484/1591 1626/2485/1592 1731/2617/1582 1730/2616/1580
f 1626/2485/1592 1627/2486/1593 1732/2618/1584 1731/2617/1582
f 1627/2486/1593 1628/2487/1594 1733/2619/1586 1732/2618/1584
f 1628/2487/1594 1629/2488/1190 1734/2620/1588 1733/2619/1586
f 1791/2697/1135 1636/2495/1134 1785/2688/1595 1743/2631/1227 1790/2695/1226
f 1659/2519/1596 1658/2518/1395 1784/2687/1597 1780/2682/1598
f 1660/2521/1599 1659/2519/1596 1780/2682/1598 1775/2676/1600
f 1661/2523/1601 1660/2521/1599 1775/2676/1600 1770/2670/1602
f 1662/2525/1603 1661/2523/1601 1770/2670/1602 1765/2664/1604
f 1663/2527/1296 1662/2525/1603 1765/2664/1604 1760/2658/1297
f 1176/1800/1222 1651/2510/1605 1721/2607/1606 1234/1885/1204
f 1651/2510/1605 1652/2511/1607 1722/2608/1608 1721/2607/1606
f 1652/2511/1607 1653/2512/1609 1723/2609/1610 1722/2608/1608
f 1653/2512/1609 1654/2513/1611 1724/2610/1612 1723/2609/1610
f 1654/2513/1611 1655/2514/1613 1725/2611/1614 1724/2610/1612
f 1655/2514/1613 1656/2515/1615 1726/2612/1616 1725/2611/1614
f 1656/2515/1615 1657/2516/1177 1727/2613/1189 1726/2612/1616
f 1803/2720/1224 1797/2709/1294 1812/2738/1293 1808/2730/1225
f 1631/2490/1617 1630/2489/1287 1754/2651/1289 1759/2657/1618
f 1632/2491/1619 1631/2490/1617 1759/2657/1618 1764/2663/1620
f 1633/2492/1621 1632/2491/1619 1764/2663/1620 1769/2669/1622
f 1634/2493/1623 1633/2492/1621 1769/2669/1622 1774/2675/1624
f 1635/2494/1625 1634/2493/1623 1774/2675/1624 1779/2681/1626
f 1636/2495/1134 1635/2494/1625 1779/2681/1626 1785/2688/1595
f 1225/1874/1262 1222/1868/1181 1706/2592/1180 1699/2581/1627
f 1699/2581/1627 1706/2592/1180 1705/2591/1628 1698/2580/1629
f 1698/2580/1629 1705/2591/1628 1704/2590/1630 1697/2579/1627
f 1697/2579/1627 1704/2590/1630 1703/2589/1631 1696/2578/1632
f 1696/2578/1632 1703/2589/1631 1702/2586/1633 1695/2577/1634
f 1695/2577/1634 1702/2586/1633 1701/2584/1635 1694/2576/1636
f 1694/2576/1636 1701/2584/1635 1700/2582/1254 1693/2575/1253
f 1224/1871/1260 1225/1874/1262 1699/2581/1627 1692/2573/1637
f 1692/2573/1637 1699/2581/1627 1698/2580/1629 1691/2571/1638
f 1691/2571/1638 1698/2580/1629 1697/2579/1627 1690/2569/1639
f 1690/2569/1639 1697/2579/1627 1696/2578/1632 1689/2567/1640
f 1689/2567/1640 1696/2578/1632 1695/2577/1634 1688/2565/1641
f 1688/2565/1641 1695/2577/1634 1694/2576/1636 1687/2563/1642
f 1687/2563/1642 1694/2576/1636 1693/2575/1253 1686/2561/1252
f 1223/1869/1257 1224/1872/1260 1692/2574/1637 1685/2560/1643
f 1685/2560/1643 1692/2574/1637 1691/2572/1638 1684/2559/1644
f 1684/2559/1644 1691/2572/1638 1690/2570/1639 1683/2558/1645
f 1683/2558/1645 1690/2570/1639 1689/2568/1640 1682/2557/1646
f 1682/2557/1646 1689/2568/1640 1688/2566/1641 1681/2556/1647
f 1681/2556/1647 1688/2566/1641 1687/2564/1642 1680/2555/1648
f 1680/2555/1648 1687/2564/1642 1686/2562/1252 1679/2554/1251
f 1221/1866/1258 1223/1869/1257 1685/2560/1643 1672/2547/1649
f 1672/2547/1649 1685/2560/1643 1684/2559/1644 1673/2548/1650
f 1673/2548/1650 1684/2559/1644 1683/2558/1645 1674/2549/1651
f 1674/2549/1651 1683/2558/1645 1682/2557/1646 1675/2550/1652
f 1675/2550/1652 1682/2557/1646 1681/2556/1647 1676/2551/1653
f 1676/2551/1653 1681/2556/1647 1680/2555/1648 1677/2552/1654
f 1677/2552/1654 1680/2555/1648 1679/2554/1251 1678/2553/1184
f 1202/1840/1255 1713/2599/1655 1714/2600/1656 1207/1846/1263
f 1713/2599/1655 1712/2598/1657 1715/2601/1658 1714/2600/1656
f 1712/2598/1657 1711/2597/1659 1716/2602/1660 1715/2601/1658
f 1711/2597/1659 1710/2596/1661 1717/2603/1662 1716/2602/1660
f 1710/2596/1661 1709/2595/1663 1718/2604/1664 1717/2603/1662
f 1709/2595/1663 1708/2594/1665 1719/2605/1666 1718/2604/1664
f 1708/2594/1665 1707/2593/1186 1720/2606/1183 1719/2605/1666
f 1171/1793/1182 1180/1808/1215 1630/2489/1287 1665/2531/1179
f 1665/2531/1179 1630/2489/1287 1631/2490/1617 1666/2533/1667
f 1666/2533/1667 1631/2490/1617 1632/2491/1619 1667/2535/1668
f 1667/2535/1668 1632/2491/1619 1633/2492/1621 1668/2537/1669
f 1668/2537/1669 1633/2492/1621 1634/2493/1623 1669/2540/1670
f 1669/2540/1670 1634/2493/1623 1635/2494/1625 1670/2542/1671
f 1670/2542/1671 1635/2494/1625 1636/2495/1134 1671/2544/1133
f 1259/1940/1408 1735/2621/1577 1664/2529/1295 1159/1771/1356
f 1735/2621/1577 1736/2622/1579 1663/2528/1296 1664/2529/1295
f 1736/2622/1579 1737/2623/1581 1662/2526/1603 1663/2528/1296
f 1737/2623/1581 1738/2624/1583 1661/2524/1601 1662/2526/1603
f 1738/2624/1583 1739/2625/1585 1660/2522/1599 1661/2524/1601
f 1739/2625/1585 1740/2626/1587 1659/2520/1596 1660/2522/1599
f 1740/2626/1587 1741/2627/1392 1658/2517/1395 1659/2520/1596
f 1234/1885/1204 1721/2607/1606 1623/2482/1589 1170/1790/1205
f 1721/2607/1606 1722/2608/1608 1624/2483/1590 1623/2482/1589
f 1722/2608/1608 1723/2609/1610 1625/2484/1591 1624/2483/1590
f 1723/2609/1610 1724/2610/1612 1626/2485/1592 1625/2484/1591
f 1724/2610/1612 1725/2611/1614 1627/2486/1593 1626/2485/1592
f 1725/2611/1614 1726/2612/1616 1628/2487/1594 1627/2486/1593
f 1726/2612/1616 1727/2613/1189 1629/2488/1190 1628/2487/1594
f 1221/1866/1258 1672/2547/1649 1713/2599/1655 1202/1840/1255
f 1672/2547/1649 1673/2548/1650 1712/2598/1657 1713/2599/1655
f 1673/2548/1650 1674/2549/1651 1711/2597/1659 1712/2598/1657
f 1674/2549/1651 1675/2550/1652 1710/2596/1661 1711/2597/1659
f 1675/2550/1652 1676/2551/1653 1709/2595/1663 1710/2596/1661
f 1676/2551/1653 1677/2552/1654 1708/2594/1665 1709/2595/1663
f 1677/2552/1654 1678/2553/1184 1707/2593/1186 1708/2594/1665
f 1207/1846/1263 1714/2600/1656 612/913/721 90/145/184
f 1714/2600/1656 1715/2601/1658 613/914/722 612/913/721
f 1715/2601/1658 1716/2602/1660 614/915/723 613/914/722
f 1716/2602/1660 1717/2603/1662 615/916/724 614/915/723
f 1717/2603/1662 1718/2604/1664 616/917/725 615/916/724
f 1718/2604/1664 1719/2605/1666 617/918/726 616/917/725
f 1719/2605/1666 1720/2606/1183 618/919/90 617/918/726
f 1165/1782/1137 1211/1851/1146 1700/2582/1254 1671/2545/1133
f 1671/2546/1133 1700/2583/1254 1701/2585/1635 1670/2543/1671
f 1670/2543/1671 1701/2585/1635 1702/2587/1633 1669/2541/1670
f 1669/2541/1670 1702/2587/1633 1703/2588/1631 1668/2538/1669
f 1668/2539/1669 1703/2589/1631 1704/2590/1630 1667/2536/1668
f 1667/2536/1668 1704/2590/1630 1705/2591/1628 1666/2534/1667
f 1666/2534/1667 1705/2591/1628 1706/2592/1180 1665/2532/1179
f 42/78/131 521/795/728 1637/2496/1672 1174/1798/1220
f 521/795/728 522/796/730 1638/2497/1673 1637/2496/1672
f 522/796/730 523/797/732 1639/2498/1674 1638/2497/1673
f 523/797/732 524/798/734 1640/2499/1675 1639/2498/1674
f 524/798/734 525/799/736 1641/2500/1676 1640/2499/1675
f 525/799/736 526/800/738 1642/2501/1677 1641/2500/1676
f 526/800/738 527/801/84 1643/2502/1178 1642/2501/1677
f 1174/1798/1220 1637/2496/1672 1644/2503/1678 1175/1799/1221
f 1637/2496/1672 1638/2497/1673 1645/2504/1679 1644/2503/1678
f 1638/2497/1673 1639/2498/1674 1646/2505/1680 1645/2504/1679
f 1639/2498/1674 1640/2499/1675 1647/2506/1681 1646/2505/1680
f 1640/2499/1675 1641/2500/1676 1648/2507/1682 1647/2506/1681
f 1641/2500/1676 1642/2501/1677 1649/2508/1683 1648/2507/1682
f 1642/2501/1677 1643/2502/1178 1650/2509/1176 1649/2508/1683
f 1175/1799/1221 1644/2503/1678 1651/2510/1605 1176/1800/1222
f 1644/2503/1678 1645/2504/1679 1652/2511/1607 1651/2510/1605
f 1645/2504/1679 1646/2505/1680 1653/2512/1609 1652/2511/1607
f 1646/2505/1680 1647/2506/1681 1654/2513/1611 1653/2512/1609
f 1647/2506/1681 1648/2507/1682 1655/2514/1613 1654/2513/1611
f 1648/2507/1682 1649/2508/1683 1656/2515/1615 1655/2514/1613
f 1649/2508/1683 1650/2509/1176 1657/2516/1177 1656/2515/1615
f 1159/1770/1356 1664/2530/1295 1755/2652/1298 1749/2641/1357
f 1748/2638/1288 1750/2643/1291 1751/2644/1684
f 1751/2644/1684 1750/2643/1291 1752/2646/1685
f 1752/2646/1685 1750/2643/1291 1753/2649/1686
f 1753/2649/1686 1750/2643/1291 1749/2640/1357
f 1785/2688/1595 1788/2692/1687 1747/2637/1370 1743/2631/1227
f 1788/2692/1687 1787/2690/1688 1746/2634/1371 1747/2637/1370
f 1787/2691/1688 1786/2689/1689 1745/2633/1372 1746/2635/1371
f 1786/2689/1689 1784/2687/1597 1742/2628/1270 1745/2633/1372
f 1748/2639/1288 1751/2645/1684 1756/2653/1690 1754/2651/1289
f 1751/2645/1684 1752/2647/1685 1757/2654/1691 1756/2653/1690
f 1752/2648/1685 1753/2650/1686 1758/2656/1692 1757/2655/1691
f 1753/2650/1686 1749/2641/1357 1755/2652/1298 1758/2656/1692
f 1754/2651/1289 1756/2653/1690 1761/2659/1693 1759/2657/1618
f 1756/2653/1690 1757/2654/1691 1762/2660/1694 1761/2659/1693
f 1757/2655/1691 1758/2656/1692 1763/2662/1695 1762/2661/1694
f 1758/2656/1692 1755/2652/1298 1760/2658/1297 1763/2662/1695
f 1759/2657/1618 1761/2659/1693 1766/2665/1696 1764/2663/1620
f 1761/2659/1693 1762/2660/1694 1767/2666/1697 1766/2665/1696
f 1762/2661/1694 1763/2662/1695 1768/2668/1698 1767/2667/1697
f 1763/2662/1695 1760/2658/1297 1765/2664/1604 1768/2668/1698
f 1764/2663/1620 1766/2665/1696 1771/2671/1699 1769/2669/1622
f 1766/2665/1696 1767/2666/1697 1772/2672/1700 1771/2671/1699
f 1767/2667/1697 1768/2668/1698 1773/2674/1701 1772/2673/1700
f 1768/2668/1698 1765/2664/1604 1770/2670/1602 1773/2674/1701
f 1769/2669/1622 1771/2671/1699 1776/2677/1702 1774/2675/1624
f 1771/2671/1699 1772/2672/1700 1777/2678/1703 1776/2677/1702
f 1772/2673/1700 1773/2674/1701 1778/2680/1704 1777/2679/1703
f 1773/2674/1701 1770/2670/1602 1775/2676/1600 1778/2680/1704
f 1774/2675/1624 1776/2677/1702 1781/2683/1705 1779/2681/1626
f 1776/2677/1702 1777/2678/1703 1782/2684/1706 1781/2683/1705
f 1777/2679/1703 1778/2680/1704 1783/2686/1707 1782/2685/1706
f 1778/2680/1704 1775/2676/1600 1780/2682/1598 1783/2686/1707
f 1779/2681/1626 1781/2683/1705 1788/2692/1687 1785/2688/1595
f 1781/2683/1705 1782/2684/1706 1787/2690/1688 1788/2692/1687
f 1782/2685/1706 1783/2686/1707 1786/2689/1689 1787/2691/1688
f 1783/2686/1707 1780/2682/1598 1784/2687/1597 1786/2689/1689
f 1658/2518/1395 1169/1788/1267 1742/2628/1270 1784/2687/1597
f 1789/2694/1128 1792/2698/1136 1791/2697/1135 1790/2695/1226 1795/2704/1708 1794/2701/1709 1793/2699/1710
f 1796/2706/1229 1798/2711/1290 1799/2712/1711
f 1799/2712/1711 1798/2711/1290 1800/2714/1712
f 1800/2714/1712 1798/2711/1290 1801/2716/1713
f 1801/2716/1713 1798/2711/1290 1797/2708/1294
f 1812/2737/1293 1815/2742/1292 1814/2741/1714 1813/2740/1274 1818/2748/1715 1817/2745/1716 1816/2743/1717
f 1796/2707/1229 1799/2713/1711 1804/2722/1718 1802/2719/1230
f 1799/2713/1711 1800/2715/1712 1805/2724/1719 1804/2722/1718
f 1800/2715/1712 1801/2717/1713 1806/2725/1720 1805/2724/1719
f 1801/2718/1713 1797/2709/1294 1803/2720/1224 1806/2726/1720
f 1789/2693/1128 1793/2700/1710 1809/2731/1721 1807/2728/1123
f 1793/2700/1710 1794/2702/1709 1810/2734/1722 1809/2731/1721
f 1794/2703/1709 1795/2705/1708 1811/2735/1723 1810/2732/1722
f 1795/2705/1708 1790/2696/1226 1808/2729/1225 1811/2735/1723
f 1812/2738/1293 1816/2744/1717 1811/2736/1723 1808/2730/1225
f 1816/2744/1717 1817/2746/1716 1810/2733/1722 1811/2736/1723
f 1817/2747/1716 1818/2749/1715 1809/2731/1721 1810/2734/1722
f 1818/2749/1715 1813/2739/1274 1807/2728/1123 1809/2731/1721
f 1819/2751/1228 1821/2754/1369 1806/2727/1720 1803/2721/1224
f 1821/2754/1369 1822/2755/1368 1805/2723/1719 1806/2727/1720
f 1822/2756/1368 1823/2757/1367 1804/2722/1718 1805/2724/1719
f 1823/2757/1367 1820/2752/1366 1802/2719/1230 1804/2722/1718
f 1165/1783/1137 1792/2698/1136 1789/2694/1128 1177/1802/1127 1149/1753/1144
f 1158/1767/1359 1886/2835/1724 1856/2796/1165 1140/1732/1164
f 1145/1744/1119 1866/2811/1725 1860/2804/1726 1230/1880/1120
f 1880/2828/1727 1896/2853/1728 1901/2860/1729 1875/2822/1730
f 1156/1765/1158 1876/2823/1731 1871/2817/1732 1155/1764/1156
f 1920/2886/1733 1925/2894/1734 1891/2846/1735 1865/2810/1736
f 2235/3413/1737 1843/2781/1738 750/1099/800 2220/3394/799
f 1843/2781/1738 1844/2782/1739 751/1100/802 750/1099/800
f 1844/2782/1739 1845/2783/1740 752/1101/804 751/1100/802
f 1845/2783/1740 1846/2784/1741 753/1102/806 752/1101/804
f 1846/2784/1741 1847/2785/1742 754/1103/808 753/1102/806
f 1847/2785/1742 1848/2786/1743 755/1104/810 754/1103/808
f 1848/2786/1743 1849/2787/1744 756/1105/812 755/1104/810
f 1849/2787/1744 1850/2788/1745 757/1106/814 756/1105/812
f 2138/3281/1364 1061/1622/817 1027/1569/816 2110/3237/1365
f 2237/3415/1746 1834/2772/1747 1843/2781/1738 2235/3413/1737
f 1834/2772/1747 1835/2773/1748 1844/2782/1739 1843/2781/1738
f 1835/2773/1748 1836/2774/1749 1845/2783/1740 1844/2782/1739
f 1836/2774/1749 1837/2775/1750 1846/2784/1741 1845/2783/1740
f 1837/2775/1750 1838/2776/1751 1847/2785/1742 1846/2784/1741
f 1838/2776/1751 1839/2777/1752 1848/2786/1743 1847/2785/1742
f 1839/2777/1752 1840/2778/1753 1849/2787/1744 1848/2786/1743
f 1840/2778/1753 1841/2779/1754 1850/2788/1745 1849/2787/1744
f 2142/3286/1755 2128/3269/1170 2112/3241/1173 2113/3244/1756
f 1824/2758/1757 1825/2759/1758 1834/2772/1747 2237/3415/1746
f 1825/2759/1758 1826/2760/1759 1835/2773/1748 1834/2772/1747
f 1826/2760/1759 1827/2761/1760 1836/2774/1749 1835/2773/1748
f 1827/2761/1760 1828/2762/1761 1837/2775/1750 1836/2774/1749
f 1828/2762/1761 1829/2763/1762 1838/2776/1751 1837/2775/1750
f 1829/2763/1762 1830/2765/1763 1839/2777/1752 1838/2776/1751
f 1830/2765/1763 1831/2767/1764 1840/2778/1753 1839/2777/1752
f 1831/2767/1764 1832/2770/1765 1841/2779/1754 1840/2778/1753
f 1157/1766/1160 1881/2829/1766 1876/2823/1731 1156/1765/1158
f 1865/2810/1736 1891/2846/1735 1910/2872/1767 1861/2805/1768
f 1155/1764/1156 1871/2817/1732 777/1134/841 19/39/58
f 1230/1880/1120 1860/2804/1726 1881/2829/1766 1157/1766/1160
f 1855/2794/1769 1885/2834/1770 1915/2879/1771 1851/2789/1772
f 1851/2789/1772 1915/2879/1771 1925/2894/1734 1920/2886/1733
f 1870/2816/1773 1906/2867/1774 822/1196/848 778/1135/847
f 1861/2805/1768 1910/2872/1767 1896/2853/1728 1880/2828/1727
f 1875/2822/1730 1901/2860/1729 1906/2867/1774 1870/2816/1773
f 1851/2789/1772 1854/2793/1775 1857/2797/1776 1855/2794/1769
f 1854/2793/1775 1853/2791/1777 1858/2799/1778 1857/2797/1776
f 1853/2792/1777 1852/2790/1174 1859/2802/1175 1858/2800/1778
f 1869/2815/1779 1866/2811/1725 2027/3078/1780 1923/2890/1781
f 1861/2805/1768 1864/2809/1782 1867/2812/1783 1865/2810/1736
f 1864/2809/1782 1863/2807/1784 1868/2813/1785 1867/2812/1783
f 1863/2808/1784 1862/2806/1786 1869/2815/1779 1868/2814/1785
f 1862/2806/1786 1860/2804/1726 1866/2811/1725 1869/2815/1779
f 778/1135/847 781/1139/863 1872/2818/1787 1870/2816/1773
f 781/1139/863 780/1137/865 1873/2819/1788 1872/2818/1787
f 780/1138/865 779/1136/867 1874/2821/1789 1873/2820/1788
f 779/1136/867 777/1134/841 1871/2817/1732 1874/2821/1789
f 1870/2816/1773 1872/2818/1787 1877/2824/1790 1875/2822/1730
f 1872/2818/1787 1873/2819/1788 1878/2825/1791 1877/2824/1790
f 1873/2820/1788 1874/2821/1789 1879/2827/1792 1878/2826/1791
f 1874/2821/1789 1871/2817/1732 1876/2823/1731 1879/2827/1792
f 1875/2822/1730 1877/2824/1790 1882/2830/1793 1880/2828/1727
f 1877/2824/1790 1878/2825/1791 1883/2831/1794 1882/2830/1793
f 1878/2826/1791 1879/2827/1792 1884/2833/1795 1883/2832/1794
f 1879/2827/1792 1876/2823/1731 1881/2829/1766 1884/2833/1795
f 1855/2794/1769 1857/2797/1776 1887/2838/1796 1885/2834/1770
f 1857/2798/1776 1858/2801/1778 1888/2839/1797 1887/2837/1796
f 1858/2801/1778 1859/2803/1175 1889/2842/1798 1888/2839/1797
f 1859/2803/1175 1856/2796/1165 1886/2835/1724 1889/2842/1798
f 823/1197/877 826/1202/880 1907/2868/1799 1905/2865/1800
f 826/1202/880 825/1200/882 1908/2869/1801 1907/2868/1799
f 825/1201/882 824/1199/884 1909/2871/1802 1908/2870/1801
f 824/1199/884 822/1196/848 1906/2867/1774 1909/2871/1802
f 1905/2865/1800 1907/2868/1799 1902/2861/1803 1900/2858/1804
f 1907/2868/1799 1908/2869/1801 1903/2862/1805 1902/2861/1803
f 1908/2870/1801 1909/2871/1802 1904/2864/1806 1903/2863/1805
f 1909/2871/1802 1906/2867/1774 1901/2860/1729 1904/2864/1806
f 1900/2858/1804 1902/2861/1803 1897/2854/1807 1895/2851/1808
f 1902/2861/1803 1903/2862/1805 1898/2855/1809 1897/2854/1807
f 1903/2863/1805 1904/2864/1806 1899/2857/1810 1898/2856/1809
f 1904/2864/1806 1901/2860/1729 1896/2853/1728 1899/2857/1810
f 1911/2873/1811 1914/2878/1812 1892/2847/1813 1890/2844/1814
f 1914/2878/1812 1913/2876/1815 1893/2848/1816 1892/2847/1813
f 1913/2877/1815 1912/2875/1817 1894/2850/1818 1893/2849/1816
f 1912/2875/1817 1910/2872/1767 1891/2846/1735 1894/2850/1818
f 1916/2880/1819 1919/2885/1820 1889/2843/1798 2202/3370/1821
f 1919/2885/1820 1918/2883/1822 1888/2840/1797 1889/2843/1798
f 1918/2884/1822 1917/2882/1823 1887/2838/1796 1888/2841/1797
f 1917/2882/1823 1915/2879/1771 1885/2834/1770 1887/2838/1796
f 1880/2828/1727 1882/2830/1793 1864/2809/1782 1861/2805/1768
f 1882/2830/1793 1883/2831/1794 1863/2807/1784 1864/2809/1782
f 1883/2832/1794 1884/2833/1795 1862/2806/1786 1863/2808/1784
f 1884/2833/1795 1881/2829/1766 1860/2804/1726 1862/2806/1786
f 1895/2851/1808 1897/2854/1807 1914/2878/1812 1911/2873/1811
f 1897/2854/1807 1898/2855/1809 1913/2876/1815 1914/2878/1812
f 1898/2856/1809 1899/2857/1810 1912/2875/1817 1913/2877/1815
f 1899/2857/1810 1896/2853/1728 1910/2872/1767 1912/2875/1817
f 1865/2810/1736 1867/2812/1783 1921/2887/1824 1920/2886/1733
f 1867/2812/1783 1868/2813/1785 1922/2888/1825 1921/2887/1824
f 1868/2814/1785 1869/2815/1779 1923/2890/1781 1922/2889/1825
f 1951/2956/1199 2067/3152/1826 2068/3155/1827 2062/3141/1828 2059/3135/1385 1952/2960/1200
f 1920/2886/1733 1921/2887/1824 1854/2793/1775 1851/2789/1772
f 1921/2887/1824 1922/2888/1825 1853/2791/1777 1854/2793/1775
f 1922/2889/1825 1923/2890/1781 1852/2790/1174 1853/2792/1777
f 2026/3076/1403 1950/2953/1402 1949/2949/1829 2022/3068/1830
f 1890/2844/1814 1892/2847/1813 1926/2895/1831 1924/2891/1832
f 1892/2847/1813 1893/2848/1816 1927/2896/1833 1926/2895/1831
f 1893/2849/1816 1894/2850/1818 1928/2898/1834 1927/2897/1833
f 1894/2850/1818 1891/2846/1735 1925/2894/1734 1928/2898/1834
f 1924/2891/1832 1926/2895/1831 1919/2885/1820 1916/2880/1819
f 1926/2895/1831 1927/2896/1833 1918/2883/1822 1919/2885/1820
f 1927/2897/1833 1928/2898/1834 1917/2882/1823 1918/2884/1822
f 1928/2898/1834 1925/2894/1734 1915/2879/1771 1917/2882/1823
f 2022/3069/1830 1949/2950/1829 1946/2943/348 2006/3047/423
f 1954/2964/1835 2088/3193/1836 2089/3196/1837 2099/3216/1838 2095/3207/1197 1953/2962/1196
f 2040/3101/921 2069/3157/926 2066/3150/1839 1930/2902/406 1931/2905/420 2039/3099/1840
f 1997/3033/1389 1996/3031/1388 2000/3039/1841 1999/3036/1842 1998/3034/1843 1995/3029/1272
f 1990/3020/1844 1944/2938/1845 1938/2925/192 1960/2973/193
f 1955/2967/400 1144/1743/1107 1177/1803/1127 1985/3012/400
f 2067/3154/1826 1951/2957/1199 2045/3110/1198
f 1141/1734/12 1931/2906/420 1930/2903/406 1159/1770/1356
f 1990/3019/1844 1994/3027/1846 1993/3024/1847 1992/3022/1848 1989/3018/1383 1991/3021/932
f 2032/3088/1849 1948/2947/1405 2016/3060/1404
f 2088/3195/1836 1954/2965/1835 2080/3179/1850
f 1734/2620/1588 2082/3182/1851 2083/3183/1852 2075/3169/1853 2076/3170/1393 1741/2627/1392
f 1169/1788/1267 1936/2920/1854 1929/2900/230 1142/1736/399
f 1938/2926/192 1937/2923/399 1942/2933/399 1941/2932/192
f 1941/2932/192 1942/2933/399 1940/2931/230 1939/2928/229
f 1938/2926/192 1944/2939/1845 1943/2936/1271 1937/2923/399
f 1975/2997/391 1262/1943/392 1261/1942/222 1967/2983/942 1968/2984/227 1974/2996/227
f 1984/3011/398 1942/2934/399 1937/2924/399 1956/2968/398
f 1967/2983/942 1261/1942/222 1236/1889/1112 1190/1825/1111 1966/2981/1855
f 1142/1737/399 1961/2974/402 1979/3005/402 1184/1816/1268
f 1184/1816/1268 1979/3005/402 1966/2982/1855 1190/1826/1111
f 1948/2948/1405 1947/2946/1115 1946/2944/348 1945/2942/12
f 1946/2944/348 1949/2951/1829 1950/2954/1402 1945/2942/12
f 2001/3041/1856 2027/3078/1780 1866/2811/1725 1145/1744/1119
f 1923/2890/1781 2027/3078/1780 2021/3067/1166 1852/2790/1174
f 1143/1740/1118 1932/2909/923 2031/3086/1857 2017/3061/1858
f 2011/3053/1859 1141/1735/12 1140/1733/1164 2007/3048/1167
f 2011/3053/1859 2039/3100/1840 1931/2907/420 1141/1735/12
f 1943/2937/1271 1944/2940/1845 2098/3213/1860 2099/3215/1838 2089/3197/1837 2090/3198/1861
f 2062/3142/1828 2068/3156/1827 2069/3157/926 2040/3101/921 2041/3103/1862 2033/3089/1863 2034/3091/1864 2061/3140/950
f 2080/3178/1850 1954/2966/1835 1953/2963/1196 2074/3167/1195 2075/3169/1853 2083/3183/1852
f 2047/3113/1409 1259/1940/1408 1159/1771/1356 2046/3111/1865
f 1932/2910/923 1935/2919/924 2060/3138/1387 2061/3140/950 2034/3091/1864 2031/3085/1857
f 1629/2488/1190 1164/1780/1110 2081/3180/1866 2082/3182/1851 1734/2620/1588
f 1164/1781/1110 1933/2913/1109 2087/3192/1391 2081/3181/1866
f 1965/2979/228 1968/2984/227 1967/2983/942 1966/2981/1855 1971/2990/959 1970/2987/960 1969/2985/961
f 1972/2992/1378 1975/2997/391 1974/2996/227 1973/2994/226 1978/3003/956 1977/3000/957 1976/2998/958
f 1980/3006/193 1983/3010/965 1962/2975/965 1960/2973/193
f 1983/3010/965 1982/3008/192 1963/2976/192 1962/2975/965
f 1982/3009/192 1981/3007/964 1964/2978/964 1963/2977/192
f 1981/3007/964 1979/3005/402 1961/2974/402 1964/2978/964
f 1985/3012/400 1988/3016/963 1957/2969/963 1955/2967/400
f 1988/3016/963 1987/3014/399 1958/2971/399 1957/2969/963
f 1987/3015/399 1986/3013/962 1959/2972/962 1958/2970/399
f 1986/3013/962 1984/3011/398 1956/2968/398 1959/2972/962
f 1965/2980/228 1969/2986/961 1983/3010/965 1980/3006/193
f 1969/2986/961 1970/2988/960 1982/3008/192 1983/3010/965
f 1970/2989/960 1971/2991/959 1981/3007/964 1982/3009/192
f 1971/2991/959 1966/2982/1855 1979/3005/402 1981/3007/964
f 1972/2993/1378 1976/2999/958 1988/3016/963 1985/3012/400
f 1976/2999/958 1977/3001/957 1987/3014/399 1988/3016/963
f 1977/3002/957 1978/3004/956 1986/3013/962 1987/3015/399
f 1978/3004/956 1973/2995/226 1984/3011/398 1986/3013/962
f 1960/2973/193 1962/2975/965 1994/3028/1846 1990/3020/1844
f 1962/2975/965 1963/2976/192 1993/3025/1847 1994/3028/1846
f 1963/2977/192 1964/2978/964 1992/3023/1848 1993/3026/1847
f 1964/2978/964 1961/2974/402 1989/3017/1383 1992/3023/1848
f 1995/3030/1272 1998/3035/1843 1959/2972/962 1956/2968/398
f 1998/3035/1843 1999/3037/1842 1958/2970/399 1959/2972/962
f 1999/3038/1842 2000/3040/1841 1957/2969/963 1958/2971/399
f 2000/3040/1841 1996/3032/1388 1955/2967/400 1957/2969/963
f 1955/2967/400 1996/3032/1388 1934/2916/1108 1144/1743/1107
f 2097/3211/1867 1991/3021/932 1989/3018/1383 1929/2901/230 1936/2921/1854 2096/3209/1868
f 1948/2948/1405 2032/3087/1849 2033/3090/1863 2041/3104/1862 2038/3097/1400 1947/2946/1115
f 2031/3086/1857 2034/3092/1864 2033/3090/1863 2032/3087/1849 2037/3095/1869 2036/3094/1870 2035/3093/1871
f 2038/3097/1400 2041/3104/1862 2040/3102/921 2039/3100/1840 2044/3108/1872 2043/3107/1873 2042/3106/1874
f 2002/3042/9 2005/3046/1875 2018/3063/1876 2016/3060/1404
f 2005/3046/1875 2004/3045/1877 2019/3064/1878 2018/3063/1876
f 2004/3044/1877 2003/3043/1879 2020/3066/1880 2019/3065/1878
f 2003/3043/1879 2001/3041/1856 2017/3061/1858 2020/3066/1880
f 2007/3048/1167 2010/3052/1881 2013/3055/1882 2011/3053/1859
f 2010/3052/1881 2009/3051/1883 2014/3057/1884 2013/3055/1882
f 2009/3050/1883 2008/3049/1885 2015/3058/1886 2014/3056/1884
f 2008/3049/1885 2006/3047/423 2012/3054/1116 2015/3058/1886
f 2022/3068/1830 2025/3074/1887 2028/3079/1888 2026/3076/1403
f 2025/3074/1887 2024/3071/1889 2029/3081/1890 2028/3079/1888
f 2024/3073/1889 2023/3070/1891 2030/3084/1892 2029/3082/1890
f 2023/3070/1891 2021/3067/1166 2027/3078/1780 2030/3084/1892
f 2006/3047/423 2008/3049/1885 2025/3075/1887 2022/3069/1830
f 2008/3049/1885 2009/3050/1883 2024/3072/1889 2025/3075/1887
f 2009/3051/1883 2010/3052/1881 2023/3070/1891 2024/3073/1889
f 2010/3052/1881 2007/3048/1167 2021/3067/1166 2023/3070/1891
f 2001/3041/1856 2003/3043/1879 2030/3084/1892 2027/3078/1780
f 2003/3043/1879 2004/3044/1877 2029/3082/1890 2030/3084/1892
f 2004/3045/1877 2005/3046/1875 2028/3080/1888 2029/3083/1890
f 2005/3046/1875 2002/3042/9 2026/3077/1403 2028/3080/1888
f 2038/3098/1400 2042/3105/1874 2015/3058/1886 2012/3054/1116
f 2042/3106/1874 2043/3107/1873 2014/3057/1884 2015/3059/1886
f 2043/3107/1873 2044/3108/1872 2013/3055/1882 2014/3057/1884
f 2044/3108/1872 2039/3100/1840 2011/3053/1859 2013/3055/1882
f 2031/3086/1857 2035/3093/1871 2020/3066/1880 2017/3061/1858
f 2035/3093/1871 2036/3094/1870 2019/3065/1878 2020/3066/1880
f 2036/3094/1870 2037/3095/1869 2018/3062/1876 2019/3065/1878
f 2037/3096/1869 2032/3088/1849 2016/3060/1404 2018/3063/1876
f 1143/1740/1118 2017/3061/1858 2001/3041/1856 1145/1744/1119
f 2045/3109/1198 2048/3114/1203 2047/3113/1409 2046/3111/1865 2051/3120/1893 2050/3118/1894 2049/3115/1895
f 2052/3122/1386 2055/3127/1406 2054/3126/1202 2053/3124/1201 2058/3132/1896 2057/3130/1897 2056/3128/1898
f 2059/3136/1385 2062/3142/1828 2061/3140/950 2060/3138/1387 2065/3148/1899 2064/3146/1900 2063/3143/1901
f 2066/3150/1839 2069/3157/926 2068/3156/1827 2067/3153/1826 2072/3162/1902 2071/3160/1903 2070/3158/1904
f 2059/3137/1385 2063/3144/1901 2058/3133/1896 2053/3125/1201
f 2063/3145/1901 2064/3147/1900 2057/3131/1897 2058/3134/1896
f 2064/3147/1900 2065/3149/1899 2056/3129/1898 2057/3131/1897
f 2065/3149/1899 2060/3139/1387 2052/3123/1386 2056/3129/1898
f 2045/3110/1198 2049/3116/1895 2072/3163/1902 2067/3154/1826
f 2049/3117/1895 2050/3119/1894 2071/3161/1903 2072/3164/1902
f 2050/3119/1894 2051/3121/1893 2070/3159/1904 2071/3161/1903
f 2051/3121/1893 2046/3112/1865 2066/3151/1839 2070/3159/1904
f 1159/1772/1356 1930/2904/406 2066/3151/1839 2046/3112/1865
f 2073/3165/1394 2076/3170/1393 2075/3169/1853 2074/3167/1195 2079/3175/1905 2078/3173/1906 2077/3171/1907
f 2080/3178/1850 2083/3183/1852 2082/3182/1851 2081/3180/1866 2086/3189/1908 2085/3187/1909 2084/3184/1910
f 2087/3191/1391 2091/3199/1390 2090/3198/1861 2089/3197/1837 2088/3194/1836 2094/3204/1911 2093/3202/1912 2092/3200/1913
f 2095/3207/1197 2099/3216/1838 2098/3214/1860 2097/3212/1867 2096/3210/1868 2102/3220/1914 2101/3219/1915 2100/3217/1916
f 2087/3192/1391 2092/3201/1913 2086/3190/1908 2081/3181/1866
f 2092/3201/1913 2093/3203/1912 2085/3188/1909 2086/3190/1908
f 2093/3203/1912 2094/3205/1911 2084/3185/1910 2085/3188/1909
f 2094/3206/1911 2088/3195/1836 2080/3179/1850 2084/3186/1910
f 2073/3166/1394 2077/3172/1907 2102/3220/1914 2096/3210/1868
f 2077/3172/1907 2078/3174/1906 2101/3219/1915 2102/3220/1914
f 2078/3174/1906 2079/3176/1905 2100/3217/1916 2101/3219/1915
f 2079/3177/1905 2074/3168/1195 2095/3208/1197 2100/3218/1916
f 2073/3166/1394 2096/3210/1868 1936/2922/1854 1169/1789/1267
f 2186/3348/1917 2117/3251/1918 2116/3249/1919 2181/3342/1920
f 2147/3292/1921 2159/3309/1922 1335/2065/1191 1498/2307/1194 1499/2308/1494 2122/3262/1923
f 2206/3378/1924 2120/3257/1925 2119/3256/1926 2196/3360/1927
f 1900/2859/1804 2182/3343/1928 2177/3337/1929 1905/2866/1800
f 1895/2852/1808 2187/3349/1930 2182/3343/1928 1900/2859/1804
f 1335/2065/1191 2159/3309/1922 2160/3311/1422 1337/2068/1208 1336/2067/1187 1340/2076/1489 1339/2074/1487 1338/2071/1485
f 2171/3331/1931 2105/3225/1279 2121/3259/1932 2201/3367/1933
f 1337/2069/1208 2106/3227/1421 2109/3235/1423 1343/2082/1209
f 2181/3342/1920 2116/3249/1919 2115/3247/1934 2176/3336/1935
f 2176/3336/1935 2115/3247/1934 1033/1581/1035 1101/1680/932
f 1158/1768/1359 1493/2296/1358 1491/2292/1411 1342/2080/1414 2164/3318/1936 2153/3302/1937
f 2192/3356/1938 2118/3254/1939 2117/3251/1918 2186/3348/1917
f 2201/3366/1933 2121/3260/1932 2120/3257/1925 2206/3378/1924
f 1924/2892/1832 2207/3379/1940 2197/3361/1941 1890/2845/1814
f 2105/3226/1279 2108/3233/1278 2109/3236/1423 2106/3228/1421 2107/3230/1420 2104/3222/1213
f 2111/3240/1172 2116/3250/1919 2117/3252/1918 2112/3242/1173
f 2112/3242/1173 2117/3252/1918 2118/3253/1939 2113/3243/1756
f 1027/1570/816 1033/1582/1035 2115/3248/1934 2110/3238/1365
f 2114/3245/1212 2119/3255/1926 2120/3258/1925 2104/3222/1213
f 2110/3238/1365 2115/3248/1934 2116/3250/1919 2111/3240/1172
f 2113/3243/1756 2118/3253/1939 2119/3255/1926 2114/3245/1212
f 2104/3222/1213 2120/3258/1925 2121/3261/1932 2105/3226/1279
f 1911/2874/1811 2191/3354/1942 2187/3349/1930 1895/2852/1808
f 1890/2845/1814 2197/3361/1941 2191/3354/1942 1911/2874/1811
f 2196/3360/1927 2119/3256/1926 2118/3254/1939 2192/3356/1938
f 1341/2078/1206 1343/2083/1209 2166/3322/1424 2164/3318/1936 1342/2080/1414 1346/2090/1483 1345/2088/1481 1344/2085/1479
f 1916/2881/1819 2202/3368/1821 2207/3380/1940 1924/2893/1832
f 2167/3324/1943 2157/3306/1944 2153/3302/1937 2164/3318/1936
f 1905/2866/1800 2177/3337/1929 1100/1678/1045 823/1198/877
f 2122/3262/1923 1499/2308/1494 1497/2305/1273 1813/2740/1274 1814/2741/1714 2143/3287/1945
f 2143/3287/1945 1814/2741/1714 1815/2742/1292 1180/1809/1215 2234/3412/1214 2233/3409/1946 2232/3407/1947 2231/3405/1948 2230/3404/1949 2229/3403/1950 2228/3402/1951 2227/3401/1952 2226/3400/1953 2127/3268/1954
f 2127/3268/1954 2226/3400/1953 1833/2771/1955 2132/3274/1956
f 2132/3274/1956 1833/2771/1955 1842/2780/1957 2137/3280/1958
f 2137/3280/1958 1842/2780/1957 749/1098/1061 1062/1623/1060
f 2148/3294/1210 2104/3223/1213 2107/3231/1420 2158/3308/1419
f 2158/3307/1419 2160/3310/1422 2161/3312/1959
f 2161/3312/1959 2160/3310/1422 2162/3314/1960
f 2162/3316/1960 2160/3311/1422 2163/3317/1961
f 2163/3317/1961 2160/3311/1422 2159/3309/1922
f 2164/3318/1936 2166/3322/1424 2167/3324/1943
f 2167/3324/1943 2166/3322/1424 2168/3326/1962
f 2168/3325/1962 2166/3323/1424 2169/3328/1963
f 2169/3328/1963 2166/3323/1424 2165/3319/1277
f 1062/1623/1060 1065/1627/1068 2139/3282/1964 2137/3280/1958
f 1065/1627/1068 1064/1625/1070 2140/3283/1965 2139/3282/1964
f 1064/1626/1070 1063/1624/1072 2141/3285/1966 2140/3284/1965
f 1063/1624/1072 1061/1622/817 2138/3281/1364 2141/3285/1966
f 2137/3280/1958 2139/3282/1964 2134/3276/1967 2132/3274/1956
f 2139/3282/1964 2140/3283/1965 2135/3277/1968 2134/3276/1967
f 2140/3284/1965 2141/3285/1966 2136/3279/1969 2135/3278/1968
f 2141/3285/1966 2138/3281/1364 2133/3275/1171 2136/3279/1969
f 2132/3274/1956 2134/3276/1967 2129/3270/1970 2127/3268/1954
f 2134/3276/1967 2135/3277/1968 2130/3271/1971 2129/3270/1970
f 2135/3278/1968 2136/3279/1969 2131/3273/1972 2130/3272/1971
f 2136/3279/1969 2133/3275/1171 2128/3269/1170 2131/3273/1972
f 2143/3287/1945 2146/3291/1973 2124/3264/1974 2122/3262/1923
f 2146/3291/1973 2145/3289/1975 2125/3265/1976 2124/3264/1974
f 2145/3290/1975 2144/3288/1977 2126/3267/1978 2125/3266/1976
f 2144/3288/1977 2142/3286/1755 2123/3263/1211 2126/3267/1978
f 2127/3268/1954 2129/3270/1970 2146/3291/1973 2143/3287/1945
f 2129/3270/1970 2130/3271/1971 2145/3289/1975 2146/3291/1973
f 2130/3272/1971 2131/3273/1972 2144/3288/1977 2145/3290/1975
f 2131/3273/1972 2128/3269/1170 2142/3286/1755 2144/3288/1977
f 2122/3262/1923 2124/3264/1974 2149/3295/1979 2147/3292/1921
f 2124/3264/1974 2125/3265/1976 2150/3298/1980 2149/3295/1979
f 2125/3266/1976 2126/3267/1978 2151/3299/1981 2150/3296/1980
f 2126/3267/1978 2123/3263/1211 2148/3293/1210 2151/3299/1981
f 2158/3308/1419 2161/3313/1959 2151/3300/1981 2148/3294/1210
f 2161/3313/1959 2162/3315/1960 2150/3297/1980 2151/3300/1981
f 2162/3316/1960 2163/3317/1961 2149/3295/1979 2150/3298/1980
f 2163/3317/1961 2159/3309/1922 2147/3292/1921 2149/3295/1979
f 2167/3324/1943 2168/3326/1962 2156/3304/1982 2157/3306/1944
f 2168/3327/1962 2169/3329/1963 2155/3303/1983 2156/3305/1982
f 2169/3329/1963 2165/3320/1277 2152/3301/1280 2155/3303/1983
f 1101/1680/932 1104/1683/932 2178/3339/1935 2176/3336/1935
f 1104/1683/932 1103/1682/932 2179/3340/1935 2178/3339/1935
f 1103/1682/932 1102/1681/932 2180/3341/1935 2179/3340/1935
f 1102/1681/932 1100/1679/1045 2177/3338/1929 2180/3341/1935
f 2176/3336/1935 2178/3339/1935 2183/3345/1920 2181/3342/1920
f 2178/3339/1935 2179/3340/1935 2184/3346/1920 2183/3345/1920
f 2179/3340/1935 2180/3341/1935 2185/3347/1920 2184/3346/1920
f 2180/3341/1935 2177/3338/1929 2182/3344/1928 2185/3347/1920
f 2181/3342/1920 2183/3345/1920 2188/3351/1984 2186/3348/1917
f 2183/3345/1920 2184/3346/1920 2189/3352/1984 2188/3351/1984
f 2184/3346/1920 2185/3347/1920 2190/3353/1984 2189/3352/1984
f 2185/3347/1920 2182/3344/1928 2187/3350/1930 2190/3353/1984
f 2192/3356/1938 2195/3359/1985 2198/3363/1986 2196/3360/1927
f 2195/3359/1985 2194/3358/1987 2199/3364/1988 2198/3363/1986
f 2194/3358/1987 2193/3357/1989 2200/3365/1990 2199/3364/1988
f 2193/3357/1989 2191/3355/1942 2197/3362/1941 2200/3365/1990
f 2186/3348/1917 2188/3351/1984 2195/3359/1985 2192/3356/1938
f 2188/3351/1984 2189/3352/1984 2194/3358/1987 2195/3359/1985
f 2189/3352/1984 2190/3353/1984 2193/3357/1989 2194/3358/1987
f 2190/3353/1984 2187/3350/1930 2191/3355/1942 2193/3357/1989
f 2196/3360/1927 2198/3363/1986 2208/3382/1991 2206/3378/1924
f 2198/3363/1986 2199/3364/1988 2209/3383/1992 2208/3382/1991
f 2199/3364/1988 2200/3365/1990 2210/3384/1993 2209/3383/1992
f 2200/3365/1990 2197/3362/1941 2207/3381/1940 2210/3384/1993
f 2206/3378/1924 2208/3382/1991 2203/3371/1994 2201/3366/1933
f 2208/3382/1991 2209/3383/1992 2204/3373/1995 2203/3371/1994
f 2209/3383/1992 2210/3384/1993 2205/3376/1996 2204/3373/1995
f 2210/3384/1993 2207/3381/1940 2202/3369/1821 2205/3376/1996
f 2123/3263/1211 2142/3286/1755 2113/3244/1756 2114/3246/1212
f 2170/3330/1997 2202/3370/1821 1886/2836/1724 1158/1769/1359
f 2170/3330/1997 2173/3332/1998 2205/3377/1996 2202/3370/1821
f 2173/3332/1998 2174/3333/1999 2204/3374/1995 2205/3377/1996
f 2174/3334/1999 2175/3335/2000 2203/3372/1994 2204/3375/1995
f 2203/3372/1994 2175/3335/2000 2171/3331/1931 2201/3367/1933
f 1886/2836/1724 2202/3370/1821 1889/2843/1798
f 722/1071/829 723/1072/830 2212/3386/1049 2211/3385/1048
f 723/1072/830 724/1073/831 2213/3387/1050 2212/3386/1049
f 724/1073/831 725/1074/832 2214/3388/1051 2213/3387/1050
f 725/1074/832 726/1075/833 2215/3389/1052 2214/3388/1051
f 726/1075/833 727/1076/834 2216/3390/1053 2215/3389/1052
f 727/1076/834 728/1077/835 2217/3391/1054 2216/3390/1053
f 728/1077/835 729/1078/836 2218/3392/1055 2217/3391/1054
f 729/1078/836 730/1079/837 2219/3393/122 2218/3392/1055
f 2220/3394/799 2221/3395/798 740/1089/1059 749/1098/1061
f 748/1097/815 757/1106/814 2222/3396/128 2223/3397/126
f 2221/3395/798 2224/3398/818 731/1080/1057 740/1089/1059
f 739/1088/826 748/1097/815 2223/3397/126 2225/3399/123
f 2224/3398/818 722/1071/829 2211/3385/1048 731/1080/1057
f 730/1079/837 739/1088/826 2225/3399/123 2219/3393/122
f 1825/2759/1758 1824/2758/1757 2226/3400/1953 2227/3401/1952
f 1826/2760/1759 1825/2759/1758 2227/3401/1952 2228/3402/1951
f 1827/2761/1760 1826/2760/1759 2228/3402/1951 2229/3403/1950
f 1828/2762/1761 1827/2761/1760 2229/3403/1950 2230/3404/1949
f 1829/2763/1762 1828/2762/1761 2230/3404/1949 2231/3405/1948
f 1830/2766/1763 1829/2764/1762 2231/3406/1948 2232/3408/1947
f 1831/2768/1764 1830/2766/1763 2232/3408/1947 2233/3410/1946
f 1832/2769/1765 1831/2768/1764 2233/3410/1946 2234/3411/1214
f 2235/3413/1737 2220/3394/799 749/1098/1061 1842/2780/1957
f 757/1106/814 1850/2788/1745 2236/3414/1219 2222/3396/128
f 2237/3415/1746 2235/3413/1737 1842/2780/1957 1833/2771/1955
f 1850/2788/1745 1841/2779/1754 2238/3416/1217 2236/3414/1219
f 1824/2758/1757 2237/3415/1746 1833/2771/1955 2226/3400/1953
f 1841/2779/1754 1832/2770/1765 2234/3412/1214 2238/3416/1217
l 1020 23
l 1096 1078
l 2103 1158
l 2172 2154
