# Blender 3.4.1
# www.blender.org
mtllib Ottoman.mtl
o Ottoman
v 1.471391 0.490376 0.833163
v 1.198050 0.496725 0.839398
v 1.197554 0.488519 0.838728
v 1.470305 0.482285 0.832461
v -1.468877 0.349520 -0.833337
v -1.468877 0.349520 0.833333
v 1.468877 0.349520 -0.833337
v 1.468877 0.349520 0.833333
v -1.471391 0.490376 -0.833167
v -1.198050 0.496731 -0.839405
v -1.197554 0.488524 -0.838734
v -1.470305 0.482285 -0.832465
v 1.194338 0.354330 -0.839945
v -1.194338 0.354330 -0.839945
v -1.194338 0.354324 0.839940
v 1.194338 0.354324 0.839940
v -1.471391 0.490376 0.833163
v -1.475487 0.492266 0.683177
v -1.474260 0.484152 0.682936
v -1.470305 0.482285 0.832461
v -1.473261 0.350926 -0.681476
v -1.473261 0.350926 0.681467
v 1.473261 0.350926 0.681467
v 1.473261 0.350926 -0.681476
v -1.198201 0.355841 -0.687929
v -1.198201 0.355834 0.687915
v 1.198201 0.355841 -0.687929
v 1.198201 0.355834 0.687915
v 1.302765 1.742204 -0.745852
v 1.302765 1.742204 0.745841
v -1.302765 1.742204 -0.745852
v -1.302765 1.742204 0.745841
v 1.472112 0.474659 -0.834655
v 1.472645 0.481716 -0.834922
v 1.473818 0.489801 -0.835537
v 1.472112 0.474659 0.834651
v 1.472645 0.481716 0.834918
v 1.473818 0.489801 0.835533
v -1.472112 0.474659 -0.834655
v -1.472645 0.481716 -0.834922
v -1.473818 0.489801 -0.835537
v -1.472112 0.474659 0.834651
v -1.472645 0.481716 0.834918
v -1.473818 0.489801 0.835533
v 1.197171 0.481064 -0.841947
v 1.198523 0.503481 -0.843780
v 1.197443 0.488217 -0.842255
v 1.197938 0.496422 -0.842926
v -1.198523 0.503481 -0.843780
v -1.197171 0.481064 -0.841947
v -1.197938 0.496422 -0.842926
v -1.197443 0.488217 -0.842255
v -1.197171 0.481058 0.841941
v -1.198523 0.503476 0.843774
v -1.197443 0.488211 0.842249
v -1.197938 0.496417 0.842920
v 1.198523 0.503476 0.843774
v 1.197171 0.481058 0.841941
v 1.197938 0.496417 0.842920
v 1.197443 0.488211 0.842249
v -1.477193 0.476537 -0.682734
v -1.480547 0.498699 -0.683391
v -1.477768 0.483618 -0.682862
v -1.478996 0.491730 -0.683102
v -1.480547 0.498699 0.683380
v -1.477193 0.476537 0.682723
v -1.478996 0.491730 0.683091
v -1.477768 0.483618 0.682851
v 1.477193 0.476537 0.682723
v 1.480547 0.498699 0.683380
v 1.477768 0.483618 0.682851
v 1.478996 0.491730 0.683091
v 1.480547 0.498699 -0.683391
v 1.477193 0.476537 -0.682734
v 1.478996 0.491730 -0.683102
v 1.477768 0.483618 -0.682862
v 1.470305 0.482285 -0.832465
v 1.474260 0.484152 -0.682947
v 1.475487 0.492266 -0.683188
v 1.471391 0.490376 -0.833167
v 1.197554 0.488524 -0.838734
v 1.198050 0.496731 -0.839405
v -1.197554 0.488519 0.838728
v -1.198050 0.496725 0.839398
v -1.474260 0.484152 -0.682947
v -1.475487 0.492266 -0.683188
v 1.474260 0.484152 0.682936
v 1.475487 0.492266 0.683177
v -1.477267 0.007644 0.740831
v -1.475881 0.007644 0.838592
v -1.299826 0.007888 -0.841166
v -1.475881 0.007644 -0.838594
v 1.299826 0.007888 0.841163
v 1.475881 0.007644 0.838592
v 1.477267 0.007644 -0.740835
v 1.475881 0.007644 -0.838594
v 1.299826 0.007888 -0.841166
v -1.299826 0.007888 0.841163
v -1.301061 0.008083 0.743352
v 1.301061 0.008083 0.743352
v -1.477267 0.007644 -0.740835
v 1.477267 0.007644 0.740831
v -1.301061 0.008085 -0.743359
v 1.301061 0.008085 -0.743359
v 1.752743 1.697106 -1.000605
v 1.757064 1.712316 -0.987350
v 1.768940 1.697174 -0.985009
v -1.767468 1.714920 0.987742
v 1.760559 1.696985 -0.998412
v -1.765973 1.712024 0.997000
v -1.756810 1.714985 0.997916
v -1.764679 1.705520 1.002362
v 1.766504 1.697010 -0.992689
v -1.755198 1.706645 1.005034
v 1.768940 1.697174 0.985010
v 1.757064 1.712316 0.987352
v 1.752743 1.697106 1.000607
v 1.766504 1.697010 0.992691
v -1.764679 1.705520 -1.002360
v -1.755198 1.706645 -1.005031
v 1.760559 1.696985 0.998415
v -1.756810 1.714985 -0.997914
v -1.768940 1.697174 -0.985009
v -1.757064 1.712316 -0.987350
v -1.752743 1.697106 -1.000605
v -1.765973 1.712024 -0.996998
v -1.766504 1.697010 -0.992688
v -1.767468 1.714920 -0.987740
v -1.771068 1.705318 -0.996262
v -1.774173 1.706263 -0.986840
v -1.760559 1.696985 -0.998412
v -1.752743 1.697106 1.000607
v -1.757064 1.712316 0.987352
v -1.768940 1.697174 0.985010
v -1.760559 1.696985 0.998415
v 1.764679 1.705520 1.002362
v 1.755198 1.706645 1.005034
v 1.756810 1.714985 0.997916
v -1.766504 1.697010 0.992691
v 1.765973 1.712024 0.997000
v 1.767468 1.714920 0.987742
v 1.295356 1.732738 0.997883
v 1.293995 1.717180 1.011214
v 1.771068 1.705318 0.996264
v 1.774173 1.706263 0.986841
v -1.293995 1.717180 1.011214
v -1.295356 1.732738 0.997883
v -1.295356 1.732738 -0.997878
v -1.293995 1.717180 -1.011209
v 1.293995 1.717180 -1.011209
v 1.295356 1.732738 -0.997878
v 1.771068 1.705318 -0.996262
v 1.774173 1.706263 -0.986840
v 1.765376 1.717096 -0.735668
v 1.777319 1.701803 -0.734864
v 1.767468 1.714920 -0.987740
v 1.777319 1.701803 0.734860
v 1.765376 1.717096 0.735663
v 1.765973 1.712024 -0.996998
v 1.756810 1.714985 -0.997914
v -1.765376 1.717096 0.735663
v -1.777319 1.701803 0.734860
v 1.764679 1.705520 -1.002360
v 1.755198 1.706645 -1.005032
v -1.777319 1.701803 -0.734864
v -1.765376 1.717096 -0.735668
v 1.459517 0.497110 -0.836719
v 1.475843 0.496946 -0.820912
v 1.473828 0.489850 -0.835543
v 1.467488 0.496955 -0.834461
v 1.473463 0.496895 -0.828675
v 1.475843 0.496946 0.820907
v 1.459517 0.497110 0.836715
v 1.473828 0.489850 0.835539
v 1.473463 0.496895 0.828671
v 1.467488 0.496955 0.834457
v -1.475843 0.496946 -0.820912
v -1.459517 0.497110 -0.836719
v -1.473828 0.489850 -0.835543
v -1.473463 0.496895 -0.828675
v -1.467488 0.496955 -0.834461
v -1.459517 0.497110 0.836715
v -1.475843 0.496946 0.820907
v -1.473828 0.489850 0.835539
v -1.467488 0.496955 0.834457
v -1.473463 0.496895 0.828671
v 1.760559 1.696985 -0.998412
v 1.752743 1.697106 -1.000605
v 1.757064 1.712316 -0.987350
v 1.768940 1.697174 -0.985009
v 1.766504 1.697010 -0.992689
v 1.766504 1.697010 0.992691
v 1.768940 1.697174 0.985010
v 1.757064 1.712316 0.987352
v 1.752743 1.697106 1.000607
v 1.760559 1.696985 0.998415
v -1.766504 1.697010 -0.992688
v -1.768940 1.697174 -0.985009
v -1.757064 1.712316 -0.987350
v -1.752743 1.697106 -1.000605
v -1.760559 1.696985 -0.998412
v -1.760559 1.696985 0.998415
v -1.752743 1.697106 1.000607
v -1.757064 1.712316 0.987352
v -1.768940 1.697174 0.985010
v -1.766504 1.697010 0.992691
v -1.295356 1.732738 0.997883
v -1.293995 1.717180 1.011214
v 1.765376 1.717096 0.735663
v 1.777319 1.701803 0.734860
v -1.765376 1.717096 -0.735668
v -1.777319 1.701803 -0.734864
v 1.295356 1.732738 -0.997878
v 1.293995 1.717180 -1.011209
v 1.295356 1.732738 0.997883
v 1.293995 1.717180 1.011214
v -1.295356 1.732738 -0.997878
v -1.293995 1.717180 -1.011209
v 1.765376 1.717096 -0.735668
v 1.777319 1.701803 -0.734864
v -1.765376 1.717096 0.735663
v -1.777319 1.701803 0.734860
v -1.774173 1.706263 0.986841
v -1.771068 1.705318 0.996264
v -1.294845 1.735349 1.008366
v -1.294332 1.726965 1.015534
v 1.775676 1.719620 0.735404
v 1.782423 1.710973 0.735091
v -1.775676 1.719620 -0.735409
v -1.782423 1.710973 -0.735096
v 1.294845 1.735349 -1.008361
v 1.294332 1.726965 -1.015528
v 1.294845 1.735349 1.008366
v 1.294332 1.726965 1.015534
v -1.294845 1.735349 -1.008361
v -1.294332 1.726965 -1.015528
v 1.775676 1.719620 -0.735409
v 1.782423 1.710973 -0.735096
v -1.775676 1.719620 0.735404
v -1.782423 1.710973 0.735091
v -1.756900 1.711321 0.987161
v -1.763783 1.716571 0.994274
v -1.758233 1.714097 0.988587
v -1.760772 1.714997 0.991195
v -1.756900 1.711321 -0.987159
v -1.763783 1.716571 -0.994272
v -1.758233 1.714097 -0.988585
v -1.760772 1.714997 -0.991193
v 1.756900 1.711321 0.987161
v 1.763783 1.716571 0.994274
v 1.758233 1.714097 0.988587
v 1.760772 1.714997 0.991195
v 1.756900 1.711321 -0.987159
v 1.763783 1.716571 -0.994272
v 1.758233 1.714097 -0.988585
v 1.760772 1.714997 -0.991193
v -1.294891 1.738946 1.005975
v -1.295379 1.731858 0.997647
v -1.295098 1.736409 1.002471
v -1.295258 1.734836 0.999410
v 1.773298 1.723225 0.735446
v 1.765160 1.716226 0.735671
v 1.769864 1.720726 0.735543
v 1.766856 1.719186 0.735621
v -1.773298 1.723225 -0.735451
v -1.765160 1.716226 -0.735675
v -1.769864 1.720726 -0.735548
v -1.766856 1.719186 -0.735626
v 1.294891 1.738946 -1.005970
v 1.295379 1.731858 -0.997642
v 1.295098 1.736409 -1.002466
v 1.295258 1.734836 -0.999406
v 1.295379 1.731858 0.997647
v 1.294891 1.738946 1.005975
v 1.295258 1.734836 0.999410
v 1.295098 1.736409 1.002471
v -1.295379 1.731858 -0.997642
v -1.294891 1.738946 -1.005970
v -1.295258 1.734836 -0.999406
v -1.295098 1.736409 -1.002466
v 1.765160 1.716226 -0.735675
v 1.773298 1.723225 -0.735451
v 1.766856 1.719186 -0.735626
v 1.769864 1.720726 -0.735548
v -1.765160 1.716226 0.735671
v -1.773298 1.723225 0.735446
v -1.766856 1.719186 0.735621
v -1.769864 1.720726 0.735543
v -1.752574 1.696931 0.998400
v -1.754950 1.705523 1.005214
v -1.753118 1.698317 1.002273
v -1.753988 1.701462 1.004767
v -1.759559 1.697036 0.996360
v -1.764555 1.704829 1.002466
v -1.761531 1.698013 0.999852
v -1.763359 1.700866 1.002087
v -1.764555 1.704829 -1.002464
v -1.759559 1.697036 -0.996358
v -1.763359 1.700866 -1.002085
v -1.761531 1.698013 -0.999850
v -1.754950 1.705523 -1.005211
v -1.752574 1.696931 -0.998398
v -1.753988 1.701462 -1.004765
v -1.753118 1.698317 -1.002271
v -1.766806 1.697247 -0.984758
v -1.774258 1.705007 -0.986685
v -1.770730 1.698187 -0.985360
v -1.773458 1.701028 -0.986065
v -1.764567 1.697192 -0.991559
v -1.771107 1.704588 -0.996209
v -1.767992 1.697944 -0.993668
v -1.770386 1.700652 -0.995370
v 1.764555 1.704829 1.002466
v 1.759559 1.697036 0.996360
v 1.763359 1.700866 1.002087
v 1.761531 1.698013 0.999852
v 1.754950 1.705523 1.005214
v 1.752574 1.696931 0.998400
v 1.753988 1.701462 1.004767
v 1.753118 1.698317 1.002273
v 1.766806 1.697247 0.984760
v 1.774258 1.705007 0.986687
v 1.770730 1.698187 0.985362
v 1.773458 1.701028 0.986067
v 1.764567 1.697192 0.991561
v 1.771107 1.704588 0.996211
v 1.767992 1.697944 0.993670
v 1.770386 1.700652 0.995372
v 1.771107 1.704588 -0.996209
v 1.764567 1.697192 -0.991559
v 1.770386 1.700652 -0.995370
v 1.767992 1.697944 -0.993668
v 1.774258 1.705007 -0.986685
v 1.766806 1.697247 -0.984758
v 1.773458 1.701028 -0.986065
v 1.770730 1.698187 -0.985360
v 1.752574 1.696931 -0.998398
v 1.754950 1.705523 -1.005211
v 1.753118 1.698317 -1.002271
v 1.753988 1.701462 -1.004765
v 1.759559 1.697036 -0.996358
v 1.764555 1.704829 -1.002464
v 1.761531 1.698013 -0.999850
v 1.763359 1.700866 -1.002085
v -1.774258 1.705007 0.986687
v -1.766806 1.697247 0.984760
v -1.773458 1.701028 0.986067
v -1.770730 1.698187 0.985362
v -1.771107 1.704588 0.996211
v -1.764567 1.697192 0.991561
v -1.770386 1.700652 0.995372
v -1.767992 1.697944 0.993671
v -1.294060 1.716986 1.009054
v -1.294262 1.725712 1.015748
v -1.293998 1.718420 1.012901
v -1.294073 1.721614 1.015351
v 1.775231 1.701844 0.734891
v 1.782531 1.709738 0.735049
v 1.779141 1.702845 0.734869
v 1.781813 1.705734 0.734927
v -1.775231 1.701844 -0.734895
v -1.782531 1.709738 -0.735053
v -1.779141 1.702845 -0.734873
v -1.781813 1.705734 -0.734931
v 1.294060 1.716986 -1.009049
v 1.294262 1.725712 -1.015742
v 1.293998 1.718420 -1.012895
v 1.294073 1.721614 -1.015345
v 1.294262 1.725712 1.015748
v 1.294060 1.716986 1.009054
v 1.294073 1.721614 1.015351
v 1.293998 1.718420 1.012901
v -1.294262 1.725712 -1.015742
v -1.294060 1.716986 -1.009049
v -1.294073 1.721614 -1.015345
v -1.293998 1.718420 -1.012895
v 1.782531 1.709738 -0.735053
v 1.775231 1.701844 -0.734895
v 1.781813 1.705734 -0.734931
v 1.779141 1.702845 -0.734873
v -1.782531 1.709738 0.735049
v -1.775231 1.701844 0.734891
v -1.781813 1.705734 0.734927
v -1.779141 1.702845 0.734869
v 0.896346 0.502291 0.848109
v 0.594889 0.505983 0.855374
v 0.296632 0.508072 0.860212
v -0.000000 0.508742 0.861933
v -0.296632 0.508072 0.860212
v -0.594890 0.505983 0.855374
v -0.896346 0.502291 0.848109
v -0.895979 0.493991 -0.847325
v -0.594668 0.497600 -0.854356
v -0.296550 0.499632 -0.858985
v 0.000000 0.500281 -0.860622
v 0.296550 0.499632 -0.858985
v 0.594668 0.497600 -0.854356
v 0.895979 0.493991 -0.847325
v -0.896346 0.502304 -0.848031
v -0.594889 0.505998 -0.855089
v -0.296632 0.508086 -0.859740
v 0.000000 0.508755 -0.861386
v 0.296632 0.508086 -0.859740
v 0.594890 0.505998 -0.855089
v 0.896346 0.502304 -0.848031
v 0.893707 0.358183 -0.847955
v 0.593670 0.360536 -0.854659
v 0.296520 0.361748 -0.859026
v 0.000000 0.362104 -0.860561
v -0.296520 0.361748 -0.859026
v -0.593670 0.360536 -0.854659
v -0.893707 0.358183 -0.847955
v -0.893707 0.358169 0.847975
v -0.593670 0.360518 0.854836
v -0.296520 0.361730 0.859350
v 0.000000 0.362086 0.860945
v 0.296520 0.361730 0.859350
v 0.593670 0.360518 0.854836
v 0.893707 0.358169 0.847975
v 0.895979 0.493978 0.847401
v 0.594668 0.497585 0.854636
v 0.296550 0.499618 0.859450
v -0.000000 0.500268 0.861162
v -0.296550 0.499618 0.859450
v -0.594668 0.497585 0.854636
v -0.895979 0.493978 0.847401
v -0.974691 1.762061 -0.754474
v -0.646435 1.779814 -0.761423
v -0.321910 1.792219 -0.765968
v 0.000000 1.796699 -0.767564
v 0.321910 1.792219 -0.765968
v 0.646435 1.779814 -0.761423
v 0.974691 1.762061 -0.754474
v -0.974691 1.762061 0.754580
v -0.646435 1.779814 0.761766
v -0.321910 1.792219 0.766527
v 0.000000 1.796699 0.768211
v 0.321910 1.792219 0.766527
v 0.646435 1.779814 0.761766
v 0.974691 1.762061 0.754580
v 0.896466 0.359392 -0.695074
v 0.594899 0.361335 -0.700792
v 0.296520 0.362189 -0.704524
v 0.000000 0.362405 -0.705831
v -0.296520 0.362189 -0.704524
v -0.594899 0.361335 -0.700792
v -0.896466 0.359392 -0.695074
v 0.896466 0.359379 0.695187
v 0.594899 0.361320 0.701108
v 0.296520 0.362176 0.705022
v 0.000000 0.362393 0.706403
v -0.296520 0.362176 0.705022
v -0.594899 0.361320 0.701108
v -0.896466 0.359379 0.695187
v 0.895699 0.486442 -0.850525
v 0.594518 0.489985 -0.857557
v 0.296520 0.491975 -0.862183
v 0.000000 0.492609 -0.863819
v -0.296520 0.491975 -0.862183
v -0.594518 0.489985 -0.857557
v -0.895699 0.486442 -0.850525
v -0.895898 0.493685 -0.850861
v -0.594630 0.497299 -0.857914
v -0.296550 0.499336 -0.862556
v 0.000000 0.499987 -0.864198
v 0.296550 0.499336 -0.862556
v 0.594630 0.497299 -0.857914
v 0.895899 0.493685 -0.850861
v -0.896265 0.501997 -0.851568
v -0.594851 0.505696 -0.858647
v -0.296632 0.507788 -0.863311
v 0.000000 0.508459 -0.864962
v 0.296632 0.507788 -0.863311
v 0.594851 0.505696 -0.858647
v 0.896265 0.501997 -0.851568
v -0.896701 0.509151 -0.852455
v -0.595122 0.512924 -0.859561
v -0.296744 0.515066 -0.864246
v 0.000000 0.515754 -0.865905
v 0.296744 0.515066 -0.864246
v 0.595122 0.512924 -0.859561
v 0.896701 0.509151 -0.852455
v -0.895699 0.486429 0.850595
v -0.594518 0.489969 0.857827
v -0.296520 0.491960 0.862635
v 0.000000 0.492595 0.864344
v 0.296520 0.491960 0.862635
v 0.594518 0.489969 0.857827
v 0.895699 0.486429 0.850595
v 0.895898 0.493672 0.850934
v 0.594630 0.497284 0.858189
v 0.296550 0.499322 0.863016
v -0.000000 0.499974 0.864732
v -0.296550 0.499322 0.863016
v -0.594630 0.497284 0.858189
v -0.895899 0.493672 0.850934
v 0.896265 0.501984 0.851644
v 0.594851 0.505680 0.858928
v 0.296632 0.507774 0.863778
v -0.000000 0.508446 0.865504
v -0.296632 0.507774 0.863778
v -0.594851 0.505680 0.858928
v -0.896265 0.501984 0.851644
v 0.896701 0.509138 0.852533
v 0.595122 0.512909 0.859846
v 0.296744 0.515052 0.864719
v -0.000000 0.515742 0.866453
v -0.296744 0.515052 0.864719
v -0.595122 0.512909 0.859846
v -0.896701 0.509138 0.852533
v 0.969462 1.749602 1.007228
v 0.644196 1.764789 1.015841
v 0.321910 1.775362 1.021689
v 0.000000 1.779160 1.023768
v -0.321910 1.775362 1.021689
v -0.644196 1.764789 1.015841
v -0.969462 1.749602 1.007228
v -0.968453 1.733856 1.020631
v -0.643550 1.748876 1.029313
v -0.321597 1.759331 1.035243
v 0.000000 1.763086 1.037352
v 0.321597 1.759331 1.035243
v 0.643550 1.748876 1.029313
v 0.968453 1.733856 1.020631
v -0.969462 1.749602 -1.007222
v -0.644196 1.764789 -1.015778
v -0.321910 1.775362 -1.021477
v 0.000000 1.779160 -1.023493
v 0.321910 1.775362 -1.021477
v 0.644196 1.764789 -1.015778
v 0.969462 1.749602 -1.007222
v 0.968453 1.733856 -1.020623
v 0.643550 1.748876 -1.029260
v 0.321597 1.759331 -1.035041
v 0.000000 1.763086 -1.037087
v -0.321597 1.759331 -1.035041
v -0.643550 1.748876 -1.029260
v -0.968453 1.733856 -1.020623
v 0.969462 1.749602 1.007228
v 0.644196 1.764789 1.015841
v 0.321910 1.775362 1.021689
v 0.000000 1.779160 1.023768
v -0.321910 1.775362 1.021689
v -0.644196 1.764789 1.015841
v -0.969462 1.749602 1.007228
v -0.968453 1.733856 1.020631
v -0.643550 1.748876 1.029313
v -0.321597 1.759331 1.035243
v 0.000000 1.763086 1.037352
v 0.321597 1.759331 1.035243
v 0.643550 1.748876 1.029313
v 0.968453 1.733856 1.020631
v -0.969462 1.749602 -1.007222
v -0.644196 1.764789 -1.015778
v -0.321910 1.775362 -1.021477
v 0.000000 1.779160 -1.023493
v 0.321910 1.775362 -1.021477
v 0.644196 1.764789 -1.015778
v 0.969462 1.749602 -1.007222
v 0.968453 1.733856 -1.020623
v 0.643550 1.748876 -1.029260
v 0.321597 1.759331 -1.035041
v 0.000000 1.763086 -1.037087
v -0.321597 1.759331 -1.035041
v -0.643550 1.748876 -1.029260
v -0.968453 1.733856 -1.020623
v -0.969106 1.752074 1.017689
v -0.644044 1.767143 1.026289
v -0.321868 1.777635 1.032166
v 0.000000 1.781403 1.034254
v 0.321869 1.777635 1.032166
v 0.644044 1.767143 1.026289
v 0.969106 1.752074 1.017689
v -0.968728 1.743592 1.024896
v -0.643806 1.758575 1.033533
v -0.321754 1.769007 1.039456
v 0.000000 1.772753 1.041560
v 0.321754 1.769007 1.039456
v 0.643806 1.758575 1.033533
v 0.968728 1.743592 1.024896
v 0.969106 1.752074 -1.017682
v 0.644044 1.767143 -1.026242
v 0.321868 1.777635 -1.031973
v -0.000000 1.781403 -1.034000
v -0.321869 1.777635 -1.031973
v -0.644044 1.767143 -1.026242
v -0.969106 1.752074 -1.017682
v 0.968728 1.743592 -1.024888
v 0.643806 1.758575 -1.033491
v 0.321754 1.769007 -1.039268
v -0.000000 1.772753 -1.041312
v -0.321754 1.769007 -1.039268
v -0.643806 1.758575 -1.033491
v -0.968728 1.743592 -1.024888
v 0.969478 1.748725 1.006998
v 0.644201 1.763914 1.015614
v 0.321910 1.774489 1.021465
v 0.000000 1.778288 1.023544
v -0.321910 1.774489 1.021465
v -0.644201 1.763914 1.015614
v -0.969478 1.748725 1.006998
v -0.969394 1.751679 1.008743
v -0.644170 1.766849 1.017345
v -0.321906 1.777410 1.023194
v 0.000000 1.781204 1.025271
v 0.321906 1.777410 1.023194
v 0.644171 1.766849 1.017345
v 0.969394 1.751679 1.008743
v -0.969283 1.753212 1.011793
v -0.644125 1.768347 1.020388
v -0.321895 1.778884 1.026242
v 0.000000 1.782670 1.028321
v 0.321895 1.778884 1.026242
v 0.644125 1.768347 1.020388
v 0.969283 1.753212 1.011793
v -0.969139 1.755702 1.015280
v -0.644066 1.770797 1.023861
v -0.321880 1.781307 1.029720
v -0.000000 1.785082 1.031800
v 0.321880 1.781307 1.029720
v 0.644066 1.770797 1.023861
v 0.969139 1.755702 1.015280
v -0.969478 1.748725 -1.006991
v -0.644201 1.763914 -1.015551
v -0.321910 1.774489 -1.021252
v 0.000000 1.778288 -1.023268
v 0.321910 1.774489 -1.021252
v 0.644201 1.763914 -1.015551
v 0.969478 1.748725 -1.006991
v 0.969394 1.751679 -1.008737
v 0.644170 1.766849 -1.017286
v 0.321906 1.777410 -1.022986
v -0.000000 1.781204 -1.025001
v -0.321906 1.777410 -1.022986
v -0.644171 1.766849 -1.017286
v -0.969394 1.751679 -1.008737
v 0.969283 1.753212 -1.011786
v 0.644125 1.768347 -1.020333
v 0.321895 1.778884 -1.026040
v 0.000000 1.782670 -1.028058
v -0.321895 1.778884 -1.026040
v -0.644125 1.768347 -1.020333
v -0.969283 1.753212 -1.011786
v 0.969139 1.755702 -1.015272
v 0.644066 1.770797 -1.023812
v 0.321880 1.781307 -1.029526
v 0.000000 1.785082 -1.031545
v -0.321880 1.781307 -1.029526
v -0.644066 1.770797 -1.023812
v -0.969139 1.755702 -1.015272
v -0.968496 1.733690 1.018474
v -0.643563 1.748734 1.027157
v -0.321597 1.759205 1.033080
v 0.000000 1.762966 1.035186
v 0.321597 1.759205 1.033080
v 0.643563 1.748734 1.027157
v 0.968496 1.733690 1.018474
v 0.968461 1.735075 1.022310
v 0.643573 1.750077 1.030987
v 0.321615 1.760521 1.036920
v 0.000000 1.764272 1.039029
v -0.321615 1.760521 1.036920
v -0.643573 1.750077 1.030987
v -0.968461 1.735075 1.022310
v 0.968526 1.738239 1.024741
v 0.643647 1.753219 1.033403
v 0.321665 1.763647 1.039337
v 0.000000 1.767392 1.041447
v -0.321665 1.763647 1.039337
v -0.643647 1.753219 1.033403
v -0.968526 1.738239 1.024741
v 0.968675 1.742335 1.025116
v 0.643767 1.757315 1.033759
v 0.321733 1.767744 1.039685
v 0.000000 1.771489 1.041791
v -0.321733 1.767744 1.039685
v -0.643767 1.757315 1.033759
v -0.968675 1.742335 1.025116
v 0.968496 1.733690 -1.018466
v 0.643563 1.748734 -1.027101
v 0.321597 1.759205 -1.032874
v 0.000000 1.762966 -1.034918
v -0.321597 1.759205 -1.032874
v -0.643563 1.748734 -1.027101
v -0.968496 1.733690 -1.018466
v -0.968461 1.735075 -1.022302
v -0.643573 1.750077 -1.030937
v -0.321615 1.760521 -1.036721
v -0.000000 1.764272 -1.038769
v 0.321615 1.760521 -1.036721
v 0.643573 1.750077 -1.030937
v 0.968461 1.735075 -1.022302
v -0.968526 1.738239 -1.024733
v -0.643647 1.753219 -1.033358
v -0.321665 1.763647 -1.039145
v 0.000000 1.767392 -1.041193
v 0.321665 1.763647 -1.039145
v 0.643647 1.753219 -1.033358
v 0.968526 1.738239 -1.024733
v -0.968675 1.742335 -1.025108
v -0.643767 1.757315 -1.033717
v -0.321733 1.767744 -1.039497
v 0.000000 1.771489 -1.041542
v 0.321733 1.767744 -1.039497
v 0.643767 1.757315 -1.033717
v 0.968675 1.742335 -1.025108
v 1.482479 0.494731 -0.456554
v 1.487401 0.496234 -0.228710
v 1.489181 0.496737 -0.000005
v 1.487401 0.496233 0.228700
v 1.482479 0.494730 0.456538
v -1.482479 0.494730 0.456538
v -1.487401 0.496233 0.228700
v -1.489181 0.496737 -0.000005
v -1.487401 0.496234 -0.228710
v -1.482479 0.494731 -0.456554
v 1.481193 0.486580 -0.456384
v 1.486073 0.488058 -0.228625
v 1.487838 0.488553 -0.000005
v 1.486073 0.488057 0.228614
v 1.481193 0.486579 0.456368
v -1.481193 0.486579 0.456368
v -1.486073 0.488057 0.228614
v -1.487838 0.488553 -0.000005
v -1.486073 0.488058 -0.228625
v -1.481193 0.486580 -0.456384
v -1.479259 0.352745 -0.455121
v -1.483493 0.353841 -0.227986
v -1.485022 0.354206 -0.000009
v -1.483493 0.353840 0.227969
v -1.479259 0.352744 0.455104
v 1.479259 0.352744 0.455104
v 1.483493 0.353840 0.227969
v 1.485022 0.354206 -0.000009
v 1.483493 0.353841 -0.227986
v 1.479259 0.352745 -0.455121
v -1.203563 0.357457 -0.460209
v -1.207373 0.358381 -0.230575
v -1.208752 0.358679 0.000030
v -1.207373 0.358377 0.230629
v -1.203563 0.357451 0.460240
v 1.203563 0.357457 -0.460209
v 1.207373 0.358381 -0.230575
v 1.208752 0.358679 0.000030
v 1.207373 0.358377 0.230629
v 1.203563 0.357451 0.460240
v 1.309640 1.749744 -0.499086
v 1.314559 1.754688 -0.250100
v 1.316347 1.756409 0.000027
v 1.314559 1.754688 0.250148
v 1.309640 1.749744 0.499109
v -1.309640 1.749744 -0.499086
v -1.314559 1.754688 -0.250100
v -1.316347 1.756409 0.000027
v -1.314559 1.754688 0.250148
v -1.309640 1.749744 0.499109
v -1.484078 0.478927 -0.456215
v -1.488925 0.480383 -0.228540
v -1.490677 0.480870 -0.000006
v -1.488925 0.480382 0.228528
v -1.484078 0.478926 0.456198
v -1.484703 0.486039 0.456294
v -1.489584 0.487516 0.228576
v -1.491349 0.488012 -0.000005
v -1.489584 0.487517 -0.228588
v -1.484703 0.486040 -0.456310
v -1.485989 0.494188 0.456464
v -1.490912 0.495690 0.228662
v -1.492693 0.496194 -0.000005
v -1.490912 0.495691 -0.228673
v -1.485989 0.494190 -0.456480
v -1.487592 0.501189 0.456663
v -1.492553 0.502712 0.228761
v -1.494347 0.503224 -0.000005
v -1.492553 0.502713 -0.228772
v -1.487592 0.501190 -0.456679
v 1.484078 0.478926 0.456198
v 1.488925 0.480382 0.228528
v 1.490677 0.480870 -0.000006
v 1.488925 0.480383 -0.228540
v 1.484078 0.478927 -0.456215
v 1.484703 0.486040 -0.456310
v 1.489584 0.487517 -0.228588
v 1.491349 0.488012 -0.000005
v 1.489584 0.487516 0.228576
v 1.484703 0.486039 0.456294
v 1.485989 0.494190 -0.456480
v 1.490912 0.495691 -0.228673
v 1.492693 0.496194 -0.000005
v 1.490912 0.495690 0.228662
v 1.485989 0.494188 0.456464
v 1.487592 0.501190 -0.456679
v 1.492553 0.502713 -0.228772
v 1.494347 0.503224 -0.000005
v 1.492553 0.502712 0.228761
v 1.487592 0.501189 0.456663
v 1.773047 1.721181 -0.490528
v 1.778548 1.723952 -0.245225
v 1.780554 1.724930 -0.000005
v 1.778548 1.723952 0.245216
v 1.773047 1.721181 0.490519
v 1.785077 1.705794 0.489965
v 1.790640 1.708504 0.244923
v 1.792670 1.709461 -0.000004
v 1.790640 1.708504 -0.244932
v 1.785077 1.705794 -0.489974
v -1.773047 1.721181 0.490519
v -1.778548 1.723952 0.245216
v -1.780554 1.724930 -0.000005
v -1.778548 1.723952 -0.245225
v -1.773047 1.721181 -0.490528
v -1.785077 1.705794 -0.489974
v -1.790640 1.708504 -0.244932
v -1.792670 1.709461 -0.000004
v -1.790640 1.708504 0.244923
v -1.785077 1.705794 0.489965
v 1.773047 1.721181 -0.490528
v 1.778548 1.723952 -0.245225
v 1.780554 1.724930 -0.000005
v 1.778548 1.723952 0.245216
v 1.773047 1.721181 0.490519
v 1.785077 1.705794 0.489965
v 1.790640 1.708504 0.244923
v 1.792670 1.709461 -0.000004
v 1.790640 1.708504 -0.244932
v 1.785077 1.705794 -0.489974
v -1.773047 1.721181 0.490519
v -1.778548 1.723952 0.245216
v -1.780554 1.724930 -0.000005
v -1.778548 1.723952 -0.245225
v -1.773047 1.721181 -0.490528
v -1.785077 1.705794 -0.489974
v -1.790640 1.708504 -0.244932
v -1.792670 1.709461 -0.000004
v -1.790640 1.708504 0.244923
v -1.785077 1.705794 0.489965
v 1.783311 1.723624 0.490321
v 1.788787 1.726344 0.245093
v 1.790784 1.727305 -0.000004
v 1.788787 1.726344 -0.245102
v 1.783311 1.723624 -0.490329
v 1.790109 1.714925 0.490102
v 1.795622 1.717613 0.244976
v 1.797632 1.718562 -0.000004
v 1.795622 1.717613 -0.244984
v 1.790109 1.714925 -0.490111
v -1.783311 1.723624 -0.490329
v -1.788787 1.726344 -0.245102
v -1.790784 1.727305 -0.000004
v -1.788787 1.726344 0.245093
v -1.783311 1.723624 0.490321
v -1.790109 1.714925 -0.490110
v -1.795622 1.717613 -0.244984
v -1.797632 1.718562 -0.000004
v -1.795622 1.717613 0.244976
v -1.790109 1.714925 0.490102
v 1.772838 1.720313 -0.490535
v 1.778344 1.723084 -0.245229
v 1.780352 1.724063 -0.000005
v 1.778344 1.723084 0.245220
v 1.772838 1.720313 0.490526
v 1.774509 1.723259 0.490486
v 1.779997 1.726022 0.245195
v 1.781998 1.726998 -0.000005
v 1.779997 1.726022 -0.245204
v 1.774509 1.723259 -0.490495
v 1.777500 1.724776 0.490426
v 1.782977 1.727524 0.245157
v 1.784974 1.728495 -0.000004
v 1.782977 1.727524 -0.245166
v 1.777500 1.724776 -0.490435
v 1.780910 1.727247 0.490352
v 1.786369 1.729978 0.245111
v 1.788359 1.730943 -0.000004
v 1.786369 1.729978 -0.245120
v 1.780910 1.727247 -0.490360
v -1.772838 1.720313 0.490526
v -1.778344 1.723084 0.245220
v -1.780352 1.724063 -0.000005
v -1.778344 1.723084 -0.245229
v -1.772838 1.720313 -0.490535
v -1.774509 1.723259 -0.490495
v -1.779997 1.726022 -0.245204
v -1.781998 1.726998 -0.000005
v -1.779997 1.726022 0.245195
v -1.774509 1.723259 0.490486
v -1.777500 1.724776 -0.490435
v -1.782977 1.727524 -0.245166
v -1.784974 1.728495 -0.000004
v -1.782977 1.727524 0.245157
v -1.777500 1.724776 0.490426
v -1.780910 1.727247 -0.490360
v -1.786369 1.729978 -0.245120
v -1.788359 1.730943 -0.000004
v -1.786369 1.729978 0.245111
v -1.780910 1.727247 0.490352
v 1.782992 1.705850 0.489991
v 1.788557 1.708571 0.244940
v 1.790588 1.709532 -0.000005
v 1.788557 1.708571 -0.244949
v 1.782992 1.705850 -0.490000
v 1.786889 1.706821 -0.489975
v 1.792445 1.709523 -0.244928
v 1.794472 1.710477 -0.000004
v 1.792445 1.709523 0.244919
v 1.786889 1.706821 0.489966
v 1.789537 1.709690 -0.490005
v 1.795075 1.712380 -0.244936
v 1.797096 1.713331 -0.000004
v 1.795075 1.712380 0.244927
v 1.789537 1.709690 0.489997
v 1.790226 1.713689 -0.490083
v 1.795745 1.716376 -0.244971
v 1.797758 1.717325 -0.000004
v 1.795745 1.716376 0.244962
v 1.790226 1.713689 0.490075
v -1.782992 1.705850 -0.490000
v -1.788557 1.708571 -0.244949
v -1.790588 1.709532 -0.000004
v -1.788557 1.708571 0.244940
v -1.782992 1.705850 0.489991
v -1.786889 1.706821 0.489966
v -1.792445 1.709523 0.244919
v -1.794472 1.710477 -0.000004
v -1.792445 1.709523 -0.244928
v -1.786889 1.706821 -0.489975
v -1.789537 1.709690 0.489997
v -1.795075 1.712380 0.244927
v -1.797096 1.713331 -0.000004
v -1.795075 1.712380 -0.244936
v -1.789537 1.709690 -0.490005
v -1.790226 1.713689 0.490074
v -1.795745 1.716376 0.244962
v -1.797758 1.717325 -0.000004
v -1.795745 1.716376 -0.244971
v -1.790226 1.713689 -0.490083
v -0.900486 0.360528 -0.465162
v -0.903418 0.361071 -0.233068
v -0.904488 0.361222 0.000141
v -0.903418 0.361066 0.233332
v -0.900486 0.360518 0.465372
v -0.597092 0.361810 -0.469137
v -0.598851 0.361802 -0.235043
v -0.599515 0.361734 0.000296
v -0.598851 0.361798 0.235605
v -0.597092 0.361800 0.469607
v -0.296639 0.362032 -0.471732
v -0.297043 0.361423 -0.236319
v -0.297243 0.361083 0.000432
v -0.297043 0.361421 0.237141
v -0.296639 0.362025 0.472430
v 0.000000 0.361982 -0.472634
v 0.000000 0.361062 -0.236757
v 0.000000 0.360516 0.000485
v 0.000000 0.361061 0.237681
v 0.000000 0.361977 0.473422
v 0.296639 0.362032 -0.471732
v 0.297043 0.361423 -0.236319
v 0.297243 0.361083 0.000432
v 0.297043 0.361421 0.237141
v 0.296639 0.362025 0.472430
v 0.597092 0.361810 -0.469137
v 0.598851 0.361802 -0.235043
v 0.599515 0.361734 0.000296
v 0.598851 0.361798 0.235605
v 0.597092 0.361800 0.469607
v 0.900486 0.360528 -0.465162
v 0.903418 0.361071 -0.233068
v 0.904488 0.361222 0.000141
v 0.903418 0.361066 0.233332
v 0.900486 0.360518 0.465372
v 0.979799 1.771890 -0.505088
v 0.983507 1.778318 -0.253120
v 0.984858 1.780556 0.000152
v 0.983507 1.778318 0.253405
v 0.979799 1.771890 0.505310
v 0.649230 1.791707 -0.509904
v 0.651423 1.799490 -0.255509
v 0.652243 1.802176 0.000333
v 0.651423 1.799490 0.256141
v 0.649230 1.791707 0.510430
v 0.322152 1.805509 -0.513042
v 0.322706 1.814162 -0.257042
v 0.322963 1.817216 0.000493
v 0.322706 1.814161 0.257981
v 0.322152 1.805509 0.513839
v 0.000000 1.810457 -0.514129
v 0.000000 1.819579 -0.257565
v 0.000000 1.822923 0.000555
v 0.000000 1.819579 0.258623
v 0.000000 1.810457 0.515033
v -0.322152 1.805509 -0.513042
v -0.322706 1.814162 -0.257042
v -0.322963 1.817216 0.000493
v -0.322706 1.814161 0.257981
v -0.322152 1.805509 0.513839
v -0.649230 1.791707 -0.509904
v -0.651423 1.799490 -0.255509
v -0.652243 1.802176 0.000333
v -0.651423 1.799490 0.256141
v -0.649230 1.791707 0.510430
v -0.979799 1.771890 -0.505088
v -0.983507 1.778318 -0.253120
v -0.984858 1.780556 0.000152
v -0.983507 1.778318 0.253405
v -0.979799 1.771890 0.505310
v 1.512957 0.697110 -0.865461
v 1.564695 0.897109 -0.893510
v 1.614330 1.097108 -0.920899
v 1.661877 1.297108 -0.947744
v 1.707762 1.497107 -0.974228
v 1.715612 1.496979 -0.972001
v 1.669761 1.296975 -0.945490
v 1.622247 1.096970 -0.918629
v 1.572639 0.896965 -0.891233
v 1.520919 0.696960 -0.863189
v 1.721595 1.496991 -0.966248
v 1.675774 1.296972 -0.939716
v 1.628277 1.096953 -0.912840
v 1.578668 0.896933 -0.885438
v 1.526930 0.696914 -0.857395
v 1.724074 1.497136 -0.958548
v 1.678278 1.297098 -0.931996
v 1.630784 1.097060 -0.905105
v 1.581155 0.897022 -0.877689
v 1.529373 0.696984 -0.849637
v 1.529373 0.696984 0.849633
v 1.581155 0.897022 0.877687
v 1.630784 1.097060 0.905104
v 1.678278 1.297098 0.931997
v 1.724074 1.497136 0.958549
v 1.721595 1.496991 0.966250
v 1.675774 1.296972 0.939717
v 1.628277 1.096953 0.912840
v 1.578668 0.896933 0.885436
v 1.526930 0.696914 0.857391
v 1.715612 1.496979 0.972002
v 1.669761 1.296975 0.945491
v 1.622247 1.096970 0.918629
v 1.572639 0.896965 0.891232
v 1.520919 0.696960 0.863186
v 1.707762 1.497107 0.974230
v 1.661877 1.297108 0.947745
v 1.614330 1.097108 0.920899
v 1.564695 0.897109 0.893508
v 1.512957 0.697109 0.865459
v -1.529373 0.696984 -0.849637
v -1.581155 0.897022 -0.877689
v -1.630784 1.097060 -0.905105
v -1.678278 1.297098 -0.931996
v -1.724074 1.497136 -0.958548
v -1.721595 1.496991 -0.966248
v -1.675774 1.296972 -0.939716
v -1.628277 1.096953 -0.912840
v -1.578668 0.896933 -0.885438
v -1.526930 0.696914 -0.857395
v -1.715612 1.496979 -0.972000
v -1.669761 1.296975 -0.945490
v -1.622247 1.096970 -0.918629
v -1.572639 0.896965 -0.891233
v -1.520919 0.696960 -0.863189
v -1.707762 1.497107 -0.974228
v -1.661877 1.297108 -0.947744
v -1.614330 1.097108 -0.920899
v -1.564695 0.897109 -0.893510
v -1.512957 0.697109 -0.865461
v -1.512957 0.697110 0.865459
v -1.564695 0.897109 0.893508
v -1.614330 1.097108 0.920899
v -1.661877 1.297108 0.947745
v -1.707762 1.497107 0.974230
v -1.715612 1.496979 0.972003
v -1.669761 1.296975 0.945491
v -1.622247 1.096970 0.918629
v -1.572639 0.896965 0.891232
v -1.520919 0.696960 0.863186
v -1.721595 1.496991 0.966250
v -1.675774 1.296972 0.939717
v -1.628277 1.096953 0.912840
v -1.578668 0.896933 0.885436
v -1.526930 0.696914 0.857391
v -1.724074 1.497136 0.958549
v -1.678278 1.297098 0.931997
v -1.630784 1.097060 0.905104
v -1.581155 0.897022 0.877687
v -1.529373 0.696984 0.849633
v 1.733374 1.501286 -0.727080
v 1.687767 1.300769 -0.719231
v 1.639750 1.100251 -0.711085
v 1.589000 0.899734 -0.702463
v 1.535713 0.699217 -0.693247
v 1.218374 0.706122 -0.874141
v 1.236781 0.908513 -0.903577
v 1.253376 1.110680 -0.931971
v 1.268153 1.312846 -0.959303
v 1.281472 1.515013 -0.985657
v 1.281472 1.515013 0.985661
v 1.268153 1.312846 0.959306
v 1.253376 1.110680 0.931971
v 1.236781 0.908513 0.903575
v 1.218374 0.706119 0.874137
v 1.535713 0.699217 0.693236
v 1.589000 0.899734 0.702453
v 1.639750 1.100251 0.711076
v 1.687767 1.300769 0.719223
v 1.733374 1.501286 0.727073
v -1.281472 1.515013 -0.985657
v -1.268153 1.312846 -0.959303
v -1.253376 1.110680 -0.931970
v -1.236781 0.908513 -0.903577
v -1.218374 0.706122 -0.874141
v -1.535713 0.699217 -0.693247
v -1.589000 0.899734 -0.702463
v -1.639750 1.100251 -0.711085
v -1.687767 1.300769 -0.719231
v -1.733374 1.501286 -0.727079
v -1.218374 0.706119 0.874137
v -1.236781 0.908513 0.903575
v -1.253376 1.110680 0.931971
v -1.268153 1.312846 0.959306
v -1.281472 1.515013 0.985661
v -1.733374 1.501286 0.727073
v -1.687767 1.300769 0.719223
v -1.639750 1.100251 0.711076
v -1.589000 0.899734 0.702453
v -1.535713 0.699217 0.693236
v -0.958889 1.530456 -0.995972
v -0.948875 1.327056 -0.970064
v -0.937809 1.123343 -0.942676
v -0.925368 0.918782 -0.913854
v -0.911556 0.713888 -0.883719
v -0.636416 1.544382 -1.005074
v -0.629375 1.339455 -0.979252
v -0.621880 1.133244 -0.951699
v -0.613635 0.926345 -0.922432
v -0.604626 0.719387 -0.891625
v -0.317455 1.554017 -1.011154
v -0.313313 1.347403 -0.985533
v -0.309195 1.139511 -0.957945
v -0.305063 0.931052 -0.928327
v -0.300886 0.722703 -0.896951
v 0.000000 1.557387 -1.013348
v 0.000000 1.350158 -0.987864
v 0.000000 1.141681 -0.960323
v 0.000000 0.932671 -0.930515
v 0.000000 0.723820 -0.898870
v 0.317455 1.554017 -1.011154
v 0.313313 1.347403 -0.985533
v 0.309195 1.139511 -0.957945
v 0.305063 0.931052 -0.928327
v 0.300886 0.722703 -0.896951
v 0.636416 1.544382 -1.005074
v 0.629375 1.339455 -0.979252
v 0.621880 1.133244 -0.951699
v 0.613635 0.926345 -0.922432
v 0.604626 0.719387 -0.891625
v 0.958889 1.530456 -0.995972
v 0.948875 1.327056 -0.970064
v 0.937809 1.123343 -0.942676
v 0.925368 0.918782 -0.913854
v 0.911556 0.713888 -0.883719
v 0.958889 1.530456 0.995978
v 0.948875 1.327056 0.970127
v 0.937809 1.123339 0.942793
v 0.925368 0.918775 0.913991
v 0.911556 0.713877 0.883840
v 0.636416 1.544382 1.005272
v 0.629375 1.339451 0.979578
v 0.621880 1.133237 0.952106
v 0.613635 0.926336 0.922857
v 0.604626 0.719375 0.892005
v 0.317455 1.554016 1.011554
v 0.313313 1.347399 0.986101
v 0.309195 1.139506 0.958615
v 0.305063 0.931046 0.929011
v 0.300886 0.722693 0.897562
v -0.000000 1.557386 1.013831
v -0.000000 1.350155 0.988531
v -0.000000 1.141678 0.961101
v -0.000000 0.932667 0.931304
v -0.000000 0.723813 0.899574
v -0.317455 1.554016 1.011554
v -0.313313 1.347399 0.986101
v -0.309195 1.139506 0.958615
v -0.305063 0.931046 0.929011
v -0.300886 0.722693 0.897562
v -0.636416 1.544382 1.005272
v -0.629375 1.339451 0.979578
v -0.621880 1.133237 0.952106
v -0.613635 0.926336 0.922857
v -0.604626 0.719375 0.892005
v -0.958889 1.530456 0.995978
v -0.948875 1.327056 0.970127
v -0.937809 1.123339 0.942793
v -0.925368 0.918775 0.913991
v -0.911556 0.713877 0.883840
v -1.742405 1.505042 0.485047
v -1.697622 1.304290 0.480117
v -1.649806 1.103539 0.474955
v -1.598550 0.902787 0.469386
v -1.544184 0.702036 0.463294
v -1.748909 1.507595 0.242746
v -1.704815 1.306686 0.240452
v -1.657202 1.105777 0.237917
v -1.605482 0.904868 0.235133
v -1.550215 0.703953 0.232084
v -1.751307 1.508497 -0.000009
v -1.707535 1.307533 -0.000010
v -1.660081 1.106568 -0.000008
v -1.608094 0.905604 -0.000005
v -1.552425 0.704612 -0.000004
v -1.748909 1.507595 -0.242761
v -1.704815 1.306686 -0.240470
v -1.657202 1.105777 -0.237932
v -1.605482 0.904868 -0.235144
v -1.550215 0.703953 -0.232093
v -1.742405 1.505042 -0.485059
v -1.697622 1.304290 -0.480132
v -1.649806 1.103539 -0.474973
v -1.598550 0.902787 -0.469402
v -1.544184 0.702036 -0.463309
v 1.742405 1.505042 -0.485059
v 1.697622 1.304290 -0.480132
v 1.649806 1.103539 -0.474973
v 1.598550 0.902787 -0.469402
v 1.544184 0.702036 -0.463309
v 1.748909 1.507595 -0.242761
v 1.704815 1.306686 -0.240470
v 1.657202 1.105777 -0.237932
v 1.605482 0.904868 -0.235144
v 1.550215 0.703953 -0.232093
v 1.751307 1.508497 -0.000009
v 1.707535 1.307533 -0.000010
v 1.660081 1.106568 -0.000008
v 1.608094 0.905604 -0.000005
v 1.552425 0.704612 -0.000004
v 1.748909 1.507595 0.242746
v 1.704815 1.306686 0.240452
v 1.657202 1.105777 0.237917
v 1.605482 0.904868 0.235133
v 1.550215 0.703953 0.232084
v 1.742405 1.505042 0.485047
v 1.697622 1.304290 0.480117
v 1.649806 1.103539 0.474955
v 1.598550 0.902787 0.469386
v 1.544184 0.702036 0.463294
vn -0.9574 -0.2371 0.1647
vn -0.7621 0.6333 0.1342
vn -0.7788 0.6267 0.0248
vn -0.9751 -0.2192 0.0336
vn -0.7008 -0.0564 0.7111
vn -0.9979 -0.0569 0.0302
vn -0.8771 -0.3852 -0.2869
vn -0.7033 -0.0038 0.7109
vn -0.0577 0.9973 0.0451
vn -0.0575 0.9978 0.0340
vn -0.0269 0.9995 0.0188
vn -0.0272 0.9993 0.0250
vn 0.0271 0.9995 0.0137
vn 0.0575 0.9978 0.0340
vn 0.0269 0.9995 0.0188
vn 0.0170 0.9998 0.0102
vn -0.7008 -0.0564 -0.7111
vn -0.0264 -0.0299 -0.9992
vn 0.2817 -0.4189 -0.8632
vn -0.7033 -0.0038 -0.7109
vn 0.9751 -0.2192 0.0336
vn 0.7788 0.6267 0.0248
vn 0.7621 0.6334 0.1342
vn 0.9574 -0.2371 0.1646
vn 0.2567 -0.9376 -0.2344
vn 0.4853 -0.6906 -0.5362
vn -0.5921 -0.6153 -0.5204
vn -0.0271 0.9995 0.0137
vn -0.0170 0.9998 0.0102
vn -0.0230 -0.1294 0.9913
vn -0.0163 0.6594 0.7516
vn -0.1197 0.6527 0.7481
vn -0.1443 -0.1600 0.9765
vn -0.0269 0.9995 -0.0188
vn -0.0170 0.9998 -0.0102
vn -0.0271 0.9995 -0.0137
vn -0.0575 0.9978 -0.0340
vn 0.9979 -0.0569 0.0302
vn 0.7008 -0.0564 0.7111
vn 0.7033 -0.0038 0.7109
vn 0.8771 -0.3852 -0.2869
vn 0.4769 -0.7003 -0.5313
vn 0.0009 -0.7842 -0.6205
vn 0.0251 -0.1356 -0.9904
vn 0.0956 -0.1106 -0.9893
vn 0.7072 0.0407 -0.7059
vn 0.2568 -0.9376 0.2344
vn 0.4853 -0.6906 0.5362
vn 0.4783 -0.6436 -0.5975
vn -0.0091 -0.9999 -0.0064
vn -0.2567 -0.9376 -0.2344
vn -0.2817 -0.4190 0.8632
vn 0.0109 -0.7161 0.6979
vn -0.9979 -0.0569 -0.0302
vn -0.8771 -0.3852 0.2869
vn -0.0272 0.9993 -0.0250
vn -0.0577 0.9973 -0.0450
vn -0.9751 -0.2192 -0.0336
vn -0.7788 0.6267 -0.0248
vn -0.7621 0.6334 -0.1342
vn -0.9574 -0.2371 -0.1646
vn 0.9765 -0.2137 0.0282
vn 0.7763 0.6300 0.0208
vn 0.0265 -0.0300 0.9992
vn -0.0255 -0.0338 0.9991
vn -0.0265 -0.0300 0.9992
vn 0.2817 -0.4190 0.8632
vn -0.0109 -0.7161 0.6979
vn 0.1443 -0.1600 0.9765
vn 0.1197 0.6527 0.7481
vn 0.0163 0.6594 0.7516
vn 0.0230 -0.1294 0.9913
vn -0.0242 -0.1247 0.9919
vn -0.0174 0.6634 0.7481
vn 0.0239 -0.1249 -0.9919
vn 0.0173 0.6633 -0.7481
vn 0.0163 0.6594 -0.7516
vn 0.0230 -0.1294 -0.9913
vn -0.0634 0.9974 0.0333
vn -0.0641 0.9976 0.0256
vn 0.9574 -0.2371 -0.1647
vn 0.7621 0.6334 -0.1342
vn 0.7788 0.6267 -0.0248
vn 0.9751 -0.2192 -0.0336
vn -0.0306 0.9995 0.0105
vn 0.0107 -0.7159 -0.6981
vn -0.2817 -0.4189 -0.8632
vn -0.2568 -0.9376 0.2344
vn -0.0091 -0.9999 0.0064
vn -0.0073 -1.0000 -0.0036
vn -0.0138 -0.9999 -0.0056
vn -0.5921 -0.6153 0.5205
vn -0.6885 -0.7251 0.0123
vn 0.0138 -0.9999 -0.0056
vn 0.0264 -0.0299 -0.9992
vn 0.7008 -0.0564 -0.7111
vn 0.7033 -0.0038 -0.7109
vn -0.8093 0.5866 0.0303
vn -0.4149 0.8167 0.4011
vn -0.2024 -0.9544 0.2192
vn -0.5879 -0.8089 0.0072
vn 0.0251 -0.0334 -0.9991
vn 0.0306 0.9995 0.0105
vn 0.0641 0.9976 0.0256
vn 0.5921 -0.6153 -0.5204
vn -0.4853 -0.6906 -0.5362
vn 0.6885 -0.7251 0.0123
vn 0.9979 -0.0569 -0.0302
vn 0.8771 -0.3852 0.2869
vn 0.9977 -0.0626 0.0245
vn -0.9977 -0.0626 -0.0245
vn -0.6885 -0.7251 -0.0123
vn -0.1442 -0.1600 -0.9765
vn -0.1197 0.6527 -0.7481
vn -0.0163 0.6594 -0.7516
vn -0.0230 -0.1294 -0.9913
vn -0.9765 -0.2137 -0.0282
vn -0.7763 0.6300 -0.0208
vn -0.6173 0.5095 0.5995
vn -0.7885 0.6142 0.0322
vn -0.0294 0.6585 -0.7520
vn -0.0342 0.6509 -0.7584
vn -0.0331 0.6322 -0.7741
vn -0.0296 0.6433 -0.7651
vn -0.6173 0.5095 -0.5995
vn 0.7885 0.6142 -0.0322
vn 0.6173 0.5095 -0.5995
vn 0.4149 0.8167 -0.4011
vn 0.8093 0.5866 -0.0303
vn -0.4769 -0.7003 0.5313
vn -0.0010 -0.7842 0.6204
vn -0.0252 -0.1357 0.9904
vn -0.0956 -0.1106 0.9893
vn -0.7072 0.0407 0.7059
vn 0.6173 0.5095 0.5995
vn 0.0343 0.6509 0.7584
vn -0.7866 0.6169 0.0257
vn -0.8069 0.5901 0.0262
vn -0.4769 -0.7003 -0.5313
vn -0.5591 -0.8291 -0.0086
vn -0.9696 -0.2429 -0.0301
vn -0.9713 -0.2102 -0.1116
vn -0.7072 0.0407 -0.7059
vn -0.0000 -0.7736 0.6336
vn 0.4769 -0.7003 0.5313
vn 0.5591 -0.8291 0.0086
vn 0.9696 -0.2429 0.0301
vn 0.9713 -0.2102 0.1116
vn 0.7072 0.0407 0.7059
vn 0.0342 0.6509 -0.7584
vn 0.5591 -0.8291 -0.0086
vn 0.9713 -0.2102 -0.1116
vn 0.9696 -0.2429 -0.0301
vn -0.0251 -0.0334 -0.9991
vn 0.2024 -0.9544 0.2192
vn 0.5879 -0.8089 0.0072
vn -0.0045 -0.7767 -0.6299
vn -0.0009 -0.7842 -0.6205
vn -0.0251 -0.1356 -0.9904
vn -0.0241 -0.1385 -0.9901
vn -0.0343 0.6509 0.7584
vn -0.0332 0.6321 0.7741
vn -0.5591 -0.8291 0.0086
vn -0.9713 -0.2102 0.1116
vn -0.9696 -0.2429 0.0301
vn 0.0255 -0.0338 0.9991
vn 0.0297 0.6583 0.7521
vn 0.0001 -0.7736 -0.6336
vn -0.2024 -0.9545 -0.2192
vn 0.0048 -0.7769 0.6297
vn 0.0010 -0.7842 0.6204
vn 0.0252 -0.1357 0.9904
vn 0.0246 -0.1388 0.9900
vn -0.7885 0.6142 -0.0322
vn 0.7885 0.6142 0.0322
vn 0.8093 0.5866 0.0303
vn 0.4149 0.8167 0.4011
vn -0.0956 -0.1106 -0.9893
vn -0.9977 -0.0626 0.0245
vn 0.0332 0.6321 0.7741
vn -0.5632 -0.8263 0.0077
vn -0.9686 -0.2476 0.0245
vn -0.0048 -0.7769 0.6297
vn -0.0052 -0.7666 0.6421
vn 0.0956 -0.1106 0.9893
vn 0.9977 -0.0626 -0.0245
vn 0.7866 0.6169 -0.0257
vn 0.5632 -0.8263 0.0077
vn 0.5877 -0.8090 0.0083
vn 0.5632 -0.8263 -0.0077
vn 0.9686 -0.2476 -0.0245
vn 0.1197 0.6527 -0.7481
vn 0.1442 -0.1600 -0.9765
vn -0.4149 0.8167 -0.4011
vn 0.2024 -0.9545 -0.2192
vn 0.5879 -0.8089 -0.0072
vn 0.0331 0.6322 -0.7741
vn -0.0001 -0.7736 -0.6336
vn -0.0049 -0.7665 -0.6422
vn 0.0299 0.6431 0.7652
vn 0.0052 -0.7666 0.6421
vn -0.8093 0.5866 -0.0303
vn -0.5879 -0.8089 -0.0072
vn -0.5877 -0.8090 0.0083
vn 0.8069 0.5901 -0.0262
vn 0.5877 -0.8090 -0.0082
vn -0.5632 -0.8263 -0.0077
vn -0.5877 -0.8090 -0.0082
vn 0.0045 -0.7767 -0.6299
vn 0.0049 -0.7665 -0.6422
vn 0.5813 -0.5695 0.5811
vn -0.4783 -0.6436 0.5975
vn 0.4783 -0.6436 0.5975
vn -0.5813 -0.5695 0.5811
vn -0.5813 -0.5695 -0.5811
vn -0.4783 -0.6436 -0.5975
vn 0.5813 -0.5695 -0.5811
vn 0.5921 -0.6153 0.5205
vn -0.4853 -0.6906 0.5362
vn -0.4871 0.2770 0.8283
vn -0.5725 0.5739 0.5855
vn -0.8207 0.2504 0.5135
vn -0.0046 1.0000 -0.0036
vn -0.0184 0.9997 -0.0179
vn -0.8392 0.0857 -0.5370
vn -0.4697 0.1410 -0.8715
vn -0.9253 0.3341 0.1794
vn -0.9311 0.3629 0.0362
vn -0.9983 -0.0499 0.0312
vn -0.9820 -0.0796 0.1710
vn -0.7305 0.6639 0.1602
vn -0.0517 0.9899 0.1323
vn -0.3074 0.9001 0.3088
vn -0.1579 0.6735 0.7221
vn -0.0508 0.6456 0.7620
vn -0.1647 0.3857 0.9078
vn -0.0046 1.0000 0.0036
vn -0.0090 0.9996 -0.0277
vn -0.1323 0.2203 0.9664
vn -0.4697 0.1410 0.8715
vn -0.8207 0.2504 -0.5135
vn -0.5725 0.5739 -0.5855
vn -0.4871 0.2770 -0.8283
vn -0.1486 -0.0039 -0.9889
vn -0.4903 -0.0930 -0.8666
vn -0.1647 0.3857 -0.9078
vn -0.0090 0.9996 0.0277
vn -0.1323 0.2203 -0.9664
vn -0.1579 0.6735 -0.7221
vn -0.1315 0.9910 -0.0239
vn -0.3074 0.9001 -0.3088
vn -0.7305 0.6639 -0.1602
vn -0.7760 0.6296 -0.0368
vn -0.9253 0.3341 -0.1794
vn -0.0183 0.9998 -0.0121
vn -0.9798 0.1043 -0.1706
vn 0.8207 0.2504 0.5135
vn 0.5725 0.5739 0.5855
vn 0.4871 0.2770 0.8283
vn 0.1486 -0.0039 0.9889
vn 0.4903 -0.0930 0.8666
vn 0.1647 0.3857 0.9078
vn 0.0090 0.9996 -0.0277
vn 0.0046 1.0000 0.0036
vn 0.4697 0.1410 0.8715
vn 0.1323 0.2203 0.9664
vn 0.1579 0.6735 0.7221
vn 0.1315 0.9910 0.0238
vn 0.3074 0.9001 0.3088
vn 0.7305 0.6639 0.1602
vn 0.7760 0.6296 0.0368
vn 0.9253 0.3341 0.1794
vn 0.0184 0.9997 0.0179
vn 0.0183 0.9998 0.0121
vn 0.9798 0.1043 0.1706
vn 0.8392 0.0857 0.5370
vn 0.4871 0.2770 -0.8283
vn 0.5725 0.5739 -0.5855
vn 0.8207 0.2504 -0.5136
vn 0.9820 -0.0796 -0.1710
vn 0.8391 -0.1278 -0.5287
vn 0.9253 0.3341 -0.1794
vn 0.0182 0.9998 -0.0121
vn 0.0184 0.9997 -0.0179
vn 0.8392 0.0857 -0.5370
vn 0.9798 0.1043 -0.1706
vn 0.7305 0.6639 -0.1602
vn 0.0517 0.9899 -0.1323
vn 0.3074 0.9001 -0.3088
vn 0.1579 0.6735 -0.7221
vn 0.0508 0.6456 -0.7620
vn 0.1647 0.3857 -0.9078
vn 0.0046 1.0000 -0.0036
vn 0.0090 0.9996 0.0277
vn 0.1322 0.2203 -0.9664
vn 0.4697 0.1410 -0.8715
vn 0.4458 0.1212 -0.8869
vn 0.8756 0.0766 -0.4769
vn 0.8756 0.0765 0.4769
vn 0.4458 0.1212 0.8869
vn -0.8756 0.0765 -0.4769
vn -0.4458 0.1212 -0.8869
vn -0.4458 0.1212 0.8869
vn -0.8756 0.0766 0.4769
vn 0.0124 0.9999 -0.0091
vn -0.4308 0.7816 -0.4511
vn -0.7804 0.6249 -0.0219
vn 0.0109 0.6150 0.7885
vn 0.4308 0.7816 0.4511
vn 0.3879 0.6518 0.6517
vn 0.6517 0.6439 0.4009
vn -0.4308 0.7816 0.4511
vn -0.0109 0.6150 0.7885
vn -0.0306 0.9995 -0.0105
vn -0.7845 0.6199 -0.0184
vn 0.0227 0.9989 0.0417
vn -0.0182 0.9998 0.0121
vn -0.0124 0.9999 0.0091
vn 0.0124 0.9999 0.0091
vn -0.0109 0.6149 -0.7885
vn 0.0174 0.6634 0.7481
vn 0.0227 0.9989 -0.0417
vn 0.0232 0.9990 -0.0379
vn -0.6517 0.6439 0.4009
vn -0.3879 0.6518 0.6517
vn -0.0184 0.9997 0.0179
vn 0.6517 0.6439 -0.4009
vn 0.3879 0.6518 -0.6517
vn 0.0170 0.9998 -0.0102
vn 0.0271 0.9995 -0.0137
vn 0.7804 0.6249 -0.0219
vn 0.4308 0.7816 -0.4511
vn -0.0173 0.6633 -0.7481
vn -0.0227 0.9989 0.0417
vn -0.0232 0.9990 0.0379
vn 0.0269 0.9995 -0.0188
vn 0.0109 0.6149 -0.7885
vn -0.0116 0.6116 0.7911
vn 0.7804 0.6249 0.0219
vn -0.7804 0.6249 0.0219
vn -0.0124 0.9999 -0.0091
vn 0.7763 0.6300 -0.0208
vn 0.0134 0.9999 -0.0072
vn -0.0227 0.9989 -0.0417
vn 0.0272 0.9993 -0.0250
vn 0.0115 0.6115 -0.7911
vn -0.3879 0.6518 -0.6517
vn -0.6517 0.6439 -0.4009
vn -0.7763 0.6300 0.0208
vn -0.0134 0.9999 0.0072
vn 0.7845 0.6199 0.0184
vn 0.4830 -0.2217 -0.8471
vn 0.8219 -0.2538 -0.5100
vn 0.8219 -0.2538 0.5100
vn 0.4830 -0.2217 0.8471
vn -0.8219 -0.2538 -0.5100
vn -0.4830 -0.2217 -0.8471
vn -0.4830 -0.2217 0.8471
vn -0.8219 -0.2538 0.5100
vn 0.0575 0.9978 -0.0340
vn 0.0434 0.4197 -0.9066
vn 0.1486 -0.0039 -0.9889
vn 0.0274 0.0320 -0.9991
vn 0.8391 -0.1277 0.5287
vn 0.0517 0.9899 0.1323
vn 0.0508 0.6456 0.7620
vn -0.0169 0.9994 -0.0295
vn 0.3535 0.9350 0.0278
vn -0.0517 0.9899 -0.1323
vn -0.0508 0.6456 -0.7620
vn -0.1797 0.9835 -0.0184
vn -0.8112 0.5839 -0.0297
vn 0.0434 0.4197 0.9066
vn 0.0274 0.0320 0.9991
vn -0.8392 0.0857 0.5370
vn -0.9798 0.1043 0.1706
vn -0.8391 -0.1277 0.5287
vn 0.9935 0.1090 0.0343
vn 0.0170 0.9994 0.0295
vn -0.3535 0.9350 -0.0278
vn -0.4903 -0.0930 0.8666
vn -0.0456 0.4231 0.9049
vn -0.0434 0.4197 0.9066
vn -0.0274 0.0320 0.9991
vn -0.0296 0.0399 0.9988
vn 0.4903 -0.0931 -0.8666
vn -0.0170 0.9994 0.0295
vn 0.0536 0.9271 -0.3709
vn -0.9935 0.1090 0.0343
vn 0.9311 0.3629 -0.0362
vn 0.9983 -0.0499 -0.0312
vn -0.0356 0.2162 0.9757
vn 0.0456 0.4232 -0.9049
vn 0.0295 0.0398 -0.9988
vn -0.0536 0.9271 0.3709
vn -0.0560 0.9215 0.3842
vn 0.0356 0.2162 -0.9757
vn -0.0530 0.9820 0.1811
vn -0.0513 0.5999 0.7985
vn 0.1315 0.9910 -0.0239
vn 0.7760 0.6296 -0.0368
vn 0.0169 0.9994 -0.0295
vn 0.9311 0.3629 0.0362
vn 0.9820 -0.0796 0.1710
vn 0.9983 -0.0499 0.0312
vn -0.8391 -0.1278 -0.5287
vn 0.9289 0.3691 0.0300
vn 0.9989 -0.0389 0.0264
vn 0.0530 0.9820 -0.1812
vn 0.0513 0.5999 -0.7984
vn -0.0434 0.4197 -0.9066
vn -0.0274 0.0321 -0.9991
vn -0.9311 0.3629 -0.0362
vn -0.9820 -0.0796 -0.1710
vn -0.9983 -0.0499 -0.0312
vn -0.9935 0.1090 -0.0343
vn -0.9289 0.3691 -0.0300
vn -0.9989 -0.0389 -0.0264
vn 0.1797 0.9835 0.0184
vn 0.8112 0.5839 0.0297
vn -0.3535 0.9350 0.0278
vn -0.1486 -0.0039 0.9889
vn 0.0536 0.9271 0.3709
vn -0.0536 0.9271 -0.3709
vn 0.3535 0.9350 -0.0278
vn 0.0356 0.2162 0.9757
vn 0.3652 0.9307 0.0229
vn 0.9935 0.1090 -0.0343
vn 0.9938 0.1071 -0.0287
vn -0.0356 0.2162 -0.9757
vn -0.3652 0.9307 -0.0229
vn -0.9938 0.1071 0.0287
vn -0.7760 0.6296 0.0368
vn 0.0374 0.2068 0.9777
vn 0.0560 0.9215 -0.3844
vn -0.0374 0.2068 -0.9777
vn 0.3153 0.8876 -0.3357
vn -0.0177 0.7327 -0.6803
vn 0.2537 0.9290 -0.2693
vn -0.0292 0.8673 -0.4970
vn -0.3153 0.8876 -0.3357
vn -0.6847 0.7288 -0.0086
vn -0.2537 0.9290 -0.2693
vn -0.4969 0.8678 0.0005
vn 0.3153 0.8876 0.3357
vn 0.6847 0.7288 0.0086
vn 0.2537 0.9290 0.2693
vn 0.4969 0.8678 -0.0005
vn -0.3153 0.8876 0.3357
vn 0.0177 0.7327 0.6803
vn -0.2537 0.9290 0.2693
vn 0.0292 0.8673 0.4970
vn 0.0177 0.7327 -0.6803
vn 0.0292 0.8673 -0.4970
vn -0.0172 0.7311 -0.6821
vn -0.0278 0.8561 -0.5160
vn -0.0177 0.7327 0.6803
vn -0.0292 0.8673 0.4970
vn 0.0172 0.7312 0.6819
vn 0.0278 0.8562 0.5159
vn -0.6847 0.7288 0.0086
vn -0.4969 0.8678 -0.0005
vn -0.6899 0.7239 -0.0084
vn -0.5216 0.8532 -0.0021
vn 0.6847 0.7288 -0.0086
vn 0.4969 0.8678 0.0005
vn -0.1315 0.9910 0.0238
vn 0.6899 0.7239 0.0084
vn 0.5216 0.8532 0.0021
vn -0.2381 -0.8490 0.4716
vn -0.4242 -0.8692 0.2541
vn -0.4160 -0.4652 0.7814
vn -0.7378 -0.4979 0.4559
vn -0.5032 -0.8616 0.0669
vn -0.8749 -0.4640 0.1388
vn -0.0525 -0.8151 0.5769
vn -0.1140 -0.3936 0.9122
vn -0.4242 -0.8692 -0.2541
vn -0.2381 -0.8490 -0.4717
vn -0.7378 -0.4979 -0.4559
vn -0.4160 -0.4652 -0.7814
vn -0.0525 -0.8151 -0.5769
vn -0.1140 -0.3936 -0.9122
vn -0.5032 -0.8616 -0.0669
vn -0.8749 -0.4640 -0.1388
vn 0.4242 -0.8692 0.2541
vn 0.2381 -0.8490 0.4717
vn 0.7378 -0.4979 0.4559
vn 0.4160 -0.4652 0.7814
vn 0.0525 -0.8151 0.5769
vn 0.1140 -0.3936 0.9122
vn 0.5032 -0.8616 0.0669
vn 0.8749 -0.4640 0.1388
vn 0.2381 -0.8490 -0.4717
vn 0.4242 -0.8692 -0.2541
vn 0.4160 -0.4652 -0.7814
vn 0.7378 -0.4979 -0.4559
vn 0.5032 -0.8616 -0.0669
vn 0.8749 -0.4640 -0.1388
vn 0.0525 -0.8151 -0.5769
vn 0.1140 -0.3936 -0.9122
vn 0.0230 -0.8069 0.5902
vn -0.0065 -0.3708 0.9287
vn 0.5078 -0.8615 0.0015
vn 0.8928 -0.4499 0.0210
vn -0.5078 -0.8615 -0.0015
vn -0.8928 -0.4499 -0.0210
vn -0.0230 -0.8069 -0.5902
vn 0.0065 -0.3708 -0.9287
vn -0.0230 -0.8069 0.5902
vn 0.0065 -0.3708 0.9287
vn -0.0229 -0.8069 0.5903
vn 0.0081 -0.3646 0.9311
vn 0.0296 0.0399 0.9988
vn 0.0230 -0.8069 -0.5902
vn -0.0065 -0.3708 -0.9287
vn 0.0229 -0.8070 -0.5902
vn -0.0081 -0.3648 -0.9311
vn -0.0295 0.0398 -0.9988
vn 0.5078 -0.8615 -0.0015
vn 0.8928 -0.4499 -0.0210
vn 0.5107 -0.8598 -0.0022
vn 0.8969 -0.4419 -0.0182
vn 0.9989 -0.0389 -0.0264
vn -0.5078 -0.8615 0.0015
vn -0.8928 -0.4499 0.0210
vn -0.5107 -0.8598 0.0022
vn -0.8969 -0.4419 0.0182
vn -0.9989 -0.0390 0.0264
vn 0.0081 -0.3648 -0.9311
vn 0.0065 -0.3629 -0.9318
vn 0.0239 0.0442 -0.9987
vn 0.0034 -0.3621 -0.9321
vn 0.0132 0.0471 -0.9988
vn -0.0000 -0.3620 -0.9322
vn -0.0000 0.0481 -0.9988
vn -0.0034 -0.3621 -0.9321
vn -0.0132 0.0471 -0.9988
vn -0.0065 -0.3629 -0.9318
vn -0.0239 0.0442 -0.9987
vn -0.0229 -0.8070 -0.5901
vn -0.0187 -0.8096 -0.5866
vn -0.0108 -0.8120 -0.5836
vn -0.0000 -0.8129 -0.5824
vn 0.0108 -0.8120 -0.5836
vn 0.0187 -0.8096 -0.5866
vn 0.0374 0.2068 -0.9777
vn 0.0297 0.1958 -0.9802
vn 0.0162 0.1877 -0.9821
vn -0.0000 0.1848 -0.9828
vn -0.0162 0.1877 -0.9821
vn -0.0297 0.1958 -0.9802
vn -0.0081 -0.3646 0.9311
vn -0.0068 -0.3622 0.9321
vn -0.0242 0.0446 0.9987
vn -0.0037 -0.3611 0.9325
vn -0.0135 0.0477 0.9988
vn -0.0000 -0.3609 0.9326
vn -0.0000 0.0488 0.9988
vn 0.0037 -0.3611 0.9325
vn 0.0135 0.0477 0.9988
vn 0.0068 -0.3622 0.9321
vn 0.0242 0.0446 0.9987
vn 0.0229 -0.8069 0.5903
vn 0.0185 -0.8093 0.5871
vn 0.0106 -0.8114 0.5844
vn -0.0000 -0.8123 0.5832
vn -0.0106 -0.8114 0.5844
vn -0.0185 -0.8093 0.5871
vn -0.0374 0.2068 0.9777
vn -0.0300 0.1959 0.9802
vn -0.0165 0.1881 0.9820
vn -0.0000 0.1851 0.9827
vn 0.0165 0.1881 0.9820
vn 0.0300 0.1959 0.9802
vn -0.0278 0.8562 0.5159
vn -0.0530 0.9820 -0.1812
vn -0.0228 0.8598 0.5102
vn -0.0428 0.9818 -0.1852
vn -0.0131 0.8627 0.5056
vn -0.0239 0.9819 -0.1878
vn -0.0000 0.8639 0.5037
vn -0.0000 0.9820 -0.1888
vn 0.0131 0.8627 0.5056
vn 0.0239 0.9819 -0.1878
vn 0.0228 0.8598 0.5102
vn 0.0428 0.9818 -0.1852
vn -0.0172 0.7312 0.6819
vn -0.0143 0.7348 0.6782
vn -0.0084 0.7378 0.6750
vn -0.0000 0.7390 0.6737
vn 0.0084 0.7378 0.6750
vn 0.0143 0.7348 0.6782
vn -0.0560 0.9215 -0.3844
vn -0.0453 0.9227 -0.3829
vn -0.0253 0.9233 -0.3832
vn -0.0000 0.9235 -0.3835
vn 0.0253 0.9233 -0.3832
vn 0.0453 0.9227 -0.3829
vn 0.0278 0.8561 -0.5160
vn 0.0530 0.9820 0.1811
vn 0.0226 0.8595 -0.5107
vn 0.0428 0.9818 0.1848
vn 0.0129 0.8622 -0.5063
vn 0.0240 0.9820 0.1874
vn -0.0000 0.8634 -0.5046
vn -0.0000 0.9821 0.1885
vn -0.0129 0.8622 -0.5063
vn -0.0240 0.9820 0.1874
vn -0.0226 0.8595 -0.5107
vn -0.0428 0.9818 0.1848
vn 0.0172 0.7311 -0.6821
vn 0.0141 0.7343 -0.6787
vn 0.0081 0.7371 -0.6757
vn -0.0000 0.7382 -0.6745
vn -0.0081 0.7371 -0.6757
vn -0.0141 0.7343 -0.6787
vn 0.0560 0.9215 0.3842
vn 0.0454 0.9229 0.3823
vn 0.0254 0.9238 0.3821
vn -0.0000 0.9241 0.3822
vn -0.0254 0.9238 0.3821
vn -0.0454 0.9229 0.3823
vn 0.0232 0.9990 0.0379
vn 0.0188 0.9993 0.0329
vn 0.0106 0.9995 0.0295
vn -0.0000 0.9996 0.0282
vn -0.0106 0.9995 0.0295
vn -0.0188 0.9993 0.0329
vn -0.0115 0.6115 -0.7911
vn -0.0091 0.6142 -0.7891
vn -0.0048 0.6160 -0.7877
vn -0.0000 0.6166 -0.7873
vn 0.0048 0.6160 -0.7877
vn 0.0091 0.6142 -0.7891
vn -0.0232 0.9990 -0.0379
vn -0.0188 0.9993 -0.0330
vn -0.0106 0.9995 -0.0295
vn -0.0000 0.9996 -0.0282
vn 0.0106 0.9995 -0.0295
vn 0.0188 0.9993 -0.0330
vn -0.0513 0.5999 -0.7984
vn -0.0456 0.4232 -0.9049
vn -0.0413 0.6000 -0.7990
vn -0.0368 0.4252 -0.9044
vn -0.0229 0.6006 -0.7992
vn -0.0204 0.4270 -0.9040
vn -0.0000 0.6010 -0.7992
vn -0.0000 0.4277 -0.9039
vn 0.0229 0.6006 -0.7992
vn 0.0204 0.4270 -0.9040
vn 0.0413 0.6000 -0.7990
vn 0.0368 0.4252 -0.9044
vn 0.0513 0.5999 0.7985
vn 0.0456 0.4232 0.9049
vn 0.0416 0.5998 0.7991
vn 0.0370 0.4251 0.9044
vn 0.0232 0.6004 0.7994
vn 0.0207 0.4270 0.9040
vn -0.0000 0.6008 0.7994
vn -0.0000 0.4278 0.9039
vn -0.0232 0.6004 0.7994
vn -0.0207 0.4270 0.9040
vn -0.0416 0.5998 0.7991
vn -0.0370 0.4251 0.9044
vn 0.0116 0.6116 0.7911
vn 0.0094 0.6145 0.7889
vn 0.0051 0.6164 0.7874
vn -0.0000 0.6171 0.7869
vn -0.0051 0.6164 0.7874
vn -0.0094 0.6145 0.7889
vn -0.0219 0.9993 -0.0294
vn -0.0124 0.9994 -0.0324
vn -0.0000 0.9994 -0.0335
vn 0.0124 0.9994 -0.0324
vn 0.0219 0.9993 -0.0294
vn 0.0272 0.9993 0.0250
vn 0.0219 0.9993 0.0294
vn 0.0124 0.9994 0.0324
vn -0.0000 0.9994 0.0336
vn -0.0124 0.9994 0.0324
vn -0.0219 0.9993 0.0294
vn 0.0137 0.6659 -0.7459
vn 0.0075 0.6678 -0.7443
vn -0.0000 0.6684 -0.7438
vn -0.0075 0.6678 -0.7443
vn -0.0137 0.6659 -0.7459
vn -0.0141 0.6661 0.7457
vn -0.0078 0.6681 0.7440
vn -0.0000 0.6688 0.7434
vn 0.0078 0.6681 0.7440
vn 0.0141 0.6661 0.7457
vn -0.0297 0.6583 0.7521
vn -0.0299 0.6431 0.7652
vn -0.0213 0.6578 0.7529
vn -0.0215 0.6435 0.7651
vn -0.0112 0.6574 0.7534
vn -0.0113 0.6440 0.7650
vn -0.0000 0.6573 0.7537
vn -0.0000 0.6441 0.7649
vn 0.0112 0.6574 0.7534
vn 0.0113 0.6440 0.7650
vn 0.0213 0.6578 0.7529
vn 0.0215 0.6435 0.7651
vn -0.0049 -0.7764 -0.6302
vn -0.0051 -0.7667 -0.6419
vn -0.0031 -0.7761 -0.6306
vn -0.0032 -0.7669 -0.6418
vn -0.0000 -0.7760 -0.6307
vn -0.0000 -0.7669 -0.6417
vn 0.0031 -0.7761 -0.6306
vn 0.0032 -0.7669 -0.6418
vn 0.0049 -0.7764 -0.6302
vn 0.0051 -0.7667 -0.6419
vn -0.0055 -0.7670 0.6416
vn -0.0035 -0.7672 0.6414
vn -0.0000 -0.7673 0.6412
vn 0.0035 -0.7672 0.6414
vn 0.0055 -0.7670 0.6416
vn 0.0296 0.6433 -0.7651
vn 0.0210 0.6438 -0.7649
vn 0.0110 0.6443 -0.7647
vn -0.0000 0.6445 -0.7646
vn -0.0110 0.6443 -0.7647
vn -0.0210 0.6438 -0.7649
vn 0.0053 -0.7767 0.6299
vn 0.0034 -0.7764 0.6302
vn -0.0000 -0.7763 0.6304
vn -0.0034 -0.7764 0.6302
vn -0.0053 -0.7767 0.6299
vn -0.0246 -0.1388 0.9900
vn -0.0190 -0.1407 0.9899
vn -0.0105 -0.1422 0.9898
vn -0.0000 -0.1428 0.9898
vn 0.0105 -0.1422 0.9898
vn 0.0190 -0.1407 0.9899
vn -0.0195 -0.0364 0.9991
vn -0.0106 -0.0382 0.9992
vn -0.0000 -0.0388 0.9992
vn 0.0106 -0.0382 0.9992
vn 0.0195 -0.0364 0.9991
vn 0.0241 -0.1385 -0.9901
vn 0.0184 -0.1402 -0.9900
vn 0.0101 -0.1415 -0.9899
vn -0.0000 -0.1420 -0.9899
vn -0.0101 -0.1415 -0.9899
vn -0.0184 -0.1402 -0.9900
vn 0.0294 0.6585 -0.7520
vn 0.0189 -0.0357 -0.9992
vn 0.0208 0.6581 -0.7527
vn 0.0102 -0.0372 -0.9993
vn 0.0109 0.6579 -0.7531
vn -0.0000 -0.0378 -0.9993
vn -0.0000 0.6577 -0.7532
vn -0.0102 -0.0372 -0.9993
vn -0.0109 0.6579 -0.7531
vn -0.0189 -0.0357 -0.9992
vn -0.0208 0.6581 -0.7527
vn -0.0107 -0.7159 -0.6981
vn -0.0094 -0.7156 -0.6984
vn -0.0056 -0.7153 -0.6988
vn -0.0000 -0.7152 -0.6989
vn 0.0056 -0.7153 -0.6988
vn 0.0094 -0.7156 -0.6984
vn 0.0073 -1.0000 -0.0036
vn 0.0091 -0.9999 -0.0064
vn 0.0026 -1.0000 -0.0011
vn 0.0045 -1.0000 -0.0038
vn 0.0003 -1.0000 0.0013
vn 0.0017 -1.0000 -0.0015
vn -0.0000 -1.0000 0.0022
vn -0.0000 -1.0000 -0.0006
vn -0.0003 -1.0000 0.0013
vn -0.0017 -1.0000 -0.0015
vn -0.0026 -1.0000 -0.0011
vn -0.0045 -1.0000 -0.0038
vn 0.0091 -0.9999 0.0064
vn 0.0045 -1.0000 0.0037
vn 0.0016 -1.0000 0.0015
vn -0.0000 -1.0000 0.0006
vn -0.0016 -1.0000 0.0015
vn -0.0045 -1.0000 0.0037
vn 0.0634 0.9974 0.0333
vn 0.0577 0.9973 0.0451
vn 0.0510 0.9979 0.0389
vn 0.0466 0.9975 0.0529
vn 0.0288 0.9987 0.0427
vn 0.0263 0.9979 0.0583
vn -0.0000 0.9990 0.0441
vn -0.0000 0.9982 0.0603
vn -0.0288 0.9987 0.0427
vn -0.0263 0.9979 0.0583
vn -0.0510 0.9979 0.0389
vn -0.0466 0.9975 0.0529
vn -0.0239 -0.1249 -0.9919
vn -0.0189 -0.1219 -0.9924
vn -0.0105 -0.1198 -0.9927
vn -0.0000 -0.1189 -0.9929
vn 0.0105 -0.1198 -0.9927
vn 0.0189 -0.1219 -0.9924
vn 0.0242 -0.1247 0.9919
vn 0.0195 -0.1213 0.9924
vn 0.0109 -0.1189 0.9928
vn -0.0000 -0.1179 0.9930
vn -0.0109 -0.1189 0.9928
vn -0.0195 -0.1213 0.9924
vn 0.0098 -0.7159 0.6982
vn 0.0058 -0.7156 0.6985
vn -0.0000 -0.7155 0.6986
vn -0.0058 -0.7156 0.6985
vn -0.0098 -0.7159 0.6982
vn 0.0577 0.9973 -0.0450
vn 0.0466 0.9975 -0.0529
vn 0.0263 0.9980 -0.0583
vn -0.0000 0.9982 -0.0602
vn -0.0263 0.9980 -0.0583
vn -0.0466 0.9975 -0.0529
vn -0.0634 0.9974 -0.0333
vn -0.0510 0.9979 -0.0388
vn -0.0669 0.9976 -0.0177
vn -0.0538 0.9983 -0.0206
vn -0.0681 0.9977 -0.0000
vn -0.0547 0.9985 -0.0000
vn -0.0669 0.9976 0.0177
vn -0.0538 0.9983 0.0206
vn -0.0288 0.9987 -0.0426
vn -0.0305 0.9993 -0.0227
vn -0.0312 0.9995 -0.0000
vn -0.0305 0.9993 0.0227
vn -0.0000 0.9990 -0.0440
vn -0.0000 0.9997 -0.0236
vn -0.0000 1.0000 -0.0000
vn -0.0000 0.9997 0.0236
vn 0.0288 0.9987 -0.0426
vn 0.0305 0.9993 -0.0227
vn 0.0312 0.9995 -0.0000
vn 0.0305 0.9993 0.0227
vn 0.0510 0.9979 -0.0388
vn 0.0538 0.9983 -0.0206
vn 0.0547 0.9985 -0.0000
vn 0.0538 0.9983 0.0206
vn 0.0634 0.9974 -0.0333
vn 0.0669 0.9976 -0.0177
vn 0.0681 0.9977 -0.0000
vn 0.0669 0.9976 0.0177
vn 0.0641 0.9976 -0.0256
vn 0.0681 0.9976 -0.0137
vn 0.0694 0.9976 -0.0000
vn 0.0681 0.9976 0.0137
vn -0.0073 -1.0000 0.0036
vn -0.0026 -1.0000 0.0010
vn -0.0059 -1.0000 0.0014
vn -0.0008 -1.0000 -0.0002
vn -0.0053 -1.0000 -0.0000
vn -0.0002 -1.0000 -0.0000
vn -0.0059 -1.0000 -0.0014
vn -0.0009 -1.0000 0.0002
vn -0.0003 -1.0000 -0.0013
vn 0.0011 -1.0000 -0.0018
vn 0.0016 -1.0000 -0.0000
vn 0.0011 -1.0000 0.0018
vn -0.0000 -1.0000 -0.0022
vn -0.0000 -1.0000 -0.0026
vn -0.0000 -1.0000 -0.0000
vn -0.0000 -1.0000 0.0025
vn 0.0003 -1.0000 -0.0013
vn -0.0011 -1.0000 -0.0018
vn -0.0016 -1.0000 -0.0000
vn -0.0011 -1.0000 0.0018
vn 0.0026 -1.0000 0.0010
vn 0.0008 -1.0000 -0.0002
vn 0.0002 -1.0000 -0.0000
vn 0.0009 -1.0000 0.0002
vn 0.0073 -1.0000 0.0036
vn 0.0059 -1.0000 0.0014
vn 0.0053 -1.0000 -0.0000
vn 0.0059 -1.0000 -0.0014
vn 0.0138 -0.9999 0.0056
vn 0.0128 -0.9999 0.0027
vn 0.0125 -0.9999 -0.0000
vn 0.0128 -0.9999 -0.0027
vn -0.8969 -0.4419 -0.0182
vn -0.8985 -0.4389 -0.0106
vn -0.9993 -0.0340 -0.0151
vn -0.8991 -0.4378 -0.0000
vn -0.9995 -0.0321 -0.0000
vn -0.8985 -0.4389 0.0106
vn -0.9993 -0.0340 0.0151
vn -0.5107 -0.8598 -0.0022
vn -0.5099 -0.8602 -0.0015
vn -0.5097 -0.8603 -0.0000
vn -0.5099 -0.8602 0.0015
vn -0.9938 0.1071 -0.0287
vn -0.9946 0.1027 -0.0163
vn -0.9949 0.1012 -0.0000
vn -0.9946 0.1026 0.0163
vn 0.8969 -0.4419 0.0182
vn 0.8985 -0.4389 0.0106
vn 0.9993 -0.0340 0.0151
vn 0.8991 -0.4378 -0.0000
vn 0.9995 -0.0321 -0.0000
vn 0.8985 -0.4389 -0.0106
vn 0.9993 -0.0340 -0.0151
vn 0.5107 -0.8598 0.0022
vn 0.5099 -0.8602 0.0015
vn 0.5097 -0.8603 -0.0000
vn 0.5099 -0.8602 -0.0015
vn 0.9938 0.1071 0.0287
vn 0.9946 0.1026 0.0163
vn 0.9949 0.1012 -0.0000
vn 0.9946 0.1027 -0.0163
vn 0.5216 0.8532 -0.0021
vn -0.1798 0.9835 0.0184
vn 0.5203 0.8540 -0.0015
vn -0.1806 0.9835 0.0102
vn 0.5199 0.8542 -0.0000
vn -0.1809 0.9835 -0.0000
vn 0.5203 0.8540 0.0015
vn -0.1806 0.9835 -0.0102
vn 0.6899 0.7239 -0.0084
vn 0.6897 0.7240 -0.0050
vn 0.6897 0.7241 -0.0000
vn 0.6897 0.7240 0.0050
vn -0.3652 0.9307 0.0229
vn -0.3606 0.9326 0.0127
vn -0.3589 0.9334 -0.0000
vn -0.3606 0.9326 -0.0127
vn -0.5216 0.8532 0.0021
vn 0.1797 0.9835 -0.0184
vn -0.5203 0.8540 0.0015
vn 0.1806 0.9835 -0.0102
vn -0.5199 0.8542 -0.0000
vn 0.1809 0.9835 -0.0000
vn -0.5203 0.8540 -0.0015
vn 0.1806 0.9835 0.0102
vn -0.6899 0.7239 0.0084
vn -0.6897 0.7240 0.0050
vn -0.6897 0.7241 -0.0000
vn -0.6897 0.7240 -0.0050
vn 0.3652 0.9307 -0.0229
vn 0.3606 0.9326 -0.0127
vn 0.3589 0.9334 -0.0000
vn 0.3606 0.9326 0.0127
vn -0.8112 0.5839 0.0297
vn -0.9289 0.3691 0.0300
vn -0.8106 0.5853 0.0168
vn -0.9281 0.3720 0.0170
vn -0.8104 0.5859 -0.0000
vn -0.9278 0.3730 -0.0000
vn -0.8106 0.5853 -0.0168
vn -0.9281 0.3720 -0.0170
vn -0.0134 0.9999 -0.0072
vn -0.0157 0.9999 -0.0039
vn -0.0164 0.9999 -0.0000
vn -0.0157 0.9999 0.0039
vn 0.8112 0.5839 -0.0297
vn 0.9289 0.3691 -0.0300
vn 0.8106 0.5853 -0.0168
vn 0.9281 0.3720 -0.0170
vn 0.8104 0.5859 -0.0000
vn 0.9278 0.3730 -0.0000
vn 0.8106 0.5853 0.0168
vn 0.9281 0.3720 0.0170
vn -0.7845 0.6199 0.0184
vn -0.7828 0.6222 0.0105
vn -0.7822 0.6230 -0.0000
vn -0.7828 0.6222 -0.0105
vn 0.0134 0.9999 0.0072
vn 0.0157 0.9999 0.0039
vn 0.0164 0.9999 -0.0000
vn 0.0156 0.9999 -0.0039
vn 0.7845 0.6199 -0.0184
vn 0.7828 0.6222 -0.0105
vn 0.7822 0.6230 -0.0000
vn 0.7828 0.6222 0.0105
vn 0.0306 0.9995 -0.0105
vn 0.0327 0.9994 -0.0057
vn 0.0334 0.9994 -0.0000
vn 0.0327 0.9994 0.0057
vn -0.7746 0.6323 -0.0119
vn -0.7740 0.6331 -0.0000
vn -0.7746 0.6323 0.0119
vn 0.7746 0.6323 0.0119
vn 0.7740 0.6331 -0.0000
vn 0.7746 0.6323 -0.0119
vn -0.0327 0.9994 0.0057
vn -0.0334 0.9994 -0.0000
vn -0.0327 0.9994 -0.0057
vn 0.7866 0.6169 0.0257
vn 0.8069 0.5901 0.0262
vn 0.7886 0.6148 0.0141
vn 0.8081 0.5889 0.0144
vn 0.7893 0.6140 -0.0000
vn 0.8084 0.5886 -0.0000
vn 0.7886 0.6148 -0.0141
vn 0.8081 0.5889 -0.0144
vn -0.5623 -0.8269 0.0047
vn -0.5854 -0.8107 0.0050
vn -0.5620 -0.8271 -0.0000
vn -0.5846 -0.8113 -0.0000
vn -0.5623 -0.8269 -0.0047
vn -0.5854 -0.8107 -0.0050
vn 0.5854 -0.8107 0.0050
vn 0.5846 -0.8113 -0.0000
vn 0.5854 -0.8107 -0.0050
vn -0.8069 0.5901 -0.0262
vn -0.8081 0.5889 -0.0144
vn -0.8084 0.5886 -0.0000
vn -0.8081 0.5889 0.0144
vn 0.9686 -0.2476 0.0245
vn 0.5623 -0.8269 0.0047
vn 0.9678 -0.2512 0.0138
vn 0.5620 -0.8271 -0.0000
vn 0.9676 -0.2525 -0.0000
vn 0.5623 -0.8269 -0.0047
vn 0.9678 -0.2512 -0.0138
vn 0.9977 -0.0668 0.0137
vn 0.9977 -0.0684 -0.0000
vn 0.9977 -0.0668 -0.0137
vn -0.9686 -0.2476 -0.0245
vn -0.9678 -0.2512 -0.0138
vn -0.9676 -0.2525 -0.0000
vn -0.9678 -0.2512 0.0138
vn -0.7866 0.6169 -0.0257
vn -0.9977 -0.0668 -0.0137
vn -0.7886 0.6148 -0.0141
vn -0.9977 -0.0684 -0.0000
vn -0.7893 0.6140 -0.0000
vn -0.9977 -0.0668 0.0137
vn -0.7886 0.6148 0.0141
vn -0.9765 -0.2137 0.0282
vn -0.9776 -0.2096 0.0163
vn -0.9781 -0.2081 -0.0000
vn -0.9776 -0.2096 -0.0163
vn -0.6877 -0.7259 0.0072
vn -0.6875 -0.7262 -0.0000
vn -0.6877 -0.7259 -0.0072
vn 0.6885 -0.7251 -0.0123
vn 0.6877 -0.7259 -0.0072
vn 0.6875 -0.7262 -0.0000
vn 0.6877 -0.7259 0.0072
vn -0.0138 -0.9999 0.0056
vn -0.0128 -0.9999 0.0027
vn -0.0125 -0.9999 -0.0000
vn -0.0128 -0.9999 -0.0027
vn -0.0641 0.9976 -0.0256
vn -0.0681 0.9976 -0.0137
vn -0.0694 0.9976 -0.0000
vn -0.0681 0.9976 0.0137
vn 0.9765 -0.2137 -0.0282
vn 0.9776 -0.2096 -0.0163
vn 0.9781 -0.2081 -0.0000
vn 0.9776 -0.2096 0.0163
vn 0.9627 -0.2700 0.0156
vn 0.9634 -0.2667 0.0274
vn 0.9662 -0.2571 0.0178
vn 0.9664 -0.2550 0.0308
vn 0.9706 -0.2401 0.0189
vn 0.9702 -0.2403 0.0323
vn 0.9747 -0.2230 0.0183
vn 0.9737 -0.2255 0.0313
vn 0.9625 -0.2712 -0.0000
vn 0.9661 -0.2580 -0.0000
vn 0.9708 -0.2401 -0.0000
vn 0.9751 -0.2219 -0.0000
vn 0.9627 -0.2700 -0.0156
vn 0.9662 -0.2571 -0.0178
vn 0.9706 -0.2401 -0.0189
vn 0.9747 -0.2230 -0.0183
vn 0.9634 -0.2667 -0.0274
vn 0.9664 -0.2550 -0.0308
vn 0.9702 -0.2403 -0.0323
vn 0.9737 -0.2255 -0.0313
vn 0.9643 -0.2627 -0.0335
vn 0.9668 -0.2527 -0.0373
vn 0.9699 -0.2405 -0.0387
vn 0.9728 -0.2286 -0.0374
vn -0.9627 -0.2700 -0.0156
vn -0.9634 -0.2667 -0.0274
vn -0.9662 -0.2571 -0.0178
vn -0.9664 -0.2550 -0.0308
vn -0.9706 -0.2401 -0.0189
vn -0.9702 -0.2403 -0.0323
vn -0.9747 -0.2230 -0.0183
vn -0.9737 -0.2255 -0.0313
vn -0.9625 -0.2712 -0.0000
vn -0.9661 -0.2580 -0.0000
vn -0.9708 -0.2401 -0.0000
vn -0.9751 -0.2219 -0.0000
vn -0.9627 -0.2700 0.0156
vn -0.9662 -0.2571 0.0178
vn -0.9706 -0.2401 0.0189
vn -0.9747 -0.2230 0.0183
vn -0.9634 -0.2667 0.0274
vn -0.9664 -0.2550 0.0308
vn -0.9702 -0.2403 0.0323
vn -0.9737 -0.2255 0.0313
vn -0.9643 -0.2627 0.0335
vn -0.9668 -0.2527 0.0373
vn -0.9699 -0.2405 0.0387
vn -0.9728 -0.2286 0.0374
vn -0.0199 -0.1515 0.9883
vn -0.0254 -0.1501 0.9884
vn -0.0209 -0.1446 0.9893
vn -0.0263 -0.1442 0.9892
vn -0.0211 -0.1368 0.9904
vn -0.0264 -0.1377 0.9901
vn -0.0206 -0.1289 0.9914
vn -0.0258 -0.1310 0.9910
vn -0.0112 -0.1527 0.9882
vn -0.0120 -0.1451 0.9893
vn -0.0122 -0.1361 0.9906
vn -0.0118 -0.1271 0.9918
vn -0.0000 -0.1533 0.9882
vn -0.0000 -0.1453 0.9894
vn -0.0000 -0.1359 0.9907
vn -0.0000 -0.1263 0.9920
vn 0.0112 -0.1527 0.9882
vn 0.0120 -0.1451 0.9893
vn 0.0122 -0.1361 0.9906
vn 0.0118 -0.1271 0.9918
vn 0.0199 -0.1515 0.9883
vn 0.0209 -0.1446 0.9893
vn 0.0211 -0.1368 0.9904
vn 0.0206 -0.1289 0.9914
vn 0.0254 -0.1501 0.9884
vn 0.0263 -0.1442 0.9892
vn 0.0264 -0.1377 0.9901
vn 0.0258 -0.1310 0.9910
vn 0.0258 -0.1484 0.9886
vn 0.0266 -0.1438 0.9893
vn 0.0265 -0.1387 0.9900
vn 0.0253 -0.1337 0.9907
vn 0.0191 -0.1511 -0.9883
vn 0.0248 -0.1499 -0.9884
vn 0.0200 -0.1445 -0.9893
vn 0.0256 -0.1441 -0.9892
vn 0.0203 -0.1370 -0.9904
vn 0.0258 -0.1378 -0.9901
vn 0.0198 -0.1293 -0.9914
vn 0.0253 -0.1312 -0.9910
vn 0.0107 -0.1523 -0.9883
vn 0.0114 -0.1449 -0.9894
vn 0.0116 -0.1364 -0.9906
vn 0.0112 -0.1277 -0.9918
vn -0.0000 -0.1527 -0.9883
vn -0.0000 -0.1452 -0.9894
vn -0.0000 -0.1361 -0.9907
vn -0.0000 -0.1269 -0.9919
vn -0.0107 -0.1523 -0.9883
vn -0.0114 -0.1449 -0.9894
vn -0.0116 -0.1364 -0.9906
vn -0.0112 -0.1277 -0.9918
vn -0.0191 -0.1511 -0.9883
vn -0.0200 -0.1445 -0.9893
vn -0.0203 -0.1370 -0.9904
vn -0.0198 -0.1293 -0.9914
vn -0.0248 -0.1499 -0.9884
vn -0.0256 -0.1441 -0.9892
vn -0.0258 -0.1378 -0.9901
vn -0.0253 -0.1312 -0.9910
vn -0.0257 -0.1484 -0.9886
vn -0.0264 -0.1438 -0.9893
vn -0.0263 -0.1388 -0.9900
vn -0.0253 -0.1338 -0.9907
vn -0.8151 -0.2857 0.5040
vn -0.9482 -0.2733 0.1617
vn -0.8159 -0.2769 0.5076
vn -0.9500 -0.2642 0.1661
vn -0.8176 -0.2675 0.5099
vn -0.9525 -0.2538 0.1683
vn -0.8197 -0.2593 0.5107
vn -0.9551 -0.2442 0.1677
vn -0.4801 -0.2457 0.8421
vn -0.4813 -0.2388 0.8434
vn -0.4824 -0.2317 0.8448
vn -0.4830 -0.2256 0.8461
vn -0.1461 -0.1770 0.9733
vn -0.1473 -0.1724 0.9740
vn -0.1475 -0.1675 0.9748
vn -0.1465 -0.1632 0.9757
vn -0.4801 -0.2457 -0.8421
vn -0.1461 -0.1770 -0.9733
vn -0.4813 -0.2388 -0.8434
vn -0.1473 -0.1724 -0.9740
vn -0.4823 -0.2317 -0.8448
vn -0.1475 -0.1675 -0.9748
vn -0.4830 -0.2256 -0.8461
vn -0.1465 -0.1632 -0.9757
vn -0.8151 -0.2857 -0.5040
vn -0.8159 -0.2769 -0.5076
vn -0.8176 -0.2675 -0.5099
vn -0.8197 -0.2593 -0.5107
vn -0.9482 -0.2733 -0.1617
vn -0.9501 -0.2642 -0.1661
vn -0.9525 -0.2538 -0.1682
vn -0.9551 -0.2442 -0.1677
vn 0.4801 -0.2457 0.8421
vn 0.1461 -0.1770 0.9733
vn 0.4813 -0.2388 0.8434
vn 0.1473 -0.1724 0.9740
vn 0.4824 -0.2317 0.8448
vn 0.1475 -0.1675 0.9748
vn 0.4830 -0.2256 0.8461
vn 0.1465 -0.1632 0.9757
vn 0.8151 -0.2857 0.5040
vn 0.8159 -0.2769 0.5075
vn 0.8176 -0.2675 0.5099
vn 0.8197 -0.2593 0.5107
vn 0.9482 -0.2733 0.1617
vn 0.9501 -0.2642 0.1661
vn 0.9525 -0.2538 0.1682
vn 0.9551 -0.2442 0.1677
vn 0.8151 -0.2857 -0.5040
vn 0.9482 -0.2733 -0.1617
vn 0.8159 -0.2769 -0.5076
vn 0.9500 -0.2642 -0.1661
vn 0.8176 -0.2675 -0.5099
vn 0.9525 -0.2538 -0.1683
vn 0.8197 -0.2593 -0.5107
vn 0.9551 -0.2442 -0.1677
vn 0.4801 -0.2457 -0.8421
vn 0.4813 -0.2388 -0.8434
vn 0.4824 -0.2317 -0.8448
vn 0.4830 -0.2256 -0.8461
vn 0.1461 -0.1770 -0.9733
vn 0.1473 -0.1724 -0.9740
vn 0.1475 -0.1675 -0.9748
vn 0.1465 -0.1632 -0.9757
vn 0.0257 -0.1484 -0.9886
vn 0.0264 -0.1438 -0.9893
vn 0.0263 -0.1388 -0.9900
vn 0.0253 -0.1338 -0.9907
vn -0.9643 -0.2627 -0.0335
vn -0.9668 -0.2527 -0.0373
vn -0.9699 -0.2405 -0.0387
vn -0.9728 -0.2286 -0.0374
vn -0.0258 -0.1484 0.9886
vn -0.0266 -0.1438 0.9893
vn -0.0265 -0.1387 0.9900
vn -0.0253 -0.1337 0.9907
vn 0.9643 -0.2627 0.0335
vn 0.9668 -0.2527 0.0373
vn 0.9699 -0.2405 0.0387
vn 0.9728 -0.2286 0.0374
vt 0.646354 0.275208
vt 0.512043 0.251173
vt 0.652949 0.372213
vt 0.500634 0.185823
vt 0.551365 0.250189
vt 0.535775 0.185005
vt 0.551437 0.251373
vt 0.021387 0.414601
vt 0.022071 0.390529
vt 0.512200 0.252341
vt 0.652849 0.373387
vt 0.501151 0.176611
vt 0.970107 0.362822
vt 0.053112 0.214519
vt 0.453102 0.130879
vt 0.730341 0.362930
vt 0.878834 0.150597
vt 0.383728 0.169366
vt 0.358730 0.131836
vt 0.878845 0.176441
vt 0.412200 0.363073
vt 0.181754 0.183381
vt 0.429977 0.169366
vt 0.651966 0.362965
vt 0.501141 0.150767
vt 0.316937 0.169680
vt 0.406853 0.130879
vt 0.565208 0.099928
vt 0.512045 0.256478
vt 0.970421 0.372070
vt 0.964730 0.275065
vt 0.551366 0.255506
vt 0.600350 0.099110
vt 0.551438 0.256690
vt 0.168296 0.626862
vt 0.512202 0.257646
vt 0.970320 0.373244
vt 0.167606 0.650939
vt 0.172448 0.934172
vt 0.843548 0.175799
vt 0.150196 0.182148
vt 0.206870 0.182951
vt 0.078231 0.216813
vt 0.021556 0.215756
vt 0.536447 0.175938
vt 0.173539 0.723301
vt 0.843538 0.149944
vt 0.206871 0.128532
vt 0.327173 0.130589
vt 0.025240 0.722534
vt 0.024149 0.933404
vt 0.078233 0.162394
vt 0.285380 0.170926
vt 0.536437 0.150082
vt 0.730704 0.372178
vt 0.878974 0.185652
vt 0.935389 0.250983
vt 0.725013 0.275173
vt 0.752281 0.371836
vt 0.746589 0.274574
vt 0.033829 0.650541
vt 0.752316 0.373015
vt 0.730806 0.373352
vt 0.020630 0.650119
vt 0.935233 0.252151
vt 0.255309 0.123524
vt 0.948260 0.362564
vt 0.435641 0.130394
vt 0.159677 0.698606
vt 0.255310 0.216207
vt 0.039358 0.697983
vt 0.366267 0.169851
vt 0.752188 0.362652
vt 0.181838 0.129215
vt 0.038011 0.958100
vt 0.630119 0.362707
vt 0.389392 0.130394
vt 0.412517 0.169851
vt 0.053199 0.161218
vt 0.434047 0.362795
vt 0.158331 0.958723
vt 0.060748 0.216999
vt 0.223682 0.122639
vt 0.160121 0.722891
vt 0.223682 0.217100
vt 0.189387 0.128346
vt 0.038663 0.722262
vt 0.189387 0.182765
vt 0.021571 0.162103
vt 0.159026 0.934443
vt 0.150211 0.128316
vt 0.037568 0.933815
vt 0.060748 0.162580
vt 0.493919 0.669628
vt 0.493036 0.817576
vt 0.752339 0.671165
vt 0.751455 0.819112
vt 0.412003 0.345122
vt 0.879254 0.160361
vt 0.411964 0.344105
vt 0.879322 0.159454
vt 0.169265 0.391143
vt 0.478647 0.523329
vt 0.337351 0.657960
vt 0.407022 0.290774
vt 0.944508 0.113579
vt 0.500718 0.134698
vt 0.652148 0.345014
vt 0.500649 0.133791
vt 0.021855 0.390321
vt 0.652186 0.343997
vt 0.325606 0.825476
vt 0.646695 0.274859
vt 0.474405 0.963003
vt 0.500322 0.185518
vt 0.500729 0.160532
vt 0.970289 0.344871
vt 0.500660 0.159624
vt 0.970326 0.343854
vt 0.167822 0.651147
vt 0.930916 0.662390
vt 0.569718 0.113748
vt 0.770997 0.522378
vt 0.970466 0.290520
vt 0.730144 0.344979
vt 0.879243 0.134528
vt 0.730105 0.343962
vt 0.879311 0.133620
vt 0.020412 0.650325
vt 0.766703 0.965770
vt 0.883459 0.185345
vt 0.920018 0.828629
vt 0.729342 0.274822
vt 0.843905 0.159511
vt 0.505941 0.524934
vt 0.843940 0.158591
vt 0.169780 0.415438
vt 0.909039 0.112645
vt 0.506004 0.524231
vt 0.743683 0.526779
vt 0.536076 0.159650
vt 0.743630 0.526075
vt 0.601012 0.112784
vt 0.536040 0.158729
vt 0.168607 0.626854
vt 0.843895 0.133665
vt 0.739433 0.967028
vt 0.019903 0.626024
vt 0.843929 0.132745
vt 0.843817 0.184414
vt 0.739361 0.967730
vt 0.501734 0.962159
vt 0.536065 0.133804
vt 0.501777 0.962864
vt 0.535790 0.184552
vt 0.536030 0.132884
vt 0.021076 0.414609
vt 0.948433 0.344535
vt 0.919070 0.677976
vt 0.948451 0.343513
vt 0.154397 0.651524
vt 0.947811 0.273979
vt 0.919773 0.678005
vt 0.919070 0.813538
vt 0.752000 0.344623
vt 0.919773 0.813510
vt 0.751272 0.274067
vt 0.033834 0.650851
vt 0.751981 0.343602
vt 0.630291 0.344678
vt 0.326639 0.810273
vt 0.035282 0.389943
vt 0.630309 0.343657
vt 0.624765 0.274124
vt 0.325930 0.810241
vt 0.327332 0.673666
vt 0.433858 0.344767
vt 0.326622 0.673692
vt 0.428225 0.274212
vt 0.433839 0.343745
vt 0.155844 0.390615
vt 0.413334 0.373495
vt 0.935235 0.257456
vt 0.169047 0.391349
vt 0.434843 0.373158
vt 0.155851 0.390925
vt 0.434808 0.371978
vt 0.428213 0.274717
vt 0.413232 0.372321
vt 0.935391 0.256288
vt 0.406638 0.275316
vt 0.943548 0.099757
vt 0.895996 0.256535
vt 0.169470 0.415427
vt 0.908405 0.098971
vt 0.896067 0.255351
vt 0.020214 0.626036
vt 0.895995 0.251218
vt 0.843831 0.184866
vt 0.896066 0.250034
vt 0.948811 0.372926
vt 0.154406 0.651214
vt 0.943154 0.274485
vt 0.948845 0.371747
vt 0.035273 0.390252
vt 0.631338 0.373069
vt 0.624777 0.274629
vt 0.631372 0.371890
vt 0.255310 0.176448
vt 0.127942 0.201055
vt 0.372486 0.130538
vt 0.116702 0.201375
vt 0.383728 0.130346
vt 0.358730 0.171054
vt 0.078231 0.175908
vt 0.286974 0.211791
vt 0.032869 0.175719
vt 0.286979 0.232042
vt 0.053112 0.175260
vt 0.453102 0.169898
vt 0.089689 0.205330
vt 0.078233 0.121489
vt 0.296694 0.130924
vt 0.089695 0.225581
vt 0.316937 0.130462
vt 0.406853 0.169898
vt 0.283326 0.211794
vt 0.418735 0.130538
vt 0.053199 0.121389
vt 0.272086 0.212114
vt 0.181754 0.222640
vt 0.429977 0.130346
vt 0.272080 0.232365
vt 0.161510 0.222184
vt 0.206870 0.223856
vt 0.116696 0.221626
vt 0.206871 0.169437
vt 0.338486 0.170592
vt 0.235045 0.176718
vt 0.127942 0.221323
vt 0.195622 0.169391
vt 0.161574 0.168700
vt 0.100935 0.205633
vt 0.066983 0.121535
vt 0.255309 0.163353
vt 0.298220 0.232362
vt 0.441860 0.169707
vt 0.181838 0.168974
vt 0.100935 0.225901
vt 0.395611 0.169707
vt 0.066982 0.175954
vt 0.235045 0.163085
vt 0.298220 0.212094
vt 0.283326 0.232062
vt 0.195621 0.223810
vt 0.032935 0.121657
vt 0.569473 0.022705
vt 0.449563 0.644726
vt 0.560213 0.022044
vt 0.449020 0.645425
vt 0.560213 0.022044
vt 0.449646 0.644140
vt 0.672010 0.268494
vt 0.446700 0.645903
vt 0.569473 0.022705
vt 0.448788 0.644697
vt 0.331701 0.670310
vt 0.670679 0.268932
vt 0.930781 0.052772
vt 0.446847 0.644987
vt 0.929603 0.052385
vt 0.447754 0.644898
vt 0.930615 0.053564
vt 0.559772 0.023146
vt 0.329710 0.659926
vt 0.449113 0.644610
vt 0.929396 0.053399
vt 0.560213 0.022044
vt 0.448648 0.841040
vt 0.447850 0.841278
vt 0.560213 0.022044
vt 0.560213 0.022044
vt 0.449215 0.841938
vt 0.560213 0.022044
vt 0.448602 0.841808
vt 0.444051 0.841068
vt 0.476867 0.068843
vt 0.478086 0.068682
vt 0.560213 0.022044
vt 0.443867 0.841601
vt 0.448439 0.841948
vt 0.447668 0.842128
vt 0.477879 0.067653
vt 0.560213 0.019178
vt 0.797842 0.648060
vt 0.797555 0.647497
vt 0.560213 0.022044
vt 0.569913 0.022714
vt 0.797737 0.647433
vt 0.476701 0.068040
vt 0.957534 0.268803
vt 0.446761 0.842036
vt 0.560213 0.019178
vt 0.797883 0.647299
vt 0.796753 0.644084
vt 0.956202 0.268367
vt 0.446615 0.841123
vt 0.476046 0.068906
vt 0.957428 0.269685
vt 0.956073 0.269503
vt 0.569913 0.022714
vt 0.784988 0.642648
vt 0.798512 0.647417
vt 0.559552 0.017083
vt 0.796088 0.843486
vt 0.796385 0.843350
vt 0.560213 0.022044
vt 0.558891 0.018737
vt 0.796355 0.842960
vt 0.559552 0.017083
vt 0.796862 0.843527
vt 0.800417 0.842476
vt 0.476861 0.053768
vt 0.478080 0.053602
vt 0.794974 0.645039
vt 0.477873 0.052588
vt 0.558891 0.018737
vt 0.798308 0.841432
vt 0.796397 0.843722
vt 0.476695 0.052976
vt 0.957530 0.262141
vt 0.795878 0.645128
vt 0.956198 0.261705
vt 0.796027 0.646045
vt 0.560213 0.022044
vt 0.493626 0.842583
vt 0.559111 0.023146
vt 0.493509 0.842057
vt 0.476040 0.053843
vt 0.957425 0.263023
vt 0.956069 0.262842
vt 0.750762 0.843970
vt 0.559662 0.020170
vt 0.750576 0.844111
vt 0.560213 0.022044
vt 0.751758 0.646169
vt 0.560213 0.022044
vt 0.569497 0.020214
vt 0.751755 0.646309
vt 0.495075 0.644317
vt 0.569497 0.020214
vt 0.560213 0.022044
vt 0.494808 0.644642
vt 0.670782 0.263152
vt 0.931443 0.068701
vt 0.672137 0.262969
vt 0.560213 0.022044
vt 0.448044 0.670379
vt 0.558686 0.023016
vt 0.448352 0.670236
vt 0.795942 0.841265
vt 0.672007 0.261833
vt 0.447139 0.816353
vt 0.558269 0.022321
vt 0.447173 0.816307
vt 0.560213 0.022044
vt 0.670675 0.262270
vt 0.930787 0.067835
vt 0.795792 0.842178
vt 0.929609 0.067450
vt 0.794888 0.842270
vt 0.797356 0.818389
vt 0.560213 0.022044
vt 0.560213 0.019178
vt 0.797297 0.818644
vt 0.930621 0.068639
vt 0.929401 0.068479
vt 0.798412 0.672251
vt 0.561205 0.018627
vt 0.560213 0.022044
vt 0.798228 0.672461
vt 0.480060 0.524070
vt 0.327177 0.659920
vt 0.478646 0.523334
vt 0.600663 0.024971
vt 0.337356 0.657959
vt 0.601116 0.024635
vt 0.445117 0.655233
vt 0.479269 0.524038
vt 0.591416 0.025811
vt 0.327151 0.659144
vt 0.443133 0.644843
vt 0.326345 0.824018
vt 0.475839 0.962302
vt 0.325611 0.825477
vt 0.590964 0.023542
vt 0.474405 0.962998
vt 0.591422 0.023139
vt 0.327598 0.823642
vt 0.326311 0.824794
vt 0.591422 0.023873
vt 0.475048 0.962315
vt 0.327421 0.824181
vt 0.919292 0.664336
vt 0.769573 0.526316
vt 0.930911 0.662390
vt 0.600664 0.021197
vt 0.770998 0.522383
vt 0.590384 0.020268
vt 0.771081 0.525890
vt 0.918284 0.662589
vt 0.604296 0.024404
vt 0.773538 0.526297
vt 0.760089 0.529941
vt 0.765300 0.968231
vt 0.919292 0.827179
vt 0.766705 0.965766
vt 0.590965 0.019629
vt 0.920013 0.828630
vt 0.591428 0.022159
vt 0.916384 0.827700
vt 0.766090 0.968276
vt 0.591428 0.020028
vt 0.919322 0.827949
vt 0.919379 0.826713
vt 0.560213 0.022044
vt 0.796503 0.843936
vt 0.560213 0.022044
vt 0.795723 0.844144
vt 0.560213 0.022044
vt 0.932044 0.093202
vt 0.302923 0.370233
vt 0.560213 0.022044
vt 0.797353 0.842615
vt 0.560213 0.022044
vt 0.797101 0.843375
vt 0.560213 0.022044
vt 0.799727 0.646095
vt 0.560213 0.022044
vt 0.799959 0.646862
vt 0.560213 0.022044
vt 0.587002 0.370106
vt 0.480244 0.081567
vt 0.560213 0.022044
vt 0.798370 0.645291
vt 0.560213 0.022044
vt 0.799144 0.645519
vt 0.446039 0.838713
vt 0.560213 0.022044
vt 0.560213 0.022044
vt 0.445807 0.837946
vt 0.560213 0.022044
vt 0.963225 0.369937
vt 0.480249 0.093405
vt 0.560213 0.022044
vt 0.447396 0.839517
vt 0.446622 0.839289
vt 0.560213 0.022044
vt 0.560213 0.022044
vt 0.449263 0.640872
vt 0.560213 0.022044
vt 0.450043 0.640665
vt 0.560213 0.022044
vt 0.932040 0.081364
vt 0.679147 0.370064
vt 0.560213 0.022044
vt 0.448413 0.642193
vt 0.560213 0.022044
vt 0.448665 0.641433
vt 0.560213 0.022044
vt 0.872679 0.078687
vt 0.495651 0.640227
vt 0.560213 0.022044
vt 0.560213 0.022044
vt 0.550793 0.369312
vt 0.800463 0.671732
vt 0.560213 0.022044
vt 0.560213 0.022044
vt 0.927018 0.369143
vt 0.445308 0.813082
vt 0.560213 0.022044
vt 0.560213 0.022044
vt 0.872682 0.090543
vt 0.750136 0.844603
vt 0.560213 0.022044
vt 0.539603 0.078837
vt 0.560213 0.022044
vt 0.560213 0.022044
vt 0.752811 0.643642
vt 0.539606 0.090693
vt 0.560213 0.022044
vt 0.560213 0.022044
vt 0.492977 0.841187
vt 0.339129 0.369407
vt 0.560213 0.022044
vt 0.560213 0.022044
vt 0.798519 0.817773
vt 0.715354 0.369238
vt 0.560213 0.022044
vt 0.560213 0.022044
vt 0.447252 0.667041
vt 0.672140 0.269631
vt 0.670785 0.269814
vt 0.931436 0.053638
vt 0.493417 0.643895
vt 0.870209 0.049716
vt 0.870143 0.050736
vt 0.796830 0.670984
vt 0.919897 0.260924
vt 0.919852 0.262059
vt 0.445818 0.816189
vt 0.919901 0.267586
vt 0.919856 0.268720
vt 0.749247 0.843294
vt 0.870214 0.064799
vt 0.870147 0.065833
vt 0.749334 0.643999
vt 0.537264 0.049866
vt 0.537331 0.050885
vt 0.493330 0.843190
vt 0.537269 0.064949
vt 0.537335 0.065983
vt 0.796766 0.816332
vt 0.708307 0.261019
vt 0.708352 0.262154
vt 0.445881 0.670841
vt 0.708311 0.267681
vt 0.708357 0.268815
vt 0.932019 0.081493
vt 0.679174 0.370209
vt 0.421557 0.339093
vt 0.957725 0.277714
vt 0.447066 0.645258
vt 0.421365 0.338704
vt 0.957930 0.277337
vt 0.447612 0.645820
vt 0.447362 0.645562
vt 0.963198 0.370081
vt 0.480270 0.093534
vt 0.673701 0.277842
vt 0.921810 0.245648
vt 0.446980 0.841769
vt 0.673495 0.277465
vt 0.922002 0.245262
vt 0.447527 0.841206
vt 0.447277 0.841464
vt 0.586974 0.370250
vt 0.480265 0.081696
vt 0.678941 0.375890
vt 0.927049 0.338866
vt 0.795664 0.645400
vt 0.678736 0.375514
vt 0.927241 0.338476
vt 0.795114 0.645961
vt 0.795366 0.645703
vt 0.932023 0.093331
vt 0.302950 0.370378
vt 0.416318 0.245875
vt 0.962965 0.375763
vt 0.795579 0.841911
vt 0.416126 0.245489
vt 0.963170 0.375386
vt 0.795029 0.841347
vt 0.795280 0.841605
vt 0.870215 0.049273
vt 0.493414 0.644133
vt 0.872682 0.078802
vt 0.487951 0.336182
vt 0.493392 0.644478
vt 0.487969 0.335766
vt 0.493376 0.644779
vt 0.919903 0.260445
vt 0.796597 0.670982
vt 0.550795 0.369439
vt 0.715120 0.375298
vt 0.796256 0.670971
vt 0.715127 0.374901
vt 0.795958 0.670962
vt 0.919907 0.267106
vt 0.446054 0.816195
vt 0.927019 0.369270
vt 0.709879 0.277250
vt 0.446392 0.816204
vt 0.709886 0.276852
vt 0.446689 0.816211
vt 0.870220 0.064352
vt 0.749254 0.843060
vt 0.872685 0.090658
vt 0.482711 0.242989
vt 0.749273 0.842712
vt 0.482728 0.242577
vt 0.749288 0.842409
vt 0.860656 0.336014
vt 0.539600 0.078952
vt 0.749340 0.644237
vt 0.537258 0.049423
vt 0.749374 0.644884
vt 0.860638 0.335598
vt 0.749359 0.644582
vt 0.855415 0.242821
vt 0.539603 0.090808
vt 0.493328 0.842956
vt 0.537263 0.064501
vt 0.493290 0.842305
vt 0.855398 0.242409
vt 0.493306 0.842608
vt 0.926787 0.375203
vt 0.339128 0.369535
vt 0.796533 0.816338
vt 0.708301 0.260540
vt 0.795895 0.816353
vt 0.926780 0.374805
vt 0.796193 0.816346
vt 0.921545 0.277154
vt 0.715353 0.369366
vt 0.446118 0.670839
vt 0.708305 0.267201
vt 0.446752 0.670820
vt 0.921538 0.276757
vt 0.446456 0.670828
vt 0.450056 0.640884
vt 0.794591 0.647019
vt 0.929364 0.053542
vt 0.794646 0.646637
vt 0.929129 0.054490
vt 0.929241 0.054067
vt 0.449360 0.641078
vt 0.795279 0.647221
vt 0.930599 0.053652
vt 0.795475 0.646878
vt 0.930211 0.054547
vt 0.795656 0.646658
vt 0.930446 0.054164
vt 0.476883 0.068931
vt 0.446724 0.839086
vt 0.794773 0.843670
vt 0.795147 0.844235
vt 0.477037 0.069442
vt 0.794967 0.844015
vt 0.477273 0.069822
vt 0.478118 0.068825
vt 0.447416 0.839298
vt 0.794084 0.843869
vt 0.478242 0.069349
vt 0.794137 0.844251
vt 0.478354 0.069768
vt 0.446020 0.837924
vt 0.795491 0.842528
vt 0.956050 0.269681
vt 0.795878 0.842588
vt 0.955860 0.270711
vt 0.955962 0.270263
vt 0.446233 0.838603
vt 0.795268 0.843198
vt 0.476041 0.069000
vt 0.957421 0.269789
vt 0.795605 0.843407
vt 0.957056 0.270787
vt 0.795841 0.843575
vt 0.476134 0.069510
vt 0.957300 0.270363
vt 0.476877 0.053856
vt 0.799042 0.645722
vt 0.448354 0.646328
vt 0.447980 0.645762
vt 0.477032 0.054368
vt 0.448160 0.645983
vt 0.477267 0.054751
vt 0.478112 0.053745
vt 0.798350 0.645510
vt 0.449043 0.646128
vt 0.478236 0.054270
vt 0.448990 0.645746
vt 0.478348 0.054693
vt 0.799747 0.646884
vt 0.447636 0.647470
vt 0.956047 0.263020
vt 0.447250 0.647409
vt 0.955857 0.264049
vt 0.955958 0.263601
vt 0.799533 0.646205
vt 0.447859 0.646800
vt 0.476035 0.053937
vt 0.957417 0.263127
vt 0.447522 0.646591
vt 0.957052 0.264125
vt 0.447286 0.646422
vt 0.476128 0.054448
vt 0.957297 0.263701
vt 0.931448 0.068795
vt 0.670789 0.263256
vt 0.796910 0.843261
vt 0.447355 0.842302
vt 0.446780 0.842676
vt 0.931355 0.069305
vt 0.670910 0.263830
vt 0.447017 0.842509
vt 0.671155 0.264254
vt 0.672159 0.263148
vt 0.797142 0.842588
vt 0.447136 0.841631
vt 0.672249 0.263729
vt 0.446749 0.841689
vt 0.672350 0.264177
vt 0.795709 0.843924
vt 0.448536 0.842979
vt 0.929369 0.068622
vt 0.448481 0.843361
vt 0.929135 0.069565
vt 0.929246 0.069146
vt 0.796406 0.843731
vt 0.447848 0.842776
vt 0.930605 0.068727
vt 0.447652 0.843120
vt 0.930217 0.069618
vt 0.447471 0.843340
vt 0.930451 0.069238
vt 0.672163 0.269809
vt 0.448624 0.642221
vt 0.795991 0.648367
vt 0.672252 0.270391
vt 0.796378 0.648309
vt 0.672354 0.270838
vt 0.931442 0.053732
vt 0.670793 0.269918
vt 0.448856 0.641548
vt 0.795772 0.647696
vt 0.796346 0.647321
vt 0.931349 0.054244
vt 0.670914 0.270492
vt 0.796110 0.647489
vt 0.671159 0.270915
vt 0.749392 0.645852
vt 0.495642 0.640441
vt 0.870134 0.050895
vt 0.870101 0.051853
vt 0.749387 0.645473
vt 0.870110 0.051424
vt 0.446742 0.672100
vt 0.800256 0.671726
vt 0.919846 0.262234
vt 0.919821 0.263271
vt 0.446357 0.672101
vt 0.919829 0.262817
vt 0.796385 0.817898
vt 0.445515 0.813088
vt 0.919851 0.268895
vt 0.919825 0.269933
vt 0.796770 0.817897
vt 0.919833 0.269479
vt 0.493735 0.844146
vt 0.750145 0.844388
vt 0.870138 0.065993
vt 0.870105 0.066947
vt 0.493740 0.844525
vt 0.870115 0.066522
vt 0.537340 0.051045
vt 0.752814 0.643857
vt 0.494247 0.645195
vt 0.537364 0.051574
vt 0.494254 0.644815
vt 0.537374 0.052003
vt 0.537344 0.066143
vt 0.492973 0.840973
vt 0.748880 0.844803
vt 0.537368 0.066672
vt 0.748873 0.845182
vt 0.537379 0.067096
vt 0.708359 0.262329
vt 0.798312 0.817773
vt 0.446369 0.816997
vt 0.708376 0.262912
vt 0.445984 0.816993
vt 0.708385 0.263366
vt 0.708363 0.268990
vt 0.447459 0.667041
vt 0.796758 0.673002
vt 0.708381 0.269574
vt 0.797144 0.673005
vt 0.708389 0.270028
vt 0.594768 0.249294
vt 0.574564 0.183868
vt 0.638135 0.248680
vt 0.613320 0.182916
vt 0.681042 0.248318
vt 0.651666 0.182277
vt 0.723715 0.248187
vt 0.689802 0.182039
vt 0.766388 0.248280
vt 0.727939 0.182243
vt 0.809295 0.248603
vt 0.766285 0.182847
vt 0.852663 0.249178
vt 0.805042 0.183764
vt 0.594821 0.255827
vt 0.169205 0.600241
vt 0.638166 0.255242
vt 0.169975 0.573644
vt 0.681053 0.254900
vt 0.170531 0.547328
vt 0.723714 0.254777
vt 0.170821 0.521149
vt 0.766375 0.254862
vt 0.170821 0.494970
vt 0.809263 0.255165
vt 0.170558 0.468651
vt 0.852611 0.255711
vt 0.170083 0.442051
vt 0.639138 0.097983
vt 0.594768 0.254628
vt 0.677894 0.097059
vt 0.638134 0.254031
vt 0.716240 0.096443
vt 0.681040 0.253680
vt 0.754376 0.096215
vt 0.723713 0.253554
vt 0.792513 0.096409
vt 0.766387 0.253642
vt 0.830859 0.096990
vt 0.809294 0.253954
vt 0.869616 0.097880
vt 0.852663 0.254512
vt 0.804896 0.175274
vt 0.173292 0.907636
vt 0.766321 0.174949
vt 0.174021 0.881152
vt 0.728117 0.174785
vt 0.174543 0.854922
vt 0.689994 0.174747
vt 0.174813 0.828746
vt 0.651872 0.174819
vt 0.174813 0.802569
vt 0.613670 0.175018
vt 0.174564 0.776335
vt 0.575096 0.175378
vt 0.174109 0.749844
vt 0.804887 0.149405
vt 0.024394 0.749070
vt 0.766312 0.149067
vt 0.023651 0.775553
vt 0.728109 0.148893
vt 0.023117 0.801783
vt 0.689987 0.148852
vt 0.022840 0.827959
vt 0.651865 0.148927
vt 0.022846 0.854137
vt 0.613661 0.149136
vt 0.023108 0.880371
vt 0.575087 0.149508
vt 0.023577 0.906861
vt 0.020476 0.441216
vt 0.594821 0.250493
vt 0.019692 0.467810
vt 0.638167 0.249892
vt 0.019122 0.494124
vt 0.681054 0.249539
vt 0.018825 0.520302
vt 0.723715 0.249411
vt 0.018831 0.546481
vt 0.766377 0.249500
vt 0.019109 0.572802
vt 0.809264 0.249815
vt 0.019598 0.599406
vt 0.852611 0.250377
vt 0.719795 0.670105
vt 0.687232 0.669213
vt 0.655042 0.668564
vt 0.623113 0.668214
vt 0.591187 0.668185
vt 0.559004 0.668451
vt 0.526453 0.668956
vt 0.718900 0.819775
vt 0.686330 0.820285
vt 0.654134 0.820559
vt 0.622203 0.820534
vt 0.590279 0.820179
vt 0.558102 0.819522
vt 0.525559 0.818626
vt 0.159795 0.907810
vt 0.160437 0.881190
vt 0.160903 0.854851
vt 0.161154 0.828675
vt 0.161174 0.802498
vt 0.160981 0.776156
vt 0.160614 0.749531
vt 0.037064 0.907175
vt 0.036679 0.880550
vt 0.036469 0.854207
vt 0.036483 0.828030
vt 0.036740 0.801854
vt 0.037222 0.775515
vt 0.037883 0.748896
vt 0.805145 0.158787
vt 0.766423 0.158307
vt 0.728110 0.158041
vt 0.689987 0.157967
vt 0.651865 0.158076
vt 0.613553 0.158376
vt 0.574833 0.158890
vt 0.574807 0.157958
vt 0.169517 0.600236
vt 0.613539 0.157435
vt 0.170289 0.573642
vt 0.651861 0.157128
vt 0.170846 0.547330
vt 0.689987 0.157018
vt 0.171136 0.521151
vt 0.728113 0.157094
vt 0.171136 0.494972
vt 0.766436 0.157366
vt 0.170872 0.468657
vt 0.805170 0.157855
vt 0.170395 0.442060
vt 0.639796 0.111655
vt 0.713706 0.526435
vt 0.678548 0.110728
vt 0.683809 0.526602
vt 0.716888 0.110111
vt 0.654230 0.526602
vt 0.755024 0.109881
vt 0.624809 0.526447
vt 0.793161 0.110076
vt 0.595389 0.526145
vt 0.831502 0.110659
vt 0.565813 0.525687
vt 0.870254 0.111551
vt 0.535921 0.525056
vt 0.713744 0.527148
vt 0.683830 0.527323
vt 0.654235 0.527327
vt 0.624804 0.527174
vt 0.595373 0.526870
vt 0.565780 0.526407
vt 0.535872 0.525768
vt 0.805135 0.132925
vt 0.766414 0.132432
vt 0.728101 0.132156
vt 0.689979 0.132078
vt 0.651857 0.132190
vt 0.613545 0.132500
vt 0.574824 0.133029
vt 0.020164 0.441222
vt 0.574798 0.132097
vt 0.019378 0.467812
vt 0.613530 0.131559
vt 0.018807 0.494122
vt 0.651853 0.131242
vt 0.018510 0.520300
vt 0.689979 0.131128
vt 0.018516 0.546480
vt 0.728105 0.131208
vt 0.018795 0.572797
vt 0.766428 0.131490
vt 0.019286 0.599398
vt 0.805161 0.131993
vt 0.574574 0.183413
vt 0.531704 0.962873
vt 0.613325 0.182459
vt 0.561602 0.963075
vt 0.651665 0.181818
vt 0.591179 0.963444
vt 0.689802 0.181580
vt 0.620596 0.963969
vt 0.727938 0.181784
vt 0.650010 0.964649
vt 0.766279 0.182390
vt 0.679577 0.965491
vt 0.805031 0.183310
vt 0.709458 0.966514
vt 0.531676 0.962159
vt 0.561590 0.962353
vt 0.591183 0.962718
vt 0.620611 0.963242
vt 0.650036 0.963923
vt 0.679619 0.964771
vt 0.709516 0.965801
vt 0.560213 0.022044
vt 0.525934 0.843693
vt 0.560213 0.022044
vt 0.558181 0.844731
vt 0.560213 0.022044
vt 0.590137 0.845496
vt 0.560213 0.022044
vt 0.622061 0.845890
vt 0.560213 0.022044
vt 0.653992 0.845875
vt 0.560213 0.022044
vt 0.685965 0.845491
vt 0.560213 0.022044
vt 0.718239 0.844836
vt 0.559442 0.022926
vt 0.718268 0.844697
vt 0.559331 0.025351
vt 0.685957 0.845223
vt 0.559552 0.027114
vt 0.654301 0.845479
vt 0.559331 0.028217
vt 0.622170 0.845680
vt 0.559442 0.028547
vt 0.590396 0.845783
vt 0.559331 0.027555
vt 0.558324 0.845085
vt 0.559552 0.025571
vt 0.526322 0.843736
vt 0.560213 0.022044
vt 0.719432 0.645041
vt 0.560213 0.022044
vt 0.687169 0.643993
vt 0.560213 0.022044
vt 0.655202 0.643232
vt 0.560213 0.022044
vt 0.623274 0.642840
vt 0.560213 0.022044
vt 0.591347 0.642852
vt 0.560213 0.022044
vt 0.559385 0.643233
vt 0.560213 0.022044
vt 0.527128 0.643898
vt 0.569497 0.018131
vt 0.527350 0.643923
vt 0.569636 0.015770
vt 0.559719 0.643048
vt 0.569497 0.014381
vt 0.591487 0.642798
vt 0.569636 0.013548
vt 0.623536 0.642491
vt 0.569775 0.014659
vt 0.655592 0.643605
vt 0.569636 0.015770
vt 0.687375 0.644039
vt 0.569636 0.017992
vt 0.719611 0.645257
vt 0.581500 0.076580
vt 0.560213 0.022044
vt 0.623317 0.074545
vt 0.560213 0.022044
vt 0.664752 0.073123
vt 0.560213 0.022044
vt 0.706138 0.072601
vt 0.560213 0.022044
vt 0.747525 0.073086
vt 0.560213 0.022044
vt 0.788960 0.074470
vt 0.560213 0.022044
vt 0.830779 0.076468
vt 0.560213 0.022044
vt 0.528020 0.639730
vt 0.560213 0.022044
vt 0.560324 0.639304
vt 0.560213 0.022044
vt 0.592329 0.639145
vt 0.560213 0.022044
vt 0.624290 0.639362
vt 0.560213 0.022044
vt 0.656241 0.639994
vt 0.560213 0.022044
vt 0.688219 0.641002
vt 0.560213 0.022044
vt 0.720484 0.642286
vt 0.560213 0.022044
vt 0.581503 0.088453
vt 0.560213 0.022044
vt 0.623319 0.086432
vt 0.560213 0.022044
vt 0.664753 0.085022
vt 0.560213 0.022044
vt 0.706139 0.084504
vt 0.560213 0.022044
vt 0.747526 0.084985
vt 0.560213 0.022044
vt 0.788962 0.086358
vt 0.560213 0.022044
vt 0.830782 0.088341
vt 0.560213 0.022044
vt 0.717784 0.845118
vt 0.560213 0.022044
vt 0.685496 0.845555
vt 0.560213 0.022044
vt 0.653503 0.845711
vt 0.560213 0.022044
vt 0.621546 0.845491
vt 0.560213 0.022044
vt 0.589591 0.844862
vt 0.560213 0.022044
vt 0.557602 0.843857
vt 0.560213 0.022044
vt 0.525321 0.842562
vt 0.560213 0.022044
vt 0.828329 0.047515
vt 0.786536 0.045533
vt 0.745115 0.044159
vt 0.703734 0.043677
vt 0.662353 0.044196
vt 0.620933 0.045607
vt 0.579142 0.047628
vt 0.828281 0.048547
vt 0.786506 0.046575
vt 0.745101 0.045209
vt 0.703734 0.044730
vt 0.662368 0.045246
vt 0.620964 0.046650
vt 0.579191 0.048659
vt 0.828333 0.062615
vt 0.786540 0.060647
vt 0.745118 0.059284
vt 0.703736 0.058807
vt 0.662355 0.059322
vt 0.620936 0.060722
vt 0.579146 0.062727
vt 0.828284 0.063661
vt 0.786509 0.061704
vt 0.745103 0.060349
vt 0.703736 0.059874
vt 0.662370 0.060386
vt 0.620966 0.061779
vt 0.579194 0.063773
vt 0.813772 0.333674
vt 0.581498 0.076695
vt 0.766978 0.331570
vt 0.623317 0.074659
vt 0.720614 0.330110
vt 0.664752 0.073237
vt 0.674304 0.329599
vt 0.706138 0.072715
vt 0.627994 0.330152
vt 0.747525 0.073200
vt 0.581630 0.331653
vt 0.788961 0.074584
vt 0.534835 0.333799
vt 0.830781 0.076582
vt 0.525587 0.643879
vt 0.534847 0.333387
vt 0.557735 0.643050
vt 0.581634 0.331243
vt 0.589587 0.642491
vt 0.627995 0.329744
vt 0.621400 0.642301
vt 0.674304 0.329191
vt 0.653210 0.642517
vt 0.720613 0.329702
vt 0.685050 0.643102
vt 0.766974 0.331160
vt 0.717181 0.643957
vt 0.813760 0.333261
vt 0.525599 0.643579
vt 0.557740 0.642751
vt 0.589589 0.642190
vt 0.621401 0.642000
vt 0.653209 0.642216
vt 0.685047 0.642802
vt 0.717171 0.643657
vt 0.525615 0.643236
vt 0.828333 0.047069
vt 0.557747 0.642408
vt 0.786539 0.045083
vt 0.589592 0.641848
vt 0.745116 0.043707
vt 0.621403 0.641657
vt 0.703734 0.043225
vt 0.653209 0.641874
vt 0.662351 0.043744
vt 0.685042 0.642460
vt 0.620930 0.045157
vt 0.717158 0.643313
vt 0.579137 0.047181
vt 0.808530 0.240503
vt 0.581501 0.088567
vt 0.761735 0.238418
vt 0.623319 0.086546
vt 0.715370 0.236971
vt 0.664753 0.085135
vt 0.669060 0.236464
vt 0.706139 0.084617
vt 0.622750 0.237012
vt 0.747526 0.085098
vt 0.576387 0.238502
vt 0.788962 0.086472
vt 0.529594 0.240628
vt 0.830784 0.088455
vt 0.717094 0.843327
vt 0.529606 0.240220
vt 0.684963 0.844167
vt 0.576391 0.238096
vt 0.653121 0.844723
vt 0.622751 0.236608
vt 0.621312 0.844911
vt 0.669060 0.236061
vt 0.589499 0.844697
vt 0.715369 0.236567
vt 0.557647 0.844115
vt 0.761731 0.238012
vt 0.525500 0.843249
vt 0.808518 0.240094
vt 0.717084 0.843629
vt 0.684959 0.844469
vt 0.653121 0.845025
vt 0.621313 0.845214
vt 0.589501 0.845000
vt 0.557652 0.844417
vt 0.525512 0.843551
vt 0.717071 0.843975
vt 0.828338 0.062163
vt 0.684954 0.844814
vt 0.786542 0.060192
vt 0.653121 0.845371
vt 0.745119 0.058827
vt 0.621314 0.845560
vt 0.703736 0.058349
vt 0.589504 0.845345
vt 0.662354 0.058865
vt 0.557659 0.844762
vt 0.620933 0.060267
vt 0.525527 0.843897
vt 0.579142 0.062275
vt 0.717300 0.644840
vt 0.528013 0.639944
vt 0.685269 0.643902
vt 0.560320 0.639518
vt 0.653530 0.643236
vt 0.592326 0.639360
vt 0.621826 0.642947
vt 0.624287 0.639577
vt 0.590122 0.643073
vt 0.656238 0.640209
vt 0.558380 0.643575
vt 0.688217 0.641217
vt 0.526345 0.644349
vt 0.720485 0.642500
vt 0.579226 0.049773
vt 0.526349 0.643970
vt 0.620994 0.047760
vt 0.558380 0.643198
vt 0.662386 0.046355
vt 0.590121 0.642694
vt 0.703735 0.045838
vt 0.621827 0.642568
vt 0.745084 0.046317
vt 0.653533 0.642858
vt 0.786477 0.047686
vt 0.685271 0.643524
vt 0.828247 0.049661
vt 0.717297 0.644462
vt 0.579217 0.049347
vt 0.620985 0.047338
vt 0.662380 0.045935
vt 0.703735 0.045419
vt 0.745090 0.045897
vt 0.786486 0.047264
vt 0.828255 0.049235
vt 0.579198 0.048819
vt 0.620969 0.046810
vt 0.662371 0.045406
vt 0.703734 0.044890
vt 0.745098 0.045369
vt 0.786501 0.046735
vt 0.828274 0.048707
vt 0.525827 0.845157
vt 0.717791 0.844903
vt 0.557858 0.846090
vt 0.685500 0.845341
vt 0.589597 0.846741
vt 0.653506 0.845495
vt 0.621301 0.847024
vt 0.621549 0.845276
vt 0.653005 0.846905
vt 0.589594 0.844646
vt 0.684747 0.846417
vt 0.557603 0.843642
vt 0.716782 0.845648
vt 0.525319 0.842347
vt 0.579229 0.064883
vt 0.716778 0.846027
vt 0.620997 0.062885
vt 0.684747 0.846795
vt 0.662388 0.061491
vt 0.653006 0.847284
vt 0.703736 0.060979
vt 0.621300 0.847404
vt 0.745086 0.061454
vt 0.589594 0.847121
vt 0.786479 0.062811
vt 0.557856 0.846469
vt 0.828251 0.064770
vt 0.525830 0.845535
vt 0.579220 0.064462
vt 0.620987 0.062467
vt 0.662382 0.061075
vt 0.703736 0.060563
vt 0.745091 0.061038
vt 0.786488 0.062393
vt 0.828259 0.064350
vt 0.579201 0.063933
vt 0.620971 0.061939
vt 0.662373 0.060547
vt 0.703736 0.060035
vt 0.745100 0.060510
vt 0.786504 0.061865
vt 0.828277 0.063821
vt 0.467411 0.371505
vt 0.460816 0.273697
vt 0.500188 0.371200
vt 0.493593 0.272974
vt 0.533090 0.371086
vt 0.526495 0.272703
vt 0.565991 0.371171
vt 0.559396 0.272944
vt 0.598768 0.371446
vt 0.592173 0.273638
vt 0.779193 0.273553
vt 0.784885 0.371362
vt 0.811969 0.272831
vt 0.817661 0.371057
vt 0.844871 0.272560
vt 0.850562 0.370943
vt 0.877772 0.272801
vt 0.883464 0.371028
vt 0.910550 0.273494
vt 0.916241 0.371303
vt 0.135855 0.390200
vt 0.467436 0.372690
vt 0.115752 0.389657
vt 0.500201 0.372390
vt 0.095571 0.389388
vt 0.533090 0.372277
vt 0.075388 0.389431
vt 0.565979 0.372360
vt 0.055279 0.389751
vt 0.598744 0.372631
vt 0.784910 0.372547
vt 0.053828 0.651264
vt 0.817674 0.372247
vt 0.073932 0.651806
vt 0.850563 0.372135
vt 0.094113 0.652074
vt 0.883452 0.372217
vt 0.114296 0.652031
vt 0.916217 0.372488
vt 0.134403 0.651713
vt 0.915697 0.362227
vt 0.139697 0.697973
vt 0.883021 0.362021
vt 0.119648 0.697495
vt 0.850225 0.361960
vt 0.099523 0.697256
vt 0.817428 0.362050
vt 0.079397 0.697287
vt 0.784753 0.362286
vt 0.059343 0.697557
vt 0.597554 0.362371
vt 0.057992 0.958733
vt 0.564879 0.362164
vt 0.078041 0.959210
vt 0.532082 0.362103
vt 0.098166 0.959449
vt 0.499285 0.362193
vt 0.118292 0.959419
vt 0.466610 0.362429
vt 0.138346 0.959149
vt 0.140021 0.722313
vt 0.119751 0.721872
vt 0.099393 0.721645
vt 0.079036 0.721661
vt 0.058764 0.721893
vt 0.138921 0.934813
vt 0.118647 0.935044
vt 0.098289 0.935061
vt 0.077932 0.934833
vt 0.057664 0.934392
vt 0.493087 0.694095
vt 0.492449 0.718784
vt 0.492123 0.743590
vt 0.492153 0.768399
vt 0.492496 0.793097
vt 0.752870 0.695639
vt 0.753208 0.720334
vt 0.753236 0.745142
vt 0.752912 0.769949
vt 0.752279 0.794641
vt 0.915846 0.344103
vt 0.883093 0.343836
vt 0.850216 0.343754
vt 0.817339 0.343866
vt 0.784587 0.344162
vt 0.784573 0.343135
vt 0.053832 0.651574
vt 0.817332 0.342835
vt 0.073933 0.652116
vt 0.850215 0.342722
vt 0.094111 0.652384
vt 0.883099 0.342805
vt 0.114290 0.652341
vt 0.915859 0.343076
vt 0.134395 0.652023
vt 0.783874 0.273046
vt 0.919457 0.791032
vt 0.816645 0.272323
vt 0.919258 0.768437
vt 0.849541 0.272052
vt 0.919189 0.745757
vt 0.882437 0.272294
vt 0.919257 0.723077
vt 0.915209 0.272987
vt 0.919457 0.700482
vt 0.918750 0.791051
vt 0.918548 0.768447
vt 0.918478 0.745757
vt 0.918548 0.723067
vt 0.918750 0.700462
vt 0.597703 0.344247
vt 0.564951 0.343979
vt 0.532074 0.343898
vt 0.499198 0.344009
vt 0.466444 0.344305
vt 0.135850 0.389891
vt 0.466430 0.343278
vt 0.115750 0.389347
vt 0.499190 0.342978
vt 0.095572 0.389078
vt 0.532074 0.342866
vt 0.075392 0.389122
vt 0.564957 0.342949
vt 0.055287 0.389441
vt 0.597717 0.343219
vt 0.326826 0.696344
vt 0.460827 0.273192
vt 0.326912 0.719114
vt 0.493598 0.272469
vt 0.326865 0.741969
vt 0.526494 0.272198
vt 0.326680 0.764824
vt 0.559390 0.272439
vt 0.326363 0.787591
vt 0.592162 0.273133
vt 0.327539 0.696328
vt 0.327627 0.719108
vt 0.327581 0.741973
vt 0.327395 0.764838
vt 0.327076 0.787615
vt 0.560213 0.022044
vt 0.447136 0.694686
vt 0.560213 0.022044
vt 0.446444 0.719010
vt 0.560213 0.022044
vt 0.446099 0.743330
vt 0.560213 0.022044
vt 0.446153 0.767653
vt 0.560213 0.022044
vt 0.446555 0.791987
vt 0.557158 0.022321
vt 0.446493 0.791879
vt 0.556463 0.022738
vt 0.446165 0.767857
vt 0.556325 0.022460
vt 0.446250 0.743065
vt 0.556463 0.022599
vt 0.446414 0.718740
vt 0.557019 0.023155
vt 0.446834 0.694871
vt 0.560213 0.022044
vt 0.798260 0.794078
vt 0.560213 0.022044
vt 0.798950 0.769750
vt 0.560213 0.022044
vt 0.799294 0.745430
vt 0.560213 0.022044
vt 0.799240 0.721108
vt 0.560213 0.022044
vt 0.798842 0.696777
vt 0.562197 0.018957
vt 0.799051 0.696912
vt 0.562638 0.018957
vt 0.799221 0.721216
vt 0.562749 0.018957
vt 0.799229 0.745510
vt 0.562308 0.019178
vt 0.798850 0.770050
vt 0.561536 0.019178
vt 0.798308 0.794354
vt 0.374394 0.368690
vt 0.560213 0.022044
vt 0.409683 0.368194
vt 0.560213 0.022044
vt 0.444960 0.368008
vt 0.560213 0.022044
vt 0.480238 0.368162
vt 0.560213 0.022044
vt 0.515527 0.368626
vt 0.560213 0.022044
vt 0.800912 0.696079
vt 0.560213 0.022044
vt 0.801142 0.720436
vt 0.560213 0.022044
vt 0.801021 0.744777
vt 0.560213 0.022044
vt 0.800494 0.769111
vt 0.560213 0.022044
vt 0.799616 0.793452
vt 0.560213 0.022044
vt 0.750620 0.368521
vt 0.560213 0.022044
vt 0.785909 0.368025
vt 0.560213 0.022044
vt 0.821186 0.367839
vt 0.560213 0.022044
vt 0.856463 0.367993
vt 0.560213 0.022044
vt 0.891752 0.368457
vt 0.560213 0.022044
vt 0.444863 0.788740
vt 0.560213 0.022044
vt 0.444636 0.764385
vt 0.560213 0.022044
vt 0.444758 0.740045
vt 0.560213 0.022044
vt 0.445283 0.715710
vt 0.560213 0.022044
vt 0.446159 0.691367
vt 0.560213 0.022044
vt 0.884639 0.260251
vt 0.849361 0.259795
vt 0.814101 0.259643
vt 0.778841 0.259826
vt 0.743564 0.260315
vt 0.884608 0.261392
vt 0.849344 0.260940
vt 0.814101 0.260789
vt 0.778859 0.260971
vt 0.743595 0.261456
vt 0.884644 0.266913
vt 0.849365 0.266456
vt 0.814106 0.266304
vt 0.778847 0.266488
vt 0.743568 0.266976
vt 0.884613 0.268054
vt 0.849349 0.267601
vt 0.814106 0.267451
vt 0.778864 0.267633
vt 0.743600 0.268117
vt 0.891521 0.374751
vt 0.374393 0.368817
vt 0.856231 0.374454
vt 0.409683 0.368321
vt 0.820953 0.374360
vt 0.444960 0.368135
vt 0.785676 0.374486
vt 0.480238 0.368289
vt 0.750386 0.374814
vt 0.515528 0.368754
vt 0.796706 0.695189
vt 0.750392 0.374418
vt 0.797239 0.719431
vt 0.785679 0.374091
vt 0.797427 0.743662
vt 0.820953 0.373966
vt 0.797218 0.767893
vt 0.856227 0.374059
vt 0.796664 0.792131
vt 0.891515 0.374355
vt 0.797002 0.695196
vt 0.797534 0.719435
vt 0.797722 0.743663
vt 0.797513 0.767890
vt 0.796960 0.792126
vt 0.797340 0.695205
vt 0.884643 0.259769
vt 0.797871 0.719441
vt 0.849363 0.259312
vt 0.798058 0.743665
vt 0.814101 0.259159
vt 0.797850 0.767887
vt 0.778839 0.259343
vt 0.797298 0.792120
vt 0.743559 0.259833
vt 0.886279 0.276702
vt 0.750619 0.368648
vt 0.850989 0.276406
vt 0.785908 0.368152
vt 0.815711 0.276312
vt 0.821186 0.367966
vt 0.780434 0.276437
vt 0.856464 0.368120
vt 0.745144 0.276766
vt 0.891753 0.368585
vt 0.445945 0.791988
vt 0.745150 0.276370
vt 0.445415 0.767750
vt 0.780437 0.276042
vt 0.445228 0.743519
vt 0.815711 0.275917
vt 0.445436 0.719288
vt 0.850985 0.276010
vt 0.445988 0.695047
vt 0.886273 0.276306
vt 0.445650 0.791983
vt 0.445121 0.767747
vt 0.444935 0.743520
vt 0.445142 0.719292
vt 0.445693 0.695053
vt 0.445315 0.791977
vt 0.884648 0.266431
vt 0.444787 0.767743
vt 0.849368 0.265973
vt 0.444602 0.743521
vt 0.814106 0.265821
vt 0.444808 0.719298
vt 0.778844 0.266005
vt 0.445357 0.695062
vt 0.743564 0.266494
vt 0.445915 0.696241
vt 0.800705 0.696073
vt 0.445304 0.720398
vt 0.800935 0.720432
vt 0.445042 0.744545
vt 0.800814 0.744774
vt 0.445180 0.768693
vt 0.800287 0.769110
vt 0.445666 0.792852
vt 0.799409 0.793451
vt 0.743615 0.262664
vt 0.445282 0.792849
vt 0.778868 0.262177
vt 0.444796 0.768690
vt 0.814102 0.261994
vt 0.444659 0.744544
vt 0.849337 0.262145
vt 0.444921 0.720399
vt 0.884589 0.262600
vt 0.445531 0.696243
vt 0.743611 0.262213
vt 0.778866 0.261728
vt 0.814102 0.261546
vt 0.849338 0.261697
vt 0.884593 0.262150
vt 0.743600 0.261631
vt 0.778861 0.261146
vt 0.814102 0.260964
vt 0.849342 0.261115
vt 0.884604 0.261567
vt 0.797212 0.793757
vt 0.445070 0.788745
vt 0.797823 0.769601
vt 0.444843 0.764390
vt 0.798085 0.745454
vt 0.444965 0.740048
vt 0.797947 0.721306
vt 0.445490 0.715711
vt 0.797461 0.697147
vt 0.446366 0.691367
vt 0.743620 0.269325
vt 0.797845 0.697150
vt 0.778873 0.268839
vt 0.798331 0.721309
vt 0.814107 0.268655
vt 0.798468 0.745455
vt 0.849341 0.268807
vt 0.798206 0.769600
vt 0.884594 0.269262
vt 0.797596 0.793756
vt 0.743616 0.268875
vt 0.778871 0.268390
vt 0.814107 0.268207
vt 0.849342 0.268358
vt 0.884598 0.268811
vt 0.743604 0.268292
vt 0.778866 0.267808
vt 0.814106 0.267626
vt 0.849347 0.267776
vt 0.884609 0.268229
vt 0.140320 0.749071
vt 0.119832 0.748706
vt 0.099245 0.748505
vt 0.078658 0.748493
vt 0.058173 0.748646
vt 0.140532 0.775856
vt 0.119867 0.775594
vt 0.099092 0.775428
vt 0.078318 0.775379
vt 0.057660 0.775427
vt 0.140624 0.802381
vt 0.119842 0.802238
vt 0.098942 0.802112
vt 0.078045 0.802022
vt 0.057274 0.801950
vt 0.140568 0.828569
vt 0.119745 0.828461
vt 0.098801 0.828352
vt 0.077861 0.828244
vt 0.057050 0.828136
vt 0.140352 0.854755
vt 0.119570 0.854684
vt 0.098670 0.854593
vt 0.077774 0.854467
vt 0.057002 0.854324
vt 0.139986 0.881278
vt 0.119320 0.881326
vt 0.098544 0.881277
vt 0.077771 0.881111
vt 0.057114 0.880849
vt 0.139497 0.908060
vt 0.119006 0.908212
vt 0.098418 0.908200
vt 0.077833 0.907999
vt 0.057350 0.907634
vt 0.525793 0.693682
vt 0.525273 0.718667
vt 0.524987 0.743785
vt 0.524973 0.768905
vt 0.525195 0.793895
vt 0.558572 0.693389
vt 0.558200 0.718615
vt 0.557965 0.743987
vt 0.557896 0.769360
vt 0.557967 0.794586
vt 0.591006 0.693263
vt 0.590795 0.718648
vt 0.590615 0.744189
vt 0.590490 0.769729
vt 0.590398 0.795110
vt 0.622956 0.693342
vt 0.622799 0.718784
vt 0.622644 0.744383
vt 0.622493 0.769980
vt 0.622346 0.795416
vt 0.654909 0.693643
vt 0.654808 0.719029
vt 0.654679 0.744570
vt 0.654503 0.770109
vt 0.654301 0.795490
vt 0.687354 0.694154
vt 0.687417 0.719383
vt 0.687345 0.744756
vt 0.687114 0.770129
vt 0.686750 0.795352
vt 0.720148 0.694838
vt 0.720363 0.719827
vt 0.720346 0.744946
vt 0.720063 0.770064
vt 0.719550 0.795050
vt 0.474606 0.543976
vt 0.469322 0.563880
vt 0.464246 0.583782
vt 0.459377 0.603684
vt 0.454673 0.623585
vt 0.351462 0.667715
vt 0.453894 0.623557
vt 0.370063 0.664900
vt 0.458595 0.603655
vt 0.388721 0.662225
vt 0.463461 0.583752
vt 0.407451 0.659728
vt 0.468534 0.563849
vt 0.426254 0.657408
vt 0.473817 0.543944
vt 0.429241 0.645911
vt 0.349471 0.657327
vt 0.408863 0.648460
vt 0.368073 0.654508
vt 0.388468 0.651043
vt 0.386732 0.651832
vt 0.368051 0.653678
vt 0.405463 0.649334
vt 0.347610 0.656377
vt 0.424268 0.647016
vt 0.429278 0.646681
vt 0.408899 0.649232
vt 0.388502 0.651816
vt 0.368082 0.654453
vt 0.347639 0.657153
vt 0.346778 0.826993
vt 0.367192 0.829900
vt 0.387584 0.832744
vt 0.407954 0.835535
vt 0.428306 0.838292
vt 0.424788 0.837820
vt 0.428261 0.839062
vt 0.405491 0.834653
vt 0.407911 0.836307
vt 0.386133 0.831632
vt 0.387543 0.833517
vt 0.366696 0.828795
vt 0.367153 0.830675
vt 0.347180 0.826143
vt 0.346741 0.827768
vt 0.452487 0.861996
vt 0.424604 0.838357
vt 0.456625 0.882045
vt 0.405307 0.835193
vt 0.460928 0.902101
vt 0.385950 0.832174
vt 0.465439 0.922164
vt 0.366514 0.829337
vt 0.470158 0.942236
vt 0.347000 0.826685
vt 0.453266 0.861985
vt 0.457408 0.882035
vt 0.461714 0.902090
vt 0.466227 0.922153
vt 0.470948 0.942223
vt 0.899001 0.661487
vt 0.878729 0.658705
vt 0.858479 0.655985
vt 0.838251 0.653318
vt 0.818042 0.650685
vt 0.792759 0.624613
vt 0.818082 0.649921
vt 0.788678 0.605141
vt 0.838290 0.652553
vt 0.784434 0.585664
vt 0.858516 0.655218
vt 0.779987 0.566181
vt 0.878763 0.657936
vt 0.775334 0.546692
vt 0.899033 0.660718
vt 0.794207 0.626197
vt 0.781257 0.624364
vt 0.789813 0.606225
vt 0.777172 0.604893
vt 0.785254 0.586249
vt 0.772927 0.585418
vt 0.780487 0.566270
vt 0.768480 0.565937
vt 0.775510 0.546285
vt 0.763829 0.546449
vt 0.793429 0.626214
vt 0.789031 0.606242
vt 0.784468 0.586267
vt 0.779699 0.566288
vt 0.774720 0.546305
vt 0.771009 0.948369
vt 0.776548 0.928509
vt 0.781879 0.908648
vt 0.787003 0.888786
vt 0.791962 0.868923
vt 0.815110 0.840879
vt 0.792739 0.868965
vt 0.835225 0.837899
vt 0.787784 0.888829
vt 0.855400 0.835071
vt 0.782663 0.908691
vt 0.875654 0.832434
vt 0.777335 0.928553
vt 0.895987 0.829989
vt 0.771797 0.948414
vt 0.818082 0.841594
vt 0.818098 0.839893
vt 0.838290 0.838963
vt 0.838212 0.836910
vt 0.858516 0.836297
vt 0.858389 0.834080
vt 0.878763 0.833579
vt 0.878644 0.831442
vt 0.899033 0.830797
vt 0.898979 0.828999
vt 0.818042 0.840831
vt 0.838251 0.838197
vt 0.858479 0.835530
vt 0.878729 0.832810
vt 0.899001 0.830028
vt 0.429671 0.669819
vt 0.409256 0.670500
vt 0.388815 0.671210
vt 0.368345 0.671968
vt 0.347849 0.672785
vt 0.503817 0.545135
vt 0.501837 0.565308
vt 0.500036 0.585456
vt 0.498415 0.605600
vt 0.496940 0.625740
vt 0.495576 0.861010
vt 0.496484 0.881206
vt 0.497536 0.901412
vt 0.498768 0.921629
vt 0.500180 0.941877
vt 0.347146 0.811363
vt 0.367633 0.812388
vt 0.388094 0.813353
vt 0.408527 0.814271
vt 0.428934 0.815159
vt 0.751136 0.627713
vt 0.749969 0.607552
vt 0.748659 0.587385
vt 0.747167 0.567212
vt 0.745497 0.547011
vt 0.898714 0.676998
vt 0.878379 0.676084
vt 0.858070 0.675229
vt 0.837790 0.674421
vt 0.817535 0.673643
vt 0.741816 0.946827
vt 0.744055 0.926653
vt 0.746114 0.906504
vt 0.747993 0.886358
vt 0.749727 0.866215
vt 0.817535 0.817872
vt 0.837790 0.817093
vt 0.858070 0.816285
vt 0.878379 0.815430
vt 0.898714 0.814516
vt 0.719130 0.629042
vt 0.718293 0.608763
vt 0.717351 0.588446
vt 0.716274 0.568037
vt 0.715061 0.547588
vt 0.687137 0.630215
vt 0.686595 0.609788
vt 0.686010 0.589225
vt 0.685350 0.568586
vt 0.684615 0.547933
vt 0.655494 0.630952
vt 0.655242 0.610361
vt 0.654993 0.589634
vt 0.654742 0.568842
vt 0.654487 0.548052
vt 0.624006 0.631052
vt 0.624165 0.610404
vt 0.624325 0.589622
vt 0.624485 0.568777
vt 0.624645 0.547940
vt 0.592523 0.630464
vt 0.593092 0.609879
vt 0.593660 0.589158
vt 0.594229 0.568372
vt 0.594803 0.547589
vt 0.560895 0.629236
vt 0.561751 0.608819
vt 0.562652 0.588268
vt 0.563628 0.567641
vt 0.564680 0.547002
vt 0.528922 0.627566
vt 0.530071 0.607303
vt 0.531325 0.587002
vt 0.532715 0.566613
vt 0.534242 0.546185
vt 0.527597 0.860074
vt 0.528175 0.880383
vt 0.528856 0.900735
vt 0.529671 0.921182
vt 0.530622 0.941674
vt 0.559604 0.859294
vt 0.559884 0.879748
vt 0.560206 0.900340
vt 0.560600 0.921013
vt 0.561070 0.941703
vt 0.591254 0.858950
vt 0.591243 0.879563
vt 0.591226 0.900315
vt 0.591210 0.921136
vt 0.591197 0.941958
vt 0.622741 0.859247
vt 0.622318 0.879912
vt 0.621892 0.900713
vt 0.621464 0.921582
vt 0.621037 0.942446
vt 0.654214 0.860239
vt 0.653381 0.880836
vt 0.652548 0.901571
vt 0.651712 0.922376
vt 0.650871 0.943180
vt 0.685823 0.861879
vt 0.684706 0.882304
vt 0.683541 0.902866
vt 0.682301 0.923506
vt 0.680984 0.944159
vt 0.717771 0.863969
vt 0.716362 0.884237
vt 0.714849 0.904544
vt 0.713197 0.924941
vt 0.711408 0.945377
vt 0.817070 0.793867
vt 0.837339 0.793378
vt 0.857640 0.792866
vt 0.877978 0.792313
vt 0.898347 0.791709
vt 0.816749 0.769834
vt 0.837027 0.769607
vt 0.857342 0.769355
vt 0.877699 0.769079
vt 0.898095 0.768777
vt 0.816635 0.745757
vt 0.836915 0.745757
vt 0.857234 0.745757
vt 0.877600 0.745757
vt 0.898007 0.745757
vt 0.816749 0.721680
vt 0.837027 0.721907
vt 0.857342 0.722158
vt 0.877699 0.722435
vt 0.898095 0.722738
vt 0.817070 0.697647
vt 0.837339 0.698136
vt 0.857640 0.698648
vt 0.877978 0.699200
vt 0.898347 0.699805
vt 0.430017 0.694011
vt 0.409589 0.694400
vt 0.389129 0.694812
vt 0.368632 0.695264
vt 0.348102 0.695769
vt 0.430217 0.718230
vt 0.409781 0.718355
vt 0.389309 0.718505
vt 0.368793 0.718680
vt 0.348239 0.718880
vt 0.430209 0.742493
vt 0.409772 0.742389
vt 0.389297 0.742286
vt 0.368775 0.742182
vt 0.348210 0.742078
vt 0.429970 0.766755
vt 0.409538 0.766423
vt 0.389068 0.766065
vt 0.368555 0.765683
vt 0.348004 0.765274
vt 0.429525 0.790971
vt 0.409102 0.790375
vt 0.388647 0.789756
vt 0.368156 0.789095
vt 0.347632 0.788382
s 1
usemtl Ottoman
f 1082/1854/1 134/319/2 162/375/3 1122/1894/4
f 42/125/5 66/165/6 22/73/7 6/16/8
f 434/872/9 32/97/10 147/344/11 517/990/12
f 158/365/13 30/95/14 142/336/15 116/280/16
f 39/116/17 50/141/18 14/45/19 5/12/20
f 1106/1878/21 157/363/22 115/279/23 1031/1773/24
f 22/70/7 26/85/25 99/239/26 89/209/27
f 32/97/10 161/372/28 133/316/29 147/344/11
f 1121/1893/30 146/342/31 132/315/32 1071/1833/33
f 148/346/34 124/296/35 166/381/36 31/96/37
f 69/170/38 36/108/39 8/24/40 23/76/41
f 35/103/42 48/139/43 46/135/44 167/382/45 169/384/46
f 14/43/19 25/82/47 103/251/48 91/215/49
f 448/886/50 28/92/51 16/51/52 419/850/53
f 61/158/54 39/117/17 5/13/20 21/67/55
f 525/1006/56 148/346/34 31/96/37 427/865/57
f 1116/1888/58 165/378/59 123/295/60 1051/1803/61
f 1242/2014/62 802/1450/63 157/363/22 1106/1878/21
f 36/107/39 58/153/64 16/54/52 8/25/40
f 483/935/65 53/146/66 15/47/67 413/837/68
f 1042/1794/69 117/283/70 143/338/71 1097/1869/72
f 1192/1964/73 518/992/74 146/342/31 1121/1893/30
f 1157/1929/75 532/1020/76 150/350/77 1096/1868/78
f 1006/1738/79 756/1378/80 32/97/10 434/872/9
f 1022/1764/81 107/262/82 155/360/83 1087/1859/84
f 756/1378/80 807/1460/85 161/372/28 32/97/10
f 406/824/86 13/39/87 27/90/88 441/879/89
f 971/1703/90 746/1368/91 28/92/51 448/886/50
f 25/83/47 21/66/55 101/245/92 103/252/48
f 731/1348/93 741/1363/94 26/87/25 22/71/7
f 45/134/95 33/99/96 7/20/97 13/40/87
f 19/62/98 20/63/99 17/55/100 18/59/101
f 455/893/102 45/134/95 13/40/87 406/823/86
f 801/1448/103 751/1373/104 30/95/14 158/365/13
f 28/91/51 23/74/41 102/248/105 100/242/106
f 746/1368/91 732/1350/107 23/75/41 28/92/51
f 33/98/96 74/177/108 24/80/109 7/21/97
f 777/1409/110 69/170/38 23/76/41 732/1349/107
f 53/146/66 42/126/5 6/17/8 15/47/67
f 757/1379/111 61/158/54 21/67/55 727/1339/112
f 1062/1824/113 125/299/114 149/349/115 1107/1879/116
f 1217/1989/117 812/1470/118 165/378/59 1116/1888/58
f 66/165/6 42/125/5 43/127/119 68/169/120
f 462/901/121 52/145/122 11/35/123 392/796/124
f 50/141/18 39/116/17 40/118/125 52/144/122
f 76/181/126 34/102/127 77/184/128 78/186/129
f 44/130/130 56/151/131 54/147/132 182/415/133 184/417/134
f 58/153/64 36/107/39 37/109/135 60/156/136
f 762/1385/137 68/168/120 19/61/98 722/1330/138
f 41/121/139 64/163/140 62/159/141 177/404/142 179/406/143
f 74/177/108 33/98/96 34/100/127 76/180/126
f 56/150/131 44/131/130 17/56/100 84/199/144
f 38/112/145 72/175/146 70/171/147 172/393/148 174/395/149
f 33/99/96 45/134/95 47/136/150 34/101/127
f 68/168/120 43/129/119 20/64/99 19/61/98
f 75/178/151 35/104/42 169/386/46 168/383/152 73/176/153
f 461/899/154 50/141/18 52/144/122 462/900/121
f 72/174/146 38/113/145 1/1/155 88/207/156
f 469/915/157 51/142/158 49/140/159 476/928/160
f 42/126/5 53/146/66 55/149/161 43/128/119
f 43/129/119 55/148/161 83/197/162 20/64/99
f 67/166/163 44/132/130 184/419/134 183/416/164 65/164/165
f 489/941/166 58/153/64 60/156/136 490/943/167
f 41/122/139 51/143/158 10/33/168 9/28/169
f 497/957/170 59/154/171 57/152/172 504/970/173
f 39/117/17 61/158/54 63/160/174 40/119/125
f 37/110/135 71/172/175 87/205/176 4/9/177
f 51/142/158 41/123/139 179/408/143 178/405/178 49/140/159
f 761/1383/179 66/165/6 68/169/120 762/1384/137
f 60/157/136 37/110/135 4/9/177 3/8/180
f 767/1395/181 67/166/163 65/164/165 772/1404/182
f 36/108/39 69/170/38 71/173/175 37/111/135
f 503/968/183 56/150/131 84/199/144 391/794/184
f 59/154/171 38/114/145 174/397/149 173/394/185 57/152/172
f 781/1413/186 74/177/108 76/180/126 782/1415/187
f 791/1433/188 72/174/146 88/207/156 711/1308/189
f 787/1424/190 75/178/151 73/176/153 792/1434/191
f 1096/1868/78 150/350/77 105/258/192 1011/1743/193
f 11/34/123 12/36/194 9/29/169 10/32/168
f 3/7/180 4/10/177 1/2/155 2/5/144
f 78/185/129 77/182/128 80/189/195 79/187/196
f 77/183/128 81/193/197 82/196/198 80/190/195
f 392/795/124 11/34/123 10/32/168 399/810/199
f 20/65/99 83/198/162 84/200/144 17/57/100
f 420/852/200 3/7/180 2/5/144 385/781/201
f 12/37/194 85/201/202 86/204/203 9/30/169
f 722/1329/138 19/62/98 18/59/101 712/1310/204
f 4/11/177 87/206/176 88/208/156 1/3/155
f 717/1320/205 78/185/129 79/187/196 707/1299/206
f 38/115/145 59/155/171 2/6/144 1/4/155
f 771/1402/207 64/162/140 86/203/203 716/1317/208
f 475/926/209 48/138/43 82/195/198 405/821/210
f 40/120/125 63/161/174 85/202/202 12/38/194
f 34/102/127 47/137/150 81/194/197 77/184/128
f 52/145/122 40/120/125 12/38/194 11/35/123
f 44/133/130 67/167/163 18/60/101 17/58/100
f 35/105/42 75/179/151 79/188/196 80/191/195
f 64/162/140 41/124/139 9/31/169 86/203/203
f 782/1414/187 76/181/126 78/186/129 717/1319/205
f 48/138/43 35/106/42 80/192/195 82/195/198
f 490/942/167 60/157/136 3/8/180 420/851/200
f 100/243/106 102/249/105 94/224/211 93/221/212
f 89/210/27 99/240/26 98/236/213 90/212/214
f 92/218/215 91/216/49 103/253/48 101/246/92
f 97/233/216 96/230/217 95/227/218 104/254/219
f 26/86/25 15/48/67 98/237/213 99/241/26
f 6/18/8 22/72/7 89/211/27 90/213/214
f 16/52/52 28/93/51 100/244/106 93/222/212
f 5/14/20 14/44/19 91/217/49 92/219/215
f 13/41/87 7/22/97 96/231/217 97/234/216
f 27/88/88 13/42/87 97/235/216 104/255/219
f 8/26/40 16/53/52 93/223/212 94/225/211
f 7/23/97 24/78/109 95/228/218 96/232/217
f 21/68/55 5/15/20 92/220/215 101/247/92
f 15/49/67 6/19/8 90/214/214 98/238/213
f 24/79/109 27/89/88 104/256/219 95/229/218
f 23/77/41 8/27/40 94/226/211 102/250/105
f 112/273/220 110/269/221 224/504/222
f 201/457/223 197/448/224 309/653/225 298/635/226
f 223/502/227 240/528/228 381/775/229 345/718/230
f 108/263/231 223/502/227 224/503/222 110/268/221
f 257/566/232 242/533/233 111/272/234 225/505/235
f 114/277/236 111/271/234 110/269/221 112/273/220
f 202/460/237 203/462/238 289/621/239 293/627/240
f 129/308/241 126/300/242 119/287/243
f 301/641/244 297/634/245 119/287/243 120/288/246
f 200/456/247 201/457/223 298/635/226 302/642/248
f 122/293/249 120/288/246 119/287/243 126/300/242
f 265/580/250 246/542/251 128/307/252 229/511/253
f 130/310/254 128/306/252 126/301/242 129/309/241
f 197/448/224 198/451/255 305/647/256 309/653/225
f 144/339/257 140/330/258 136/323/259
f 317/669/260 313/662/261 136/323/259 137/324/262
f 195/445/263 196/447/264 314/663/265 318/670/266
f 138/326/267 137/324/262 136/323/259 140/330/258
f 261/573/268 250/551/269 141/334/270 227/508/271
f 145/341/272 141/333/270 140/331/258 144/340/257
f 192/438/273 193/440/274 321/675/275 325/681/276
f 163/376/277 159/368/278 152/355/279
f 333/699/280 329/691/281 152/354/279 153/356/282
f 190/434/283 191/436/284 330/692/285 334/700/286
f 156/362/287 153/356/282 152/354/279 159/367/278
f 269/587/288 254/560/289 160/371/290 231/514/291
f 164/377/292 160/370/290 159/368/278 163/376/277
f 187/427/293 188/429/294 337/705/295 341/711/296
f 167/382/45 170/389/297 169/384/46
f 170/387/297 171/390/298 169/385/46
f 171/391/298 168/383/152 169/386/46
f 172/393/148 175/400/299 174/395/149
f 175/398/299 176/401/300 174/396/149
f 176/402/300 173/394/185 174/397/149
f 177/404/142 180/411/301 179/406/143
f 180/409/301 181/412/302 179/407/143
f 181/413/302 178/405/178 179/408/143
f 182/415/133 185/422/303 184/417/134
f 185/420/303 186/423/304 184/418/134
f 186/424/304 183/416/164 184/419/134
f 155/359/83 107/261/82 190/433/283 220/496/305
f 166/380/36 124/297/35 199/452/306 211/478/307
f 116/281/16 142/335/15 215/487/308 194/441/309
f 121/289/310 118/284/311 192/437/273 196/446/264
f 147/345/11 133/317/29 204/463/312 207/470/313
f 811/1467/314 166/380/36 211/478/307 831/1508/315
f 105/257/192 150/351/77 214/485/316 188/428/294
f 162/374/3 134/318/2 205/466/317 222/500/318
f 115/278/23 157/364/22 210/477/319 193/439/274
f 117/282/70 121/289/310 196/446/264 195/444/263
f 124/297/35 148/347/34 217/491/320 199/452/306
f 118/284/311 115/278/23 193/439/274 192/437/273
f 524/1003/321 143/337/71 216/488/322 552/1060/323
f 139/327/324 135/320/325 202/459/237 206/468/326
f 113/274/327 109/265/328 187/426/293 191/435/284
f 106/259/329 154/357/330 219/495/331 189/430/332
f 538/1031/333 149/348/115 218/492/334 566/1088/335
f 151/352/336 106/259/329 189/430/332 213/482/337
f 134/318/2 139/327/324 206/468/326 205/466/317
f 517/989/12 147/345/11 207/470/313 545/1046/338
f 158/366/13 116/281/16 194/441/309 209/474/339
f 107/261/82 113/274/327 191/435/284 190/433/283
f 135/320/325 132/314/32 203/461/238 202/459/237
f 133/317/29 161/373/28 221/499/340 204/463/312
f 109/265/328 105/257/192 188/428/294 187/426/293
f 143/337/71 117/282/70 195/444/263 216/488/322
f 123/294/60 165/379/59 212/481/341 198/450/255
f 806/1457/342 155/359/83 220/496/305 826/1498/343
f 132/314/32 146/343/31 208/473/344 203/461/238
f 531/1017/345 151/352/336 213/482/337 559/1074/346
f 131/311/347 127/303/348 197/449/224 201/458/223
f 149/348/115 125/298/114 200/455/247 218/492/334
f 816/1477/349 162/374/3 222/500/318 836/1518/350
f 125/298/114 131/311/347 201/458/223 200/455/247
f 801/1447/103 158/366/13 209/474/339 821/1488/351
f 127/303/348 123/294/60 198/450/255 197/449/224
f 1011/1743/193 105/258/192 109/266/328 1012/1745/352
f 1012/1744/352 109/267/328 113/275/327 1017/1755/353
f 1017/1754/353 113/276/327 107/262/82 1022/1764/81
f 1031/1773/24 115/279/23 118/285/311 1032/1775/354
f 1032/1774/354 118/286/311 121/290/310 1037/1785/355
f 1037/1784/355 121/291/310 117/283/70 1042/1794/69
f 1051/1803/61 123/295/60 127/304/348 1052/1805/356
f 1052/1804/356 127/305/348 131/312/347 1057/1815/357
f 1057/1814/357 131/313/347 125/299/114 1062/1824/113
f 1071/1833/33 132/315/32 135/321/325 1072/1835/358
f 1072/1834/358 135/322/325 139/328/324 1077/1845/359
f 1077/1844/359 139/329/324 134/319/2 1082/1854/1
f 106/260/329 151/353/336 29/94/360 154/358/330
f 232/516/361 164/377/292 338/707/362 366/753/363
f 313/662/261 326/683/364 144/339/257 136/323/259
f 250/551/269 274/595/365 233/517/366 138/325/267
f 209/475/339 194/442/309 249/547/367 262/574/368
f 246/542/251 278/602/369 235/520/370 122/292/249
f 892/1600/371 265/579/250 229/512/253 847/1529/372
f 137/324/262 234/519/373 369/757/374 317/669/260
f 205/467/317 206/469/326 350/726/375 346/719/376
f 345/718/230 349/725/377 224/503/222 223/502/227
f 193/440/274 210/476/319 357/740/378 321/675/275
f 191/436/284 187/427/293 341/711/296 330/692/285
f 211/479/307 199/453/306 245/538/379 266/581/380
f 349/724/377 294/629/381 112/273/220 224/504/222
f 574/1096/382 226/507/383 354/735/384 678/1256/385
f 329/690/281 342/713/386 163/376/277 152/355/279
f 213/483/337 189/431/332 253/556/387 270/588/388
f 222/501/318 205/467/317 346/719/376 382/776/389
f 153/356/282 238/525/390 377/769/391 333/699/280
f 203/462/238 208/472/344 353/734/392 289/621/239
f 588/1110/393 232/516/361 366/753/363 706/1298/394
f 545/1045/338 207/471/313 258/567/395 601/1130/396
f 188/429/294 214/484/316 365/752/397 337/705/295
f 616/1153/398 257/565/232 225/506/235 567/1089/399
f 254/560/289 282/609/400 237/523/401 156/361/287
f 207/471/313 204/464/312 241/529/402 258/567/395
f 228/510/403 145/341/272 322/677/404 358/741/405
f 297/634/245 310/655/406 129/308/241 119/287/243
f 196/447/264 192/438/273 325/681/276 314/663/265
f 842/1524/407 228/510/403 358/741/405 916/1638/408
f 206/469/326 202/460/237 293/627/240 350/726/375
f 644/1202/409 269/586/288 231/515/291 581/1103/410
f 120/288/246 236/522/411 373/763/412 301/641/244
f 230/513/413 130/310/254 306/649/414 362/747/415
f 198/451/255 212/480/341 361/746/416 305/647/256
f 852/1534/417 230/513/413 362/747/415 936/1668/418
f 872/1565/419 261/572/268 227/509/271 837/1519/420
f 204/465/312 221/498/340 285/615/421 241/530/402
f 225/506/235 111/271/234 114/277/236 226/507/383
f 290/623/422 114/277/236 112/273/220 294/629/381
f 194/443/309 215/486/308 273/594/423 249/548/367
f 227/509/271 141/333/270 145/341/272 228/510/403
f 322/677/404 145/341/272 144/340/257 326/684/364
f 199/454/306 217/490/320 277/601/424 245/539/379
f 229/512/253 128/306/252 130/310/254 230/513/413
f 306/649/414 130/310/254 129/309/241 310/656/406
f 189/432/332 219/494/331 281/608/425 253/557/387
f 231/515/291 160/370/290 164/377/292 232/516/361
f 338/707/362 164/377/292 163/376/277 342/713/386
f 250/551/269 138/325/267 140/332/258 141/334/270
f 138/326/267 233/518/366 234/519/373 137/324/262
f 216/489/322 195/445/263 318/670/266 370/758/426
f 821/1487/351 209/475/339 262/574/368 861/1548/427
f 567/1089/399 225/506/235 226/507/383 574/1096/382
f 826/1497/343 220/497/305 378/770/428 901/1618/429
f 246/542/251 122/292/249 126/302/242 128/307/252
f 122/293/249 235/521/370 236/522/411 120/288/246
f 218/493/334 200/456/247 302/642/248 374/764/430
f 581/1103/410 231/515/291 232/516/361 588/1110/393
f 254/560/289 156/361/287 159/369/278 160/371/290
f 156/362/287 237/524/401 238/525/390 153/356/282
f 220/497/305 190/434/283 334/700/286 378/770/428
f 831/1507/315 211/479/307 266/581/380 881/1583/431
f 837/1519/420 227/509/271 228/510/403 842/1524/407
f 836/1517/350 222/501/318 382/776/389 921/1648/432
f 242/533/233 108/264/231 110/270/221 111/272/234
f 108/263/231 239/527/433 240/528/228 223/502/227
f 552/1059/323 216/489/322 370/758/426 657/1228/434
f 559/1073/346 213/483/337 270/588/388 629/1179/435
f 847/1529/372 229/512/253 230/513/413 852/1534/417
f 566/1087/335 218/493/334 374/764/430 685/1270/436
f 258/568/395 241/531/402 243/534/437 260/570/438
f 260/571/438 243/536/437 244/537/439 259/569/440
f 259/569/440 244/537/439 242/533/233 257/566/232
f 262/575/368 249/549/367 251/552/441 264/577/442
f 264/578/442 251/554/441 252/555/443 263/576/444
f 263/576/444 252/555/443 250/551/269 261/573/268
f 266/582/380 245/540/379 247/543/445 268/584/446
f 268/585/446 247/545/445 248/546/447 267/583/448
f 267/583/448 248/546/447 246/542/251 265/580/250
f 270/589/388 253/558/387 255/561/449 272/591/450
f 272/592/450 255/563/449 256/564/451 271/590/452
f 271/590/452 256/564/451 254/560/289 269/587/288
f 249/550/367 273/593/423 275/598/453 251/553/441
f 251/554/441 275/597/453 276/599/454 252/555/443
f 252/555/443 276/599/454 274/595/365 250/551/269
f 601/1129/396 258/568/395 260/570/438 602/1132/455
f 602/1131/455 260/571/438 259/569/440 609/1145/456
f 609/1145/456 259/569/440 257/566/232 616/1152/398
f 245/541/379 277/600/424 279/605/457 247/544/445
f 247/545/445 279/604/457 280/606/458 248/546/447
f 248/546/447 280/606/458 278/602/369 246/542/251
f 629/1178/435 270/589/388 272/591/450 630/1181/459
f 630/1180/459 272/592/450 271/590/452 637/1194/460
f 637/1194/460 271/590/452 269/587/288 644/1201/409
f 253/559/387 281/607/425 283/612/461 255/562/449
f 255/563/449 283/611/461 284/613/462 256/564/451
f 256/564/451 284/613/462 282/609/400 254/560/289
f 861/1547/427 262/575/368 264/577/442 862/1550/463
f 862/1549/463 264/578/442 263/576/444 867/1559/464
f 867/1559/464 263/576/444 261/573/268 872/1564/419
f 241/532/402 285/614/421 287/619/465 243/535/437
f 243/536/437 287/618/465 288/620/466 244/537/439
f 244/537/439 288/620/466 286/616/467 242/533/233
f 881/1582/431 266/582/380 268/584/446 882/1585/468
f 882/1584/468 268/585/446 267/583/448 887/1594/469
f 887/1594/469 267/583/448 265/580/250 892/1599/371
f 242/533/233 286/616/467 239/526/433 108/264/231
f 350/727/375 293/628/240 295/630/470 352/731/471
f 352/731/471 295/630/470 296/632/472 351/728/473
f 351/729/473 296/633/472 294/629/381 349/724/377
f 346/720/376 350/727/375 352/731/471 348/722/474
f 348/723/474 352/732/471 351/730/473 347/721/475
f 347/721/475 351/730/473 349/725/377 345/718/230
f 293/628/240 289/622/239 291/624/476 295/630/470
f 295/631/470 291/625/476 292/626/477 296/633/472
f 296/633/472 292/626/477 290/623/422 294/629/381
f 298/636/226 309/654/225 311/657/478 300/639/479
f 300/639/479 311/657/478 312/659/480 299/637/481
f 299/638/481 312/660/480 310/655/406 297/634/245
f 302/643/248 298/636/226 300/639/479 304/645/482
f 304/646/482 300/640/479 299/638/481 303/644/483
f 303/644/483 299/638/481 297/634/245 301/641/244
f 309/654/225 305/648/256 307/650/484 311/657/478
f 311/658/478 307/651/484 308/652/485 312/661/480
f 312/661/480 308/652/485 306/649/414 310/656/406
f 314/664/265 325/682/276 327/685/486 316/667/487
f 316/667/487 327/685/486 328/687/488 315/665/489
f 315/666/489 328/688/488 326/683/364 313/662/261
f 318/671/266 314/664/265 316/667/487 320/673/490
f 320/674/490 316/668/487 315/666/489 319/672/491
f 319/672/491 315/666/489 313/662/261 317/669/260
f 325/682/276 321/676/275 323/678/492 327/685/486
f 327/686/486 323/679/492 324/680/493 328/689/488
f 328/689/488 324/680/493 322/677/404 326/684/364
f 330/693/285 341/712/296 343/714/494 332/697/495
f 332/697/495 343/714/494 344/716/496 331/694/497
f 331/695/497 344/717/496 342/713/386 329/690/281
f 334/701/286 330/693/285 332/697/495 336/703/498
f 336/704/498 332/698/495 331/696/497 335/702/499
f 335/702/499 331/696/497 329/691/281 333/699/280
f 341/712/296 337/706/295 339/708/500 343/714/494
f 343/715/494 339/709/500 340/710/501 344/717/496
f 344/717/496 340/710/501 338/707/362 342/713/386
f 289/622/239 353/733/392 355/737/502 291/624/476
f 291/625/476 355/736/502 356/738/503 292/626/477
f 292/626/477 356/738/503 354/735/384 290/623/422
f 321/676/275 357/739/378 359/743/504 323/678/492
f 323/679/492 359/742/504 360/744/505 324/680/493
f 324/680/493 360/744/505 358/741/405 322/677/404
f 305/648/256 361/745/416 363/749/506 307/650/484
f 307/651/484 363/748/506 364/750/507 308/652/485
f 308/652/485 364/750/507 362/747/415 306/649/414
f 337/706/295 365/751/397 367/755/508 339/708/500
f 339/709/500 367/754/508 368/756/509 340/710/501
f 340/710/501 368/756/509 366/753/363 338/707/362
f 370/759/426 318/671/266 320/673/490 372/761/510
f 372/762/510 320/674/490 319/672/491 371/760/511
f 371/760/511 319/672/491 317/669/260 369/757/374
f 657/1227/434 370/759/426 372/761/510 658/1230/512
f 658/1229/512 372/762/510 371/760/511 665/1243/513
f 665/1243/513 371/760/511 369/757/374 672/1250/514
f 374/765/430 302/643/248 304/645/482 376/767/515
f 376/768/515 304/646/482 303/644/483 375/766/516
f 375/766/516 303/644/483 301/641/244 373/763/412
f 685/1269/436 374/765/430 376/767/515 686/1272/517
f 686/1271/517 376/768/515 375/766/516 693/1285/518
f 693/1285/518 375/766/516 373/763/412 700/1292/519
f 378/771/428 334/701/286 336/703/498 380/773/520
f 380/774/520 336/704/498 335/702/499 379/772/521
f 379/772/521 335/702/499 333/699/280 377/769/391
f 901/1617/429 378/771/428 380/773/520 902/1620/522
f 902/1619/522 380/774/520 379/772/521 907/1629/523
f 907/1629/523 379/772/521 377/769/391 912/1634/524
f 382/777/389 346/720/376 348/722/474 384/779/525
f 384/780/525 348/723/474 347/721/475 383/778/526
f 383/778/526 347/721/475 345/718/230 381/775/229
f 921/1647/432 382/777/389 384/779/525 922/1650/527
f 922/1649/527 384/780/525 383/778/526 927/1659/528
f 927/1659/528 383/778/526 381/775/229 932/1664/529
f 226/507/383 114/277/236 290/623/422 354/735/384
f 368/756/509 699/1291/530 706/1298/394 366/753/363
f 699/1291/530 698/1290/531 705/1297/532 706/1298/394
f 698/1290/531 697/1289/533 704/1296/534 705/1297/532
f 697/1289/533 696/1288/535 703/1295/536 704/1296/534
f 696/1288/535 695/1287/537 702/1294/538 703/1295/536
f 695/1287/537 694/1286/539 701/1293/540 702/1294/538
f 694/1286/539 693/1285/518 700/1292/519 701/1293/540
f 367/754/508 692/1283/541 699/1291/530 368/756/509
f 692/1283/541 691/1281/542 698/1290/531 699/1291/530
f 691/1281/542 690/1279/543 697/1289/533 698/1290/531
f 690/1279/543 689/1277/544 696/1288/535 697/1289/533
f 689/1277/544 688/1275/545 695/1287/537 696/1288/535
f 688/1275/545 687/1273/546 694/1286/539 695/1287/537
f 687/1273/546 686/1271/517 693/1285/518 694/1286/539
f 365/751/397 679/1257/547 692/1284/541 367/755/508
f 679/1257/547 680/1259/548 691/1282/542 692/1284/541
f 680/1259/548 681/1261/549 690/1280/543 691/1282/542
f 681/1261/549 682/1263/550 689/1278/544 690/1280/543
f 682/1263/550 683/1265/551 688/1276/545 689/1278/544
f 683/1265/551 684/1267/552 687/1274/546 688/1276/545
f 684/1267/552 685/1269/436 686/1272/517 687/1274/546
f 356/738/503 671/1249/553 678/1256/385 354/735/384
f 671/1249/553 670/1248/554 677/1255/555 678/1256/385
f 670/1248/554 669/1247/556 676/1254/557 677/1255/555
f 669/1247/556 668/1246/558 675/1253/559 676/1254/557
f 668/1246/558 667/1245/560 674/1252/561 675/1253/559
f 667/1245/560 666/1244/562 673/1251/563 674/1252/561
f 666/1244/562 665/1243/513 672/1250/514 673/1251/563
f 355/736/502 664/1241/564 671/1249/553 356/738/503
f 664/1241/564 663/1239/565 670/1248/554 671/1249/553
f 663/1239/565 662/1237/566 669/1247/556 670/1248/554
f 662/1237/566 661/1235/567 668/1246/558 669/1247/556
f 661/1235/567 660/1233/568 667/1245/560 668/1246/558
f 660/1233/568 659/1231/569 666/1244/562 667/1245/560
f 659/1231/569 658/1229/512 665/1243/513 666/1244/562
f 353/733/392 651/1215/570 664/1242/564 355/737/502
f 651/1215/570 652/1217/571 663/1240/565 664/1242/564
f 652/1217/571 653/1219/572 662/1238/566 663/1240/565
f 653/1219/572 654/1221/573 661/1236/567 662/1238/566
f 654/1221/573 655/1223/574 660/1234/568 661/1236/567
f 655/1223/574 656/1225/575 659/1232/569 660/1234/568
f 656/1225/575 657/1227/434 658/1230/512 659/1232/569
f 280/606/458 643/1200/576 650/1213/577 278/602/369
f 643/1200/576 642/1199/578 649/1211/579 650/1213/577
f 642/1199/578 641/1198/580 648/1209/581 649/1211/579
f 641/1198/580 640/1197/582 647/1207/583 648/1209/581
f 640/1197/582 639/1196/584 646/1205/585 647/1207/583
f 639/1196/584 638/1195/586 645/1203/587 646/1205/585
f 638/1195/586 637/1194/460 644/1201/409 645/1203/587
f 279/604/457 636/1192/588 643/1200/576 280/606/458
f 636/1192/588 635/1190/589 642/1199/578 643/1200/576
f 635/1190/589 634/1188/590 641/1198/580 642/1199/578
f 634/1188/590 633/1186/591 640/1197/582 641/1198/580
f 633/1186/591 632/1184/592 639/1196/584 640/1197/582
f 632/1184/592 631/1182/593 638/1195/586 639/1196/584
f 631/1182/593 630/1180/459 637/1194/460 638/1195/586
f 277/600/424 623/1166/594 636/1193/588 279/605/457
f 623/1166/594 624/1168/595 635/1191/589 636/1193/588
f 624/1168/595 625/1170/596 634/1189/590 635/1191/589
f 625/1170/596 626/1172/597 633/1187/591 634/1189/590
f 626/1172/597 627/1174/598 632/1185/592 633/1187/591
f 627/1174/598 628/1176/599 631/1183/593 632/1185/592
f 628/1176/599 629/1178/435 630/1181/459 631/1183/593
f 276/599/454 615/1151/600 622/1164/601 274/595/365
f 615/1151/600 614/1150/602 621/1162/603 622/1164/601
f 614/1150/602 613/1149/604 620/1160/605 621/1162/603
f 613/1149/604 612/1148/606 619/1158/607 620/1160/605
f 612/1148/606 611/1147/608 618/1156/609 619/1158/607
f 611/1147/608 610/1146/610 617/1154/611 618/1156/609
f 610/1146/610 609/1145/456 616/1152/398 617/1154/611
f 275/597/453 608/1143/612 615/1151/600 276/599/454
f 608/1143/612 607/1141/613 614/1150/602 615/1151/600
f 607/1141/613 606/1139/614 613/1149/604 614/1150/602
f 606/1139/614 605/1137/615 612/1148/606 613/1149/604
f 605/1137/615 604/1135/616 611/1147/608 612/1148/606
f 604/1135/616 603/1133/617 610/1146/610 611/1147/608
f 603/1133/617 602/1131/455 609/1145/456 610/1146/610
f 273/593/423 595/1117/618 608/1144/612 275/598/453
f 595/1117/618 596/1119/619 607/1142/613 608/1144/612
f 596/1119/619 597/1121/620 606/1140/614 607/1142/613
f 597/1121/620 598/1123/621 605/1138/615 606/1140/614
f 598/1123/621 599/1125/622 604/1136/616 605/1138/615
f 599/1125/622 600/1127/623 603/1134/617 604/1136/616
f 600/1127/623 601/1129/396 602/1132/455 603/1134/617
f 214/484/316 560/1075/624 679/1258/547 365/752/397
f 560/1075/624 561/1077/625 680/1260/548 679/1258/547
f 561/1077/625 562/1079/626 681/1262/549 680/1260/548
f 562/1079/626 563/1081/627 682/1264/550 681/1262/549
f 563/1081/627 564/1083/628 683/1266/551 682/1264/550
f 564/1083/628 565/1085/629 684/1268/552 683/1266/551
f 565/1085/629 566/1087/335 685/1270/436 684/1268/552
f 217/490/320 553/1061/630 623/1167/594 277/601/424
f 553/1061/630 554/1063/631 624/1169/595 623/1167/594
f 554/1063/631 555/1065/632 625/1171/596 624/1169/595
f 555/1065/632 556/1067/633 626/1173/597 625/1171/596
f 556/1067/633 557/1069/634 627/1175/598 626/1173/597
f 557/1069/634 558/1071/635 628/1177/599 627/1175/598
f 558/1071/635 559/1073/346 629/1179/435 628/1177/599
f 208/472/344 546/1047/636 651/1216/570 353/734/392
f 546/1047/636 547/1049/637 652/1218/571 651/1216/570
f 547/1049/637 548/1051/638 653/1220/572 652/1218/571
f 548/1051/638 549/1053/639 654/1222/573 653/1220/572
f 549/1053/639 550/1055/640 655/1224/574 654/1222/573
f 550/1055/640 551/1057/641 656/1226/575 655/1224/574
f 551/1057/641 552/1059/323 657/1228/434 656/1226/575
f 235/521/370 587/1109/642 594/1116/643 236/522/411
f 587/1109/642 586/1108/644 593/1115/645 594/1116/643
f 586/1108/644 585/1107/646 592/1114/647 593/1115/645
f 585/1107/646 584/1106/648 591/1113/649 592/1114/647
f 584/1106/648 583/1105/650 590/1112/651 591/1113/649
f 583/1105/650 582/1104/652 589/1111/653 590/1112/651
f 582/1104/652 581/1103/410 588/1110/393 589/1111/653
f 233/518/366 573/1095/654 580/1102/655 234/519/373
f 573/1095/654 572/1094/656 579/1101/657 580/1102/655
f 572/1094/656 571/1093/658 578/1100/659 579/1101/657
f 571/1093/658 570/1092/660 577/1099/661 578/1100/659
f 570/1092/660 569/1091/662 576/1098/663 577/1099/661
f 569/1091/662 568/1090/664 575/1097/665 576/1098/663
f 568/1090/664 567/1089/399 574/1096/382 575/1097/665
f 278/603/369 650/1214/577 587/1109/642 235/521/370
f 650/1214/577 649/1212/579 586/1108/644 587/1109/642
f 649/1212/579 648/1210/581 585/1107/646 586/1108/644
f 648/1210/581 647/1208/583 584/1106/648 585/1107/646
f 647/1208/583 646/1206/585 583/1105/650 584/1106/648
f 646/1206/585 645/1204/587 582/1104/652 583/1105/650
f 645/1204/587 644/1202/409 581/1103/410 582/1104/652
f 274/596/365 622/1165/601 573/1095/654 233/518/366
f 622/1165/601 621/1163/603 572/1094/656 573/1095/654
f 621/1163/603 620/1161/605 571/1093/658 572/1094/656
f 620/1161/605 619/1159/607 570/1092/660 571/1093/658
f 619/1159/607 618/1157/609 569/1091/662 570/1092/660
f 618/1157/609 617/1155/611 568/1090/664 569/1091/662
f 617/1155/611 616/1153/398 567/1089/399 568/1090/664
f 215/486/308 539/1033/666 595/1118/618 273/594/423
f 539/1033/666 540/1035/667 596/1120/619 595/1118/618
f 540/1035/667 541/1037/668 597/1122/620 596/1120/619
f 541/1037/668 542/1039/669 598/1124/621 597/1122/620
f 542/1039/669 543/1041/670 599/1126/622 598/1124/621
f 543/1041/670 544/1043/671 600/1128/623 599/1126/622
f 544/1043/671 545/1045/338 601/1130/396 600/1128/623
f 236/522/411 594/1116/643 700/1292/519 373/763/412
f 594/1116/643 593/1115/645 701/1293/540 700/1292/519
f 593/1115/645 592/1114/647 702/1294/538 701/1293/540
f 592/1114/647 591/1113/649 703/1295/536 702/1294/538
f 591/1113/649 590/1112/651 704/1296/534 703/1295/536
f 590/1112/651 589/1111/653 705/1297/532 704/1296/534
f 589/1111/653 588/1110/393 706/1298/394 705/1297/532
f 234/519/373 580/1102/655 672/1250/514 369/757/374
f 580/1102/655 579/1101/657 673/1251/563 672/1250/514
f 579/1101/657 578/1100/659 674/1252/561 673/1251/563
f 578/1100/659 577/1099/661 675/1253/559 674/1252/561
f 577/1099/661 576/1098/663 676/1254/557 675/1253/559
f 576/1098/663 575/1097/665 677/1255/555 676/1254/557
f 575/1097/665 574/1096/382 678/1256/385 677/1255/555
f 148/347/34 525/1005/56 553/1062/630 217/491/320
f 525/1005/56 526/1007/672 554/1064/631 553/1062/630
f 526/1007/672 527/1009/673 555/1066/632 554/1064/631
f 527/1009/673 528/1011/674 556/1068/633 555/1066/632
f 528/1011/674 529/1013/675 557/1070/634 556/1068/633
f 529/1013/675 530/1015/676 558/1072/635 557/1070/634
f 530/1015/676 531/1017/345 559/1074/346 558/1072/635
f 142/335/15 511/977/677 539/1034/666 215/487/308
f 511/977/677 512/979/678 540/1036/667 539/1034/666
f 512/979/678 513/981/679 541/1038/668 540/1036/667
f 513/981/679 514/983/680 542/1040/669 541/1038/668
f 514/983/680 515/985/681 543/1042/670 542/1040/669
f 515/985/681 516/987/682 544/1044/671 543/1042/670
f 516/987/682 517/989/12 545/1046/338 544/1044/671
f 150/351/77 532/1019/76 560/1076/624 214/485/316
f 532/1019/76 533/1021/683 561/1078/625 560/1076/624
f 533/1021/683 534/1023/684 562/1080/626 561/1078/625
f 534/1023/684 535/1025/685 563/1082/627 562/1080/626
f 535/1025/685 536/1027/686 564/1084/628 563/1082/627
f 536/1027/686 537/1029/687 565/1086/629 564/1084/628
f 537/1029/687 538/1031/333 566/1088/335 565/1086/629
f 146/343/31 518/991/74 546/1048/636 208/473/344
f 518/991/74 519/993/688 547/1050/637 546/1048/636
f 519/993/688 520/995/689 548/1052/638 547/1050/637
f 520/995/689 521/997/690 549/1054/639 548/1052/638
f 521/997/690 522/999/691 550/1056/640 549/1054/639
f 522/999/691 523/1001/692 551/1058/641 550/1056/640
f 523/1001/692 524/1003/321 552/1060/323 551/1058/641
f 55/148/161 496/954/693 426/863/694 83/197/162
f 496/954/693 495/952/695 425/861/696 426/863/694
f 495/952/695 494/950/697 424/859/698 425/861/696
f 494/950/697 493/948/699 423/857/700 424/859/698
f 493/948/699 492/946/701 422/855/702 423/857/700
f 492/946/701 491/944/703 421/853/704 422/855/702
f 491/944/703 490/942/167 420/851/200 421/853/704
f 51/143/158 469/914/157 399/809/199 10/33/168
f 469/914/157 470/916/705 400/811/706 399/809/199
f 470/916/705 471/918/707 401/813/708 400/811/706
f 471/918/707 472/920/709 402/815/710 401/813/708
f 472/920/709 473/922/711 403/817/712 402/815/710
f 473/922/711 474/924/713 404/819/714 403/817/712
f 474/924/713 475/926/209 405/821/210 404/819/714
f 83/198/162 426/864/694 391/793/184 84/200/144
f 426/864/694 425/862/696 390/791/715 391/793/184
f 425/862/696 424/860/698 389/789/716 390/791/715
f 424/860/698 423/858/700 388/787/717 389/789/716
f 423/858/700 422/856/702 387/785/718 388/787/717
f 422/856/702 421/854/704 386/783/719 387/785/718
f 421/854/704 420/852/200 385/781/201 386/783/719
f 81/193/197 398/807/720 405/822/210 82/196/198
f 398/807/720 397/805/721 404/820/714 405/822/210
f 397/805/721 396/803/722 403/818/712 404/820/714
f 396/803/722 395/801/723 402/816/710 403/818/712
f 395/801/723 394/799/724 401/814/708 402/816/710
f 394/799/724 393/797/725 400/812/706 401/814/708
f 393/797/725 392/795/124 399/810/199 400/812/706
f 59/155/171 497/956/170 385/782/201 2/6/144
f 497/956/170 498/958/726 386/784/719 385/782/201
f 498/958/726 499/960/727 387/786/718 386/784/719
f 499/960/727 500/962/728 388/788/717 387/786/718
f 500/962/728 501/964/729 389/790/716 388/788/717
f 501/964/729 502/966/730 390/792/715 389/790/716
f 502/966/730 503/968/183 391/794/184 390/792/715
f 56/151/131 503/969/183 510/976/731 54/147/132
f 503/969/183 502/967/730 509/975/732 510/976/731
f 502/967/730 501/965/729 508/974/733 509/975/732
f 501/965/729 500/963/728 507/973/734 508/974/733
f 500/963/728 499/961/727 506/972/735 507/973/734
f 499/961/727 498/959/726 505/971/736 506/972/735
f 498/959/726 497/957/170 504/970/173 505/971/736
f 53/146/66 483/935/65 496/955/693 55/149/161
f 483/935/65 484/936/737 495/953/695 496/955/693
f 484/936/737 485/937/738 494/951/697 495/953/695
f 485/937/738 486/938/739 493/949/699 494/951/697
f 486/938/739 487/939/740 492/947/701 493/949/699
f 487/939/740 488/940/741 491/945/703 492/947/701
f 488/940/741 489/941/166 490/943/167 491/945/703
f 48/139/43 475/927/209 482/934/742 46/135/44
f 475/927/209 474/925/713 481/933/743 482/934/742
f 474/925/713 473/923/711 480/932/744 481/933/743
f 473/923/711 472/921/709 479/931/745 480/932/744
f 472/921/709 471/919/707 478/930/746 479/931/745
f 471/919/707 470/917/705 477/929/747 478/930/746
f 470/917/705 469/915/157 476/928/160 477/929/747
f 45/134/95 455/893/102 468/912/748 47/136/150
f 455/893/102 456/894/749 467/910/750 468/912/748
f 456/894/749 457/895/751 466/908/752 467/910/750
f 457/895/751 458/896/753 465/906/754 466/908/752
f 458/896/753 459/897/755 464/904/756 465/906/754
f 459/897/755 460/898/757 463/902/758 464/904/756
f 460/898/757 461/899/154 462/900/121 463/902/758
f 47/137/150 468/913/748 398/808/720 81/194/197
f 468/913/748 467/911/750 397/806/721 398/808/720
f 467/911/750 466/909/752 396/804/722 397/806/721
f 466/909/752 465/907/754 395/802/723 396/804/722
f 465/907/754 464/905/756 394/800/724 395/802/723
f 464/905/756 463/903/758 393/798/725 394/800/724
f 463/903/758 462/901/121 392/796/124 393/798/725
f 50/141/18 461/899/154 412/835/759 14/45/19
f 461/899/154 460/898/757 411/833/760 412/835/759
f 460/898/757 459/897/755 410/831/761 411/833/760
f 459/897/755 458/896/753 409/829/762 410/831/761
f 458/896/753 457/895/751 408/827/763 409/829/762
f 457/895/751 456/894/749 407/825/764 408/827/763
f 456/894/749 455/893/102 406/823/86 407/825/764
f 741/1363/94 941/1673/765 454/892/766 26/87/25
f 941/1673/765 946/1678/767 453/891/768 454/892/766
f 946/1678/767 951/1683/769 452/890/770 453/891/768
f 951/1683/769 956/1688/771 451/889/772 452/890/770
f 956/1688/771 961/1693/773 450/888/774 451/889/772
f 961/1693/773 966/1698/775 449/887/776 450/888/774
f 966/1698/775 971/1703/90 448/886/50 449/887/776
f 14/46/19 412/836/759 447/885/777 25/84/47
f 412/836/759 411/834/760 446/884/778 447/885/777
f 411/834/760 410/832/761 445/883/779 446/884/778
f 410/832/761 409/830/762 444/882/780 445/883/779
f 409/830/762 408/828/763 443/881/781 444/882/780
f 408/828/763 407/826/764 442/880/782 443/881/781
f 407/826/764 406/824/86 441/879/89 442/880/782
f 751/1373/104 976/1708/783 440/878/784 30/95/14
f 976/1708/783 981/1713/785 439/877/786 440/878/784
f 981/1713/785 986/1718/787 438/876/788 439/877/786
f 986/1718/787 991/1723/789 437/875/790 438/876/788
f 991/1723/789 996/1728/791 436/874/792 437/875/790
f 996/1728/791 1001/1733/793 435/873/794 436/874/792
f 1001/1733/793 1006/1738/79 434/872/9 435/873/794
f 1107/1879/116 149/349/115 538/1032/333 1127/1899/795
f 1127/1899/795 538/1032/333 537/1030/687 1132/1904/796
f 1132/1904/796 537/1030/687 536/1028/686 1137/1909/797
f 1137/1909/797 536/1028/686 535/1026/685 1142/1914/798
f 1142/1914/798 535/1026/685 534/1024/684 1147/1919/799
f 1147/1919/799 534/1024/684 533/1022/683 1152/1924/800
f 1152/1924/800 533/1022/683 532/1020/76 1157/1929/75
f 1097/1869/72 143/338/71 524/1004/321 1162/1934/801
f 1162/1934/801 524/1004/321 523/1002/692 1167/1939/802
f 1167/1939/802 523/1002/692 522/1000/691 1172/1944/803
f 1172/1944/803 522/1000/691 521/998/690 1177/1949/804
f 1177/1949/804 521/998/690 520/996/689 1182/1954/805
f 1182/1954/805 520/996/689 519/994/688 1187/1959/806
f 1187/1959/806 519/994/688 518/992/74 1192/1964/73
f 58/153/64 489/941/166 419/849/53 16/54/52
f 489/941/166 488/940/741 418/847/807 419/849/53
f 488/940/741 487/939/740 417/845/808 418/847/807
f 487/939/740 486/938/739 416/843/809 417/845/808
f 486/938/739 485/937/738 415/841/810 416/843/809
f 485/937/738 484/936/737 414/839/811 415/841/810
f 484/936/737 483/935/65 413/837/68 414/839/811
f 151/353/336 531/1018/345 433/871/812 29/94/360
f 531/1018/345 530/1016/676 432/870/813 433/871/812
f 530/1016/676 529/1014/675 431/869/814 432/870/813
f 529/1014/675 528/1012/674 430/868/815 431/869/814
f 528/1012/674 527/1010/673 429/867/816 430/868/815
f 527/1010/673 526/1008/672 428/866/817 429/867/816
f 526/1008/672 525/1006/56 427/865/57 428/866/817
f 26/87/25 454/892/766 413/838/68 15/50/67
f 454/892/766 453/891/768 414/840/811 413/838/68
f 453/891/768 452/890/770 415/842/810 414/840/811
f 452/890/770 451/889/772 416/844/809 415/842/810
f 451/889/772 450/888/774 417/846/808 416/844/809
f 450/888/774 449/887/776 418/848/807 417/846/808
f 449/887/776 448/886/50 419/850/53 418/848/807
f 30/95/14 440/878/784 511/978/677 142/336/15
f 440/878/784 439/877/786 512/980/678 511/978/677
f 439/877/786 438/876/788 513/982/679 512/980/678
f 438/876/788 437/875/790 514/984/680 513/982/679
f 437/875/790 436/874/792 515/986/681 514/984/680
f 436/874/792 435/873/794 516/988/682 515/986/681
f 435/873/794 434/872/9 517/990/12 516/988/682
f 428/866/817 427/865/57 1002/1734/818 997/1729/819
f 997/1729/819 1002/1734/818 1003/1735/820 998/1730/821
f 998/1730/821 1003/1735/820 1004/1736/822 999/1731/823
f 999/1731/823 1004/1736/822 1005/1737/824 1000/1732/825
f 1000/1732/825 1005/1737/824 1006/1738/79 1001/1733/793
f 429/867/816 428/866/817 997/1729/819 992/1724/826
f 992/1724/826 997/1729/819 998/1730/821 993/1725/827
f 993/1725/827 998/1730/821 999/1731/823 994/1726/828
f 994/1726/828 999/1731/823 1000/1732/825 995/1727/829
f 995/1727/829 1000/1732/825 1001/1733/793 996/1728/791
f 430/868/815 429/867/816 992/1724/826 987/1719/830
f 987/1719/830 992/1724/826 993/1725/827 988/1720/831
f 988/1720/831 993/1725/827 994/1726/828 989/1721/832
f 989/1721/832 994/1726/828 995/1727/829 990/1722/833
f 990/1722/833 995/1727/829 996/1728/791 991/1723/789
f 431/869/814 430/868/815 987/1719/830 982/1714/834
f 982/1714/834 987/1719/830 988/1720/831 983/1715/835
f 983/1715/835 988/1720/831 989/1721/832 984/1716/836
f 984/1716/836 989/1721/832 990/1722/833 985/1717/837
f 985/1717/837 990/1722/833 991/1723/789 986/1718/787
f 432/870/813 431/869/814 982/1714/834 977/1709/838
f 977/1709/838 982/1714/834 983/1715/835 978/1710/839
f 978/1710/839 983/1715/835 984/1716/836 979/1711/840
f 979/1711/840 984/1716/836 985/1717/837 980/1712/841
f 980/1712/841 985/1717/837 986/1718/787 981/1713/785
f 433/871/812 432/870/813 977/1709/838 972/1704/842
f 972/1704/842 977/1709/838 978/1710/839 973/1705/843
f 973/1705/843 978/1710/839 979/1711/840 974/1706/844
f 974/1706/844 979/1711/840 980/1712/841 975/1707/845
f 975/1707/845 980/1712/841 981/1713/785 976/1708/783
f 29/94/360 433/871/812 972/1704/842 747/1369/846
f 747/1369/846 972/1704/842 973/1705/843 748/1370/847
f 748/1370/847 973/1705/843 974/1706/844 749/1371/848
f 749/1371/848 974/1706/844 975/1707/845 750/1372/849
f 750/1372/849 975/1707/845 976/1708/783 751/1373/104
f 442/880/782 441/879/89 967/1699/850 962/1694/851
f 962/1694/851 967/1699/850 968/1700/852 963/1695/853
f 963/1695/853 968/1700/852 969/1701/854 964/1696/855
f 964/1696/855 969/1701/854 970/1702/856 965/1697/857
f 965/1697/857 970/1702/856 971/1703/90 966/1698/775
f 443/881/781 442/880/782 962/1694/851 957/1689/858
f 957/1689/858 962/1694/851 963/1695/853 958/1690/859
f 958/1690/859 963/1695/853 964/1696/855 959/1691/860
f 959/1691/860 964/1696/855 965/1697/857 960/1692/861
f 960/1692/861 965/1697/857 966/1698/775 961/1693/773
f 444/882/780 443/881/781 957/1689/858 952/1684/862
f 952/1684/862 957/1689/858 958/1690/859 953/1685/863
f 953/1685/863 958/1690/859 959/1691/860 954/1686/864
f 954/1686/864 959/1691/860 960/1692/861 955/1687/865
f 955/1687/865 960/1692/861 961/1693/773 956/1688/771
f 445/883/779 444/882/780 952/1684/862 947/1679/866
f 947/1679/866 952/1684/862 953/1685/863 948/1680/867
f 948/1680/867 953/1685/863 954/1686/864 949/1681/868
f 949/1681/868 954/1686/864 955/1687/865 950/1682/869
f 950/1682/869 955/1687/865 956/1688/771 951/1683/769
f 446/884/778 445/883/779 947/1679/866 942/1674/870
f 942/1674/870 947/1679/866 948/1680/867 943/1675/871
f 943/1675/871 948/1680/867 949/1681/868 944/1676/872
f 944/1676/872 949/1681/868 950/1682/869 945/1677/873
f 945/1677/873 950/1682/869 951/1683/769 946/1678/767
f 447/885/777 446/884/778 942/1674/870 937/1669/874
f 937/1669/874 942/1674/870 943/1675/871 938/1670/875
f 938/1670/875 943/1675/871 944/1676/872 939/1671/876
f 939/1671/876 944/1676/872 945/1677/873 940/1672/877
f 940/1672/877 945/1677/873 946/1678/767 941/1673/765
f 25/84/47 447/885/777 937/1669/874 737/1359/878
f 737/1359/878 937/1669/874 938/1670/875 738/1360/879
f 738/1360/879 938/1670/875 939/1671/876 739/1361/880
f 739/1361/880 939/1671/876 940/1672/877 740/1362/881
f 740/1362/881 940/1672/877 941/1673/765 741/1363/94
f 364/750/507 931/1663/882 936/1668/418 362/747/415
f 931/1663/882 930/1662/883 935/1667/884 936/1668/418
f 930/1662/883 929/1661/885 934/1666/886 935/1667/884
f 929/1661/885 928/1660/887 933/1665/888 934/1666/886
f 928/1660/887 927/1659/528 932/1664/529 933/1665/888
f 363/748/506 926/1657/889 931/1663/882 364/750/507
f 926/1657/889 925/1655/890 930/1662/883 931/1663/882
f 925/1655/890 924/1653/891 929/1661/885 930/1662/883
f 924/1653/891 923/1651/892 928/1660/887 929/1661/885
f 923/1651/892 922/1649/527 927/1659/528 928/1660/887
f 361/745/416 917/1639/893 926/1658/889 363/749/506
f 917/1639/893 918/1641/894 925/1656/890 926/1658/889
f 918/1641/894 919/1643/895 924/1654/891 925/1656/890
f 919/1643/895 920/1645/896 923/1652/892 924/1654/891
f 920/1645/896 921/1647/432 922/1650/527 923/1652/892
f 360/744/505 911/1633/897 916/1638/408 358/741/405
f 911/1633/897 910/1632/898 915/1637/899 916/1638/408
f 910/1632/898 909/1631/900 914/1636/901 915/1637/899
f 909/1631/900 908/1630/902 913/1635/903 914/1636/901
f 908/1630/902 907/1629/523 912/1634/524 913/1635/903
f 359/742/504 906/1627/904 911/1633/897 360/744/505
f 906/1627/904 905/1625/905 910/1632/898 911/1633/897
f 905/1625/905 904/1623/906 909/1631/900 910/1632/898
f 904/1623/906 903/1621/907 908/1630/902 909/1631/900
f 903/1621/907 902/1619/522 907/1629/523 908/1630/902
f 357/739/378 897/1609/908 906/1628/904 359/743/504
f 897/1609/908 898/1611/909 905/1626/905 906/1628/904
f 898/1611/909 899/1613/910 904/1624/906 905/1626/905
f 899/1613/910 900/1615/911 903/1622/907 904/1624/906
f 900/1615/911 901/1617/429 902/1620/522 903/1622/907
f 288/620/466 891/1598/912 896/1607/913 286/616/467
f 891/1598/912 890/1597/914 895/1605/915 896/1607/913
f 890/1597/914 889/1596/916 894/1603/917 895/1605/915
f 889/1596/916 888/1595/918 893/1601/919 894/1603/917
f 888/1595/918 887/1594/469 892/1599/371 893/1601/919
f 287/618/465 886/1592/920 891/1598/912 288/620/466
f 886/1592/920 885/1590/921 890/1597/914 891/1598/912
f 885/1590/921 884/1588/922 889/1596/916 890/1597/914
f 884/1588/922 883/1586/923 888/1595/918 889/1596/916
f 883/1586/923 882/1584/468 887/1594/469 888/1595/918
f 285/614/421 877/1574/924 886/1593/920 287/619/465
f 877/1574/924 878/1576/925 885/1591/921 886/1593/920
f 878/1576/925 879/1578/926 884/1589/922 885/1591/921
f 879/1578/926 880/1580/927 883/1587/923 884/1589/922
f 880/1580/927 881/1582/431 882/1585/468 883/1587/923
f 284/613/462 871/1563/928 876/1572/929 282/609/400
f 871/1563/928 870/1562/930 875/1570/931 876/1572/929
f 870/1562/930 869/1561/932 874/1568/933 875/1570/931
f 869/1561/932 868/1560/934 873/1566/935 874/1568/933
f 868/1560/934 867/1559/464 872/1564/419 873/1566/935
f 283/611/461 866/1557/936 871/1563/928 284/613/462
f 866/1557/936 865/1555/937 870/1562/930 871/1563/928
f 865/1555/937 864/1553/938 869/1561/932 870/1562/930
f 864/1553/938 863/1551/939 868/1560/934 869/1561/932
f 863/1551/939 862/1549/463 867/1559/464 868/1560/934
f 281/607/425 857/1539/940 866/1558/936 283/612/461
f 857/1539/940 858/1541/941 865/1556/937 866/1558/936
f 858/1541/941 859/1543/942 864/1554/938 865/1556/937
f 859/1543/942 860/1545/943 863/1552/939 864/1554/938
f 860/1545/943 861/1547/427 862/1550/463 863/1552/939
f 239/527/433 851/1533/944 856/1538/945 240/528/228
f 851/1533/944 850/1532/946 855/1537/947 856/1538/945
f 850/1532/946 849/1531/948 854/1536/949 855/1537/947
f 849/1531/948 848/1530/950 853/1535/951 854/1536/949
f 848/1530/950 847/1529/372 852/1534/417 853/1535/951
f 212/480/341 832/1509/952 917/1640/893 361/746/416
f 832/1509/952 833/1511/953 918/1642/894 917/1640/893
f 833/1511/953 834/1513/954 919/1644/895 918/1642/894
f 834/1513/954 835/1515/955 920/1646/896 919/1644/895
f 835/1515/955 836/1517/350 921/1648/432 920/1646/896
f 237/524/401 841/1523/956 846/1528/957 238/525/390
f 841/1523/956 840/1522/958 845/1527/959 846/1528/957
f 840/1522/958 839/1521/960 844/1526/961 845/1527/959
f 839/1521/960 838/1520/962 843/1525/963 844/1526/961
f 838/1520/962 837/1519/420 842/1524/407 843/1525/963
f 221/498/340 827/1499/964 877/1575/924 285/615/421
f 827/1499/964 828/1501/965 878/1577/925 877/1575/924
f 828/1501/965 829/1503/966 879/1579/926 878/1577/925
f 829/1503/966 830/1505/967 880/1581/927 879/1579/926
f 830/1505/967 831/1507/315 881/1583/431 880/1581/927
f 210/476/319 822/1489/968 897/1610/908 357/740/378
f 822/1489/968 823/1491/969 898/1612/909 897/1610/908
f 823/1491/969 824/1493/970 899/1614/910 898/1612/909
f 824/1493/970 825/1495/971 900/1616/911 899/1614/910
f 825/1495/971 826/1497/343 901/1618/429 900/1616/911
f 219/494/331 817/1479/972 857/1540/940 281/608/425
f 817/1479/972 818/1481/973 858/1542/941 857/1540/940
f 818/1481/973 819/1483/974 859/1544/942 858/1542/941
f 819/1483/974 820/1485/975 860/1546/943 859/1544/942
f 820/1485/975 821/1487/351 861/1548/427 860/1546/943
f 282/610/400 876/1573/929 841/1523/956 237/524/401
f 876/1573/929 875/1571/931 840/1522/958 841/1523/956
f 875/1571/931 874/1569/933 839/1521/960 840/1522/958
f 874/1569/933 873/1567/935 838/1520/962 839/1521/960
f 873/1567/935 872/1565/419 837/1519/420 838/1520/962
f 240/528/228 856/1538/945 932/1664/529 381/775/229
f 856/1538/945 855/1537/947 933/1665/888 932/1664/529
f 855/1537/947 854/1536/949 934/1666/886 933/1665/888
f 854/1536/949 853/1535/951 935/1667/884 934/1666/886
f 853/1535/951 852/1534/417 936/1668/418 935/1667/884
f 238/525/390 846/1528/957 912/1634/524 377/769/391
f 846/1528/957 845/1527/959 913/1635/903 912/1634/524
f 845/1527/959 844/1526/961 914/1636/901 913/1635/903
f 844/1526/961 843/1525/963 915/1637/899 914/1636/901
f 843/1525/963 842/1524/407 916/1638/408 915/1637/899
f 286/617/467 896/1608/913 851/1533/944 239/527/433
f 896/1608/913 895/1606/915 850/1532/946 851/1533/944
f 895/1606/915 894/1604/917 849/1531/948 850/1532/946
f 894/1604/917 893/1602/919 848/1530/950 849/1531/948
f 893/1602/919 892/1600/371 847/1529/372 848/1530/950
f 154/357/330 797/1439/976 817/1480/972 219/495/331
f 797/1439/976 798/1441/977 818/1482/973 817/1480/972
f 798/1441/977 799/1443/978 819/1484/974 818/1482/973
f 799/1443/978 800/1445/979 820/1486/975 819/1484/974
f 800/1445/979 801/1447/103 821/1488/351 820/1486/975
f 165/379/59 812/1469/118 832/1510/952 212/481/341
f 812/1469/118 813/1471/980 833/1512/953 832/1510/952
f 813/1471/980 814/1473/981 834/1514/954 833/1512/953
f 814/1473/981 815/1475/982 835/1516/955 834/1514/954
f 815/1475/982 816/1477/349 836/1518/350 835/1516/955
f 157/364/22 802/1449/63 822/1490/968 210/477/319
f 802/1449/63 803/1451/983 823/1492/969 822/1490/968
f 803/1451/983 804/1453/984 824/1494/970 823/1492/969
f 804/1453/984 805/1455/985 825/1496/971 824/1494/970
f 805/1455/985 806/1457/342 826/1498/343 825/1496/971
f 161/373/28 807/1459/85 827/1500/964 221/499/340
f 807/1459/85 808/1461/986 828/1502/965 827/1500/964
f 808/1461/986 809/1463/987 829/1504/966 828/1502/965
f 809/1463/987 810/1465/988 830/1506/967 829/1504/966
f 810/1465/988 811/1467/314 831/1508/315 830/1506/967
f 71/172/175 786/1422/989 721/1327/990 87/205/176
f 786/1422/989 785/1420/991 720/1325/992 721/1327/990
f 785/1420/991 784/1418/993 719/1323/994 720/1325/992
f 784/1418/993 783/1416/995 718/1321/996 719/1323/994
f 783/1416/995 782/1414/187 717/1319/205 718/1321/996
f 67/167/163 767/1394/181 712/1309/204 18/60/101
f 767/1394/181 768/1396/997 713/1311/998 712/1309/204
f 768/1396/997 769/1398/999 714/1313/1000 713/1311/998
f 769/1398/999 770/1400/1001 715/1315/1002 714/1313/1000
f 770/1400/1001 771/1402/207 716/1317/208 715/1315/1002
f 87/206/176 721/1328/990 711/1307/189 88/208/156
f 721/1328/990 720/1326/992 710/1305/1003 711/1307/189
f 720/1326/992 719/1324/994 709/1303/1004 710/1305/1003
f 719/1324/994 718/1322/996 708/1301/1005 709/1303/1004
f 718/1322/996 717/1320/205 707/1299/206 708/1301/1005
f 85/201/202 726/1337/1006 716/1318/208 86/204/203
f 726/1337/1006 725/1335/1007 715/1316/1002 716/1318/208
f 725/1335/1007 724/1333/1008 714/1314/1000 715/1316/1002
f 724/1333/1008 723/1331/1009 713/1312/998 714/1314/1000
f 723/1331/1009 722/1329/138 712/1310/204 713/1312/998
f 72/175/146 791/1432/188 796/1438/1010 70/171/147
f 791/1432/188 790/1430/1011 795/1437/1012 796/1438/1010
f 790/1430/1011 789/1428/1013 794/1436/1014 795/1437/1012
f 789/1428/1013 788/1426/1015 793/1435/1016 794/1436/1014
f 788/1426/1015 787/1424/190 792/1434/191 793/1435/1016
f 75/179/151 787/1425/190 707/1300/206 79/188/196
f 787/1425/190 788/1427/1015 708/1302/1005 707/1300/206
f 788/1427/1015 789/1429/1013 709/1304/1004 708/1302/1005
f 789/1429/1013 790/1431/1011 710/1306/1003 709/1304/1004
f 790/1431/1011 791/1433/188 711/1308/189 710/1306/1003
f 69/170/38 777/1409/110 786/1423/989 71/173/175
f 777/1409/110 778/1410/1017 785/1421/991 786/1423/989
f 778/1410/1017 779/1411/1018 784/1419/993 785/1421/991
f 779/1411/1018 780/1412/1019 783/1417/995 784/1419/993
f 780/1412/1019 781/1413/186 782/1415/187 783/1417/995
f 64/163/140 771/1403/207 776/1408/1020 62/159/141
f 771/1403/207 770/1401/1001 775/1407/1021 776/1408/1020
f 770/1401/1001 769/1399/999 774/1406/1022 775/1407/1021
f 769/1399/999 768/1397/997 773/1405/1023 774/1406/1022
f 768/1397/997 767/1395/181 772/1404/182 773/1405/1023
f 61/158/54 757/1379/111 766/1392/1024 63/160/174
f 757/1379/111 758/1380/1025 765/1390/1026 766/1392/1024
f 758/1380/1025 759/1381/1027 764/1388/1028 765/1390/1026
f 759/1381/1027 760/1382/1029 763/1386/1030 764/1388/1028
f 760/1382/1029 761/1383/179 762/1384/137 763/1386/1030
f 63/161/174 766/1393/1024 726/1338/1006 85/202/202
f 766/1393/1024 765/1391/1026 725/1336/1007 726/1338/1006
f 765/1391/1026 764/1389/1028 724/1334/1008 725/1336/1007
f 764/1389/1028 763/1387/1030 723/1332/1009 724/1334/1008
f 763/1387/1030 762/1385/137 722/1330/138 723/1332/1009
f 1122/1894/4 162/375/3 816/1478/349 1197/1969/1031
f 1197/1969/1031 816/1478/349 815/1476/982 1202/1974/1032
f 1202/1974/1032 815/1476/982 814/1474/981 1207/1979/1033
f 1207/1979/1033 814/1474/981 813/1472/980 1212/1984/1034
f 1212/1984/1034 813/1472/980 812/1470/118 1217/1989/117
f 66/165/6 761/1383/179 731/1347/93 22/73/7
f 761/1383/179 760/1382/1029 730/1345/1035 731/1347/93
f 760/1382/1029 759/1381/1027 729/1343/1036 730/1345/1035
f 759/1381/1027 758/1380/1025 728/1341/1037 729/1343/1036
f 758/1380/1025 757/1379/111 727/1339/112 728/1341/1037
f 74/177/108 781/1413/186 736/1357/1038 24/80/109
f 781/1413/186 780/1412/1019 735/1355/1039 736/1357/1038
f 780/1412/1019 779/1411/1018 734/1353/1040 735/1355/1039
f 779/1411/1018 778/1410/1017 733/1351/1041 734/1353/1040
f 778/1410/1017 777/1409/110 732/1349/107 733/1351/1041
f 27/90/88 24/81/109 736/1358/1038 742/1364/1042
f 742/1364/1042 736/1358/1038 735/1356/1039 743/1365/1043
f 743/1365/1043 735/1356/1039 734/1354/1040 744/1366/1044
f 744/1366/1044 734/1354/1040 733/1352/1041 745/1367/1045
f 745/1367/1045 733/1352/1041 732/1350/107 746/1368/91
f 154/358/330 29/94/360 747/1369/846 797/1440/976
f 797/1440/976 747/1369/846 748/1370/847 798/1442/977
f 798/1442/977 748/1370/847 749/1371/848 799/1444/978
f 799/1444/978 749/1371/848 750/1372/849 800/1446/979
f 800/1446/979 750/1372/849 751/1373/104 801/1448/103
f 21/69/55 25/84/47 737/1359/878 727/1340/112
f 727/1340/112 737/1359/878 738/1360/879 728/1342/1037
f 728/1342/1037 738/1360/879 739/1361/880 729/1344/1036
f 729/1344/1036 739/1361/880 740/1362/881 730/1346/1035
f 730/1346/1035 740/1362/881 741/1363/94 731/1348/93
f 441/879/89 27/90/88 742/1364/1042 967/1699/850
f 967/1699/850 742/1364/1042 743/1365/1043 968/1700/852
f 968/1700/852 743/1365/1043 744/1366/1044 969/1701/854
f 969/1701/854 744/1366/1044 745/1367/1045 970/1702/856
f 970/1702/856 745/1367/1045 746/1368/91 971/1703/90
f 31/96/37 166/381/36 811/1468/314 752/1374/1046
f 752/1374/1046 811/1468/314 810/1466/988 753/1375/1047
f 753/1375/1047 810/1466/988 809/1464/987 754/1376/1048
f 754/1376/1048 809/1464/987 808/1462/986 755/1377/1049
f 755/1377/1049 808/1462/986 807/1460/85 756/1378/80
f 427/865/57 31/96/37 752/1374/1046 1002/1734/818
f 1002/1734/818 752/1374/1046 753/1375/1047 1003/1735/820
f 1003/1735/820 753/1375/1047 754/1376/1048 1004/1736/822
f 1004/1736/822 754/1376/1048 755/1377/1049 1005/1737/824
f 1005/1737/824 755/1377/1049 756/1378/80 1006/1738/79
f 1087/1859/84 155/360/83 806/1458/342 1222/1994/1050
f 1222/1994/1050 806/1458/342 805/1456/985 1227/1999/1051
f 1227/1999/1051 805/1456/985 804/1454/984 1232/2004/1052
f 1232/2004/1052 804/1454/984 803/1452/983 1237/2009/1053
f 1237/2009/1053 803/1452/983 802/1450/63 1242/2014/62
f 795/1437/1012 1241/2013/1054 1246/2018/1055 796/1438/1010
f 1241/2013/1054 1240/2012/1056 1245/2017/1057 1246/2018/1055
f 1240/2012/1056 1239/2011/1058 1244/2016/1059 1245/2017/1057
f 1239/2011/1058 1238/2010/1060 1243/2015/1061 1244/2016/1059
f 1238/2010/1060 1237/2009/1053 1242/2014/62 1243/2015/1061
f 794/1436/1014 1236/2008/1062 1241/2013/1054 795/1437/1012
f 1236/2008/1062 1235/2007/1063 1240/2012/1056 1241/2013/1054
f 1235/2007/1063 1234/2006/1064 1239/2011/1058 1240/2012/1056
f 1234/2006/1064 1233/2005/1065 1238/2010/1060 1239/2011/1058
f 1233/2005/1065 1232/2004/1052 1237/2009/1053 1238/2010/1060
f 793/1435/1016 1231/2003/1066 1236/2008/1062 794/1436/1014
f 1231/2003/1066 1230/2002/1067 1235/2007/1063 1236/2008/1062
f 1230/2002/1067 1229/2001/1068 1234/2006/1064 1235/2007/1063
f 1229/2001/1068 1228/2000/1069 1233/2005/1065 1234/2006/1064
f 1228/2000/1069 1227/1999/1051 1232/2004/1052 1233/2005/1065
f 792/1434/191 1226/1998/1070 1231/2003/1066 793/1435/1016
f 1226/1998/1070 1225/1997/1071 1230/2002/1067 1231/2003/1066
f 1225/1997/1071 1224/1996/1072 1229/2001/1068 1230/2002/1067
f 1224/1996/1072 1223/1995/1073 1228/2000/1069 1229/2001/1068
f 1223/1995/1073 1222/1994/1050 1227/1999/1051 1228/2000/1069
f 73/176/153 1091/1863/1074 1226/1998/1070 792/1434/191
f 1091/1863/1074 1090/1862/1075 1225/1997/1071 1226/1998/1070
f 1090/1862/1075 1089/1861/1076 1224/1996/1072 1225/1997/1071
f 1089/1861/1076 1088/1860/1077 1223/1995/1073 1224/1996/1072
f 1088/1860/1077 1087/1859/84 1222/1994/1050 1223/1995/1073
f 775/1407/1021 1216/1988/1078 1221/1993/1079 776/1408/1020
f 1216/1988/1078 1215/1987/1080 1220/1992/1081 1221/1993/1079
f 1215/1987/1080 1214/1986/1082 1219/1991/1083 1220/1992/1081
f 1214/1986/1082 1213/1985/1084 1218/1990/1085 1219/1991/1083
f 1213/1985/1084 1212/1984/1034 1217/1989/117 1218/1990/1085
f 774/1406/1022 1211/1983/1086 1216/1988/1078 775/1407/1021
f 1211/1983/1086 1210/1982/1087 1215/1987/1080 1216/1988/1078
f 1210/1982/1087 1209/1981/1088 1214/1986/1082 1215/1987/1080
f 1209/1981/1088 1208/1980/1089 1213/1985/1084 1214/1986/1082
f 1208/1980/1089 1207/1979/1033 1212/1984/1034 1213/1985/1084
f 773/1405/1023 1206/1978/1090 1211/1983/1086 774/1406/1022
f 1206/1978/1090 1205/1977/1091 1210/1982/1087 1211/1983/1086
f 1205/1977/1091 1204/1976/1092 1209/1981/1088 1210/1982/1087
f 1204/1976/1092 1203/1975/1093 1208/1980/1089 1209/1981/1088
f 1203/1975/1093 1202/1974/1032 1207/1979/1033 1208/1980/1089
f 772/1404/182 1201/1973/1094 1206/1978/1090 773/1405/1023
f 1201/1973/1094 1200/1972/1095 1205/1977/1091 1206/1978/1090
f 1200/1972/1095 1199/1971/1096 1204/1976/1092 1205/1977/1091
f 1199/1971/1096 1198/1970/1097 1203/1975/1093 1204/1976/1092
f 1198/1970/1097 1197/1969/1031 1202/1974/1032 1203/1975/1093
f 65/164/165 1126/1898/1098 1201/1973/1094 772/1404/182
f 1126/1898/1098 1125/1897/1099 1200/1972/1095 1201/1973/1094
f 1125/1897/1099 1124/1896/1100 1199/1971/1096 1200/1972/1095
f 1124/1896/1100 1123/1895/1101 1198/1970/1097 1199/1971/1096
f 1123/1895/1101 1122/1894/4 1197/1969/1031 1198/1970/1097
f 509/975/732 1191/1963/1102 1196/1968/1103 510/976/731
f 1191/1963/1102 1190/1962/1104 1195/1967/1105 1196/1968/1103
f 1190/1962/1104 1189/1961/1106 1194/1966/1107 1195/1967/1105
f 1189/1961/1106 1188/1960/1108 1193/1965/1109 1194/1966/1107
f 1188/1960/1108 1187/1959/806 1192/1964/73 1193/1965/1109
f 508/974/733 1186/1958/1110 1191/1963/1102 509/975/732
f 1186/1958/1110 1185/1957/1111 1190/1962/1104 1191/1963/1102
f 1185/1957/1111 1184/1956/1112 1189/1961/1106 1190/1962/1104
f 1184/1956/1112 1183/1955/1113 1188/1960/1108 1189/1961/1106
f 1183/1955/1113 1182/1954/805 1187/1959/806 1188/1960/1108
f 507/973/734 1181/1953/1114 1186/1958/1110 508/974/733
f 1181/1953/1114 1180/1952/1115 1185/1957/1111 1186/1958/1110
f 1180/1952/1115 1179/1951/1116 1184/1956/1112 1185/1957/1111
f 1179/1951/1116 1178/1950/1117 1183/1955/1113 1184/1956/1112
f 1178/1950/1117 1177/1949/804 1182/1954/805 1183/1955/1113
f 506/972/735 1176/1948/1118 1181/1953/1114 507/973/734
f 1176/1948/1118 1175/1947/1119 1180/1952/1115 1181/1953/1114
f 1175/1947/1119 1174/1946/1120 1179/1951/1116 1180/1952/1115
f 1174/1946/1120 1173/1945/1121 1178/1950/1117 1179/1951/1116
f 1173/1945/1121 1172/1944/803 1177/1949/804 1178/1950/1117
f 505/971/736 1171/1943/1122 1176/1948/1118 506/972/735
f 1171/1943/1122 1170/1942/1123 1175/1947/1119 1176/1948/1118
f 1170/1942/1123 1169/1941/1124 1174/1946/1120 1175/1947/1119
f 1169/1941/1124 1168/1940/1125 1173/1945/1121 1174/1946/1120
f 1168/1940/1125 1167/1939/802 1172/1944/803 1173/1945/1121
f 504/970/173 1166/1938/1126 1171/1943/1122 505/971/736
f 1166/1938/1126 1165/1937/1127 1170/1942/1123 1171/1943/1122
f 1165/1937/1127 1164/1936/1128 1169/1941/1124 1170/1942/1123
f 1164/1936/1128 1163/1935/1129 1168/1940/1125 1169/1941/1124
f 1163/1935/1129 1162/1934/801 1167/1939/802 1168/1940/1125
f 57/152/172 1101/1873/1130 1166/1938/1126 504/970/173
f 1101/1873/1130 1100/1872/1131 1165/1937/1127 1166/1938/1126
f 1100/1872/1131 1099/1871/1132 1164/1936/1128 1165/1937/1127
f 1099/1871/1132 1098/1870/1133 1163/1935/1129 1164/1936/1128
f 1098/1870/1133 1097/1869/72 1162/1934/801 1163/1935/1129
f 481/933/743 1156/1928/1134 1161/1933/1135 482/934/742
f 1156/1928/1134 1155/1927/1136 1160/1932/1137 1161/1933/1135
f 1155/1927/1136 1154/1926/1138 1159/1931/1139 1160/1932/1137
f 1154/1926/1138 1153/1925/1140 1158/1930/1141 1159/1931/1139
f 1153/1925/1140 1152/1924/800 1157/1929/75 1158/1930/1141
f 480/932/744 1151/1923/1142 1156/1928/1134 481/933/743
f 1151/1923/1142 1150/1922/1143 1155/1927/1136 1156/1928/1134
f 1150/1922/1143 1149/1921/1144 1154/1926/1138 1155/1927/1136
f 1149/1921/1144 1148/1920/1145 1153/1925/1140 1154/1926/1138
f 1148/1920/1145 1147/1919/799 1152/1924/800 1153/1925/1140
f 479/931/745 1146/1918/1146 1151/1923/1142 480/932/744
f 1146/1918/1146 1145/1917/1147 1150/1922/1143 1151/1923/1142
f 1145/1917/1147 1144/1916/1148 1149/1921/1144 1150/1922/1143
f 1144/1916/1148 1143/1915/1149 1148/1920/1145 1149/1921/1144
f 1143/1915/1149 1142/1914/798 1147/1919/799 1148/1920/1145
f 478/930/746 1141/1913/1150 1146/1918/1146 479/931/745
f 1141/1913/1150 1140/1912/1151 1145/1917/1147 1146/1918/1146
f 1140/1912/1151 1139/1911/1152 1144/1916/1148 1145/1917/1147
f 1139/1911/1152 1138/1910/1153 1143/1915/1149 1144/1916/1148
f 1138/1910/1153 1137/1909/797 1142/1914/798 1143/1915/1149
f 477/929/747 1136/1908/1154 1141/1913/1150 478/930/746
f 1136/1908/1154 1135/1907/1155 1140/1912/1151 1141/1913/1150
f 1135/1907/1155 1134/1906/1156 1139/1911/1152 1140/1912/1151
f 1134/1906/1156 1133/1905/1157 1138/1910/1153 1139/1911/1152
f 1133/1905/1157 1132/1904/796 1137/1909/797 1138/1910/1153
f 476/928/160 1131/1903/1158 1136/1908/1154 477/929/747
f 1131/1903/1158 1130/1902/1159 1135/1907/1155 1136/1908/1154
f 1130/1902/1159 1129/1901/1160 1134/1906/1156 1135/1907/1155
f 1129/1901/1160 1128/1900/1161 1133/1905/1157 1134/1906/1156
f 1128/1900/1161 1127/1899/795 1132/1904/796 1133/1905/1157
f 49/140/159 1111/1883/1162 1131/1903/1158 476/928/160
f 1111/1883/1162 1110/1882/1163 1130/1902/1159 1131/1903/1158
f 1110/1882/1163 1109/1881/1164 1129/1901/1160 1130/1902/1159
f 1109/1881/1164 1108/1880/1165 1128/1900/1161 1129/1901/1160
f 1108/1880/1165 1107/1879/116 1127/1899/795 1128/1900/1161
f 186/424/304 1081/1852/1166 1086/1858/1167 183/416/164
f 1081/1852/1166 1080/1850/1168 1085/1857/1169 1086/1858/1167
f 1080/1850/1168 1079/1848/1170 1084/1856/1171 1085/1857/1169
f 1079/1848/1170 1078/1846/1172 1083/1855/1173 1084/1856/1171
f 1078/1846/1172 1077/1844/359 1082/1854/1 1083/1855/1173
f 185/421/303 1076/1842/1174 1081/1853/1166 186/425/304
f 1076/1842/1174 1075/1840/1175 1080/1851/1168 1081/1853/1166
f 1075/1840/1175 1074/1838/1176 1079/1849/1170 1080/1851/1168
f 1074/1838/1176 1073/1836/1177 1078/1847/1172 1079/1849/1170
f 1073/1836/1177 1072/1834/358 1077/1845/359 1078/1847/1172
f 182/415/133 1067/1829/1178 1076/1843/1174 185/422/303
f 1067/1829/1178 1068/1830/1179 1075/1841/1175 1076/1843/1174
f 1068/1830/1179 1069/1831/1180 1074/1839/1176 1075/1841/1175
f 1069/1831/1180 1070/1832/1181 1073/1837/1177 1074/1839/1176
f 1070/1832/1181 1071/1833/33 1072/1835/358 1073/1837/1177
f 181/413/302 1061/1822/1182 1066/1828/1183 178/405/178
f 1061/1822/1182 1060/1820/1184 1065/1827/1185 1066/1828/1183
f 1060/1820/1184 1059/1818/1186 1064/1826/1187 1065/1827/1185
f 1059/1818/1186 1058/1816/1188 1063/1825/1189 1064/1826/1187
f 1058/1816/1188 1057/1814/357 1062/1824/113 1063/1825/1189
f 180/410/301 1056/1812/1190 1061/1823/1182 181/414/302
f 1056/1812/1190 1055/1810/1191 1060/1821/1184 1061/1823/1182
f 1055/1810/1191 1054/1808/1192 1059/1819/1186 1060/1821/1184
f 1054/1808/1192 1053/1806/1193 1058/1817/1188 1059/1819/1186
f 1053/1806/1193 1052/1804/356 1057/1815/357 1058/1817/1188
f 177/404/142 1047/1799/1194 1056/1813/1190 180/411/301
f 1047/1799/1194 1048/1800/1195 1055/1811/1191 1056/1813/1190
f 1048/1800/1195 1049/1801/1196 1054/1809/1192 1055/1811/1191
f 1049/1801/1196 1050/1802/1197 1053/1807/1193 1054/1809/1192
f 1050/1802/1197 1051/1803/61 1052/1805/356 1053/1807/1193
f 176/402/300 1041/1792/1198 1046/1798/1199 173/394/185
f 1041/1792/1198 1040/1790/1200 1045/1797/1201 1046/1798/1199
f 1040/1790/1200 1039/1788/1202 1044/1796/1203 1045/1797/1201
f 1039/1788/1202 1038/1786/1204 1043/1795/1205 1044/1796/1203
f 1038/1786/1204 1037/1784/355 1042/1794/69 1043/1795/1205
f 175/399/299 1036/1782/1206 1041/1793/1198 176/403/300
f 1036/1782/1206 1035/1780/1207 1040/1791/1200 1041/1793/1198
f 1035/1780/1207 1034/1778/1208 1039/1789/1202 1040/1791/1200
f 1034/1778/1208 1033/1776/1209 1038/1787/1204 1039/1789/1202
f 1033/1776/1209 1032/1774/354 1037/1785/355 1038/1787/1204
f 172/393/148 1027/1769/1210 1036/1783/1206 175/400/299
f 1027/1769/1210 1028/1770/1211 1035/1781/1207 1036/1783/1206
f 1028/1770/1211 1029/1771/1212 1034/1779/1208 1035/1781/1207
f 1029/1771/1212 1030/1772/1213 1033/1777/1209 1034/1779/1208
f 1030/1772/1213 1031/1773/24 1032/1775/354 1033/1777/1209
f 171/391/298 1021/1762/1214 1026/1768/1215 168/383/152
f 1021/1762/1214 1020/1760/1216 1025/1767/1217 1026/1768/1215
f 1020/1760/1216 1019/1758/1218 1024/1766/1219 1025/1767/1217
f 1019/1758/1218 1018/1756/1220 1023/1765/1221 1024/1766/1219
f 1018/1756/1220 1017/1754/353 1022/1764/81 1023/1765/1221
f 170/388/297 1016/1752/1222 1021/1763/1214 171/392/298
f 1016/1752/1222 1015/1750/1223 1020/1761/1216 1021/1763/1214
f 1015/1750/1223 1014/1748/1224 1019/1759/1218 1020/1761/1216
f 1014/1748/1224 1013/1746/1225 1018/1757/1220 1019/1759/1218
f 1013/1746/1225 1012/1744/352 1017/1755/353 1018/1757/1220
f 167/382/45 1007/1739/1226 1016/1753/1222 170/389/297
f 1007/1739/1226 1008/1740/1227 1015/1751/1223 1016/1753/1222
f 1008/1740/1227 1009/1741/1228 1014/1749/1224 1015/1751/1223
f 1009/1741/1228 1010/1742/1229 1013/1747/1225 1014/1749/1224
f 1010/1742/1229 1011/1743/193 1012/1745/352 1013/1747/1225
f 46/135/44 1092/1864/1230 1007/1739/1226 167/382/45
f 1092/1864/1230 1093/1865/1231 1008/1740/1227 1007/1739/1226
f 1093/1865/1231 1094/1866/1232 1009/1741/1228 1008/1740/1227
f 1094/1866/1232 1095/1867/1233 1010/1742/1229 1009/1741/1228
f 1095/1867/1233 1096/1868/78 1011/1743/193 1010/1742/1229
f 776/1408/1020 1221/1993/1079 1112/1884/1234 62/159/141
f 1221/1993/1079 1220/1992/1081 1113/1885/1235 1112/1884/1234
f 1220/1992/1081 1219/1991/1083 1114/1886/1236 1113/1885/1235
f 1219/1991/1083 1218/1990/1085 1115/1887/1237 1114/1886/1236
f 1218/1990/1085 1217/1989/117 1116/1888/58 1115/1887/1237
f 178/405/178 1066/1828/1183 1111/1883/1162 49/140/159
f 1066/1828/1183 1065/1827/1185 1110/1882/1163 1111/1883/1162
f 1065/1827/1185 1064/1826/1187 1109/1881/1164 1110/1882/1163
f 1064/1826/1187 1063/1825/1189 1108/1880/1165 1109/1881/1164
f 1063/1825/1189 1062/1824/113 1107/1879/116 1108/1880/1165
f 168/383/152 1026/1768/1215 1091/1863/1074 73/176/153
f 1026/1768/1215 1025/1767/1217 1090/1862/1075 1091/1863/1074
f 1025/1767/1217 1024/1766/1219 1089/1861/1076 1090/1862/1075
f 1024/1766/1219 1023/1765/1221 1088/1860/1077 1089/1861/1076
f 1023/1765/1221 1022/1764/81 1087/1859/84 1088/1860/1077
f 482/934/742 1161/1933/1135 1092/1864/1230 46/135/44
f 1161/1933/1135 1160/1932/1137 1093/1865/1231 1092/1864/1230
f 1160/1932/1137 1159/1931/1139 1094/1866/1232 1093/1865/1231
f 1159/1931/1139 1158/1930/1141 1095/1867/1233 1094/1866/1232
f 1158/1930/1141 1157/1929/75 1096/1868/78 1095/1867/1233
f 510/976/731 1196/1968/1103 1117/1889/1238 54/147/132
f 1196/1968/1103 1195/1967/1105 1118/1890/1239 1117/1889/1238
f 1195/1967/1105 1194/1966/1107 1119/1891/1240 1118/1890/1239
f 1194/1966/1107 1193/1965/1109 1120/1892/1241 1119/1891/1240
f 1193/1965/1109 1192/1964/73 1121/1893/30 1120/1892/1241
f 173/394/185 1046/1798/1199 1101/1873/1130 57/152/172
f 1046/1798/1199 1045/1797/1201 1100/1872/1131 1101/1873/1130
f 1045/1797/1201 1044/1796/1203 1099/1871/1132 1100/1872/1131
f 1044/1796/1203 1043/1795/1205 1098/1870/1133 1099/1871/1132
f 1043/1795/1205 1042/1794/69 1097/1869/72 1098/1870/1133
f 796/1438/1010 1246/2018/1055 1102/1874/1242 70/171/147
f 1246/2018/1055 1245/2017/1057 1103/1875/1243 1102/1874/1242
f 1245/2017/1057 1244/2016/1059 1104/1876/1244 1103/1875/1243
f 1244/2016/1059 1243/2015/1061 1105/1877/1245 1104/1876/1244
f 1243/2015/1061 1242/2014/62 1106/1878/21 1105/1877/1245
f 62/159/141 1112/1884/1234 1047/1799/1194 177/404/142
f 1112/1884/1234 1113/1885/1235 1048/1800/1195 1047/1799/1194
f 1113/1885/1235 1114/1886/1236 1049/1801/1196 1048/1800/1195
f 1114/1886/1236 1115/1887/1237 1050/1802/1197 1049/1801/1196
f 1115/1887/1237 1116/1888/58 1051/1803/61 1050/1802/1197
f 54/147/132 1117/1889/1238 1067/1829/1178 182/415/133
f 1117/1889/1238 1118/1890/1239 1068/1830/1179 1067/1829/1178
f 1118/1890/1239 1119/1891/1240 1069/1831/1180 1068/1830/1179
f 1119/1891/1240 1120/1892/1241 1070/1832/1181 1069/1831/1180
f 1120/1892/1241 1121/1893/30 1071/1833/33 1070/1832/1181
f 70/171/147 1102/1874/1242 1027/1769/1210 172/393/148
f 1102/1874/1242 1103/1875/1243 1028/1770/1211 1027/1769/1210
f 1103/1875/1243 1104/1876/1244 1029/1771/1212 1028/1770/1211
f 1104/1876/1244 1105/1877/1245 1030/1772/1213 1029/1771/1212
f 1105/1877/1245 1106/1878/21 1031/1773/24 1030/1772/1213
f 183/416/164 1086/1858/1167 1126/1898/1098 65/164/165
f 1086/1858/1167 1085/1857/1169 1125/1897/1099 1126/1898/1098
f 1085/1857/1169 1084/1856/1171 1124/1896/1100 1125/1897/1099
f 1084/1856/1171 1083/1855/1173 1123/1895/1101 1124/1896/1100
f 1083/1855/1173 1082/1854/1 1122/1894/4 1123/1895/1101
