# Blender 3.5.0
# www.blender.org
mtllib Chair.mtl
o Chair
v -0.285978 0.375085 0.289247
v -0.287097 0.442325 0.287097
v -0.286104 0.375830 -0.286194
v -0.287097 0.442325 -0.287097
v 0.285978 0.375085 0.289247
v 0.287097 0.442325 0.287097
v 0.286104 0.375830 -0.286194
v 0.287097 0.442325 -0.287097
v 0.222500 0.375830 -0.286194
v -0.222500 0.375830 -0.286194
v -0.221508 0.442325 -0.287097
v 0.221508 0.442325 -0.287097
v -0.222627 0.375085 0.289247
v 0.222627 0.375085 0.289247
v 0.221508 0.442325 0.287097
v -0.221508 0.442325 0.287097
v -0.286104 0.375830 -0.228355
v -0.285983 0.375119 0.230819
v -0.287097 0.442325 0.227452
v -0.287097 0.442325 -0.227452
v 0.285983 0.375119 0.230819
v 0.286104 0.375830 -0.228355
v 0.287097 0.442325 -0.227452
v 0.287097 0.442325 0.227452
v 0.221508 0.442325 -0.227452
v 0.221508 0.442325 0.227452
v -0.221508 0.442325 -0.227452
v -0.221508 0.442325 0.227452
v -0.222500 0.375830 -0.228355
v -0.222621 0.375119 0.230819
v 0.222500 0.375830 -0.228355
v 0.222621 0.375119 0.230819
v 0.186400 0.376658 -0.286322
v 0.149289 0.378741 -0.286644
v 0.111289 0.380946 -0.286985
v 0.073836 0.381665 -0.287097
v 0.036918 0.381665 -0.287097
v 0.000000 0.381665 -0.287097
v -0.036918 0.381665 -0.287097
v -0.073836 0.381665 -0.287097
v -0.111289 0.380946 -0.286985
v -0.149289 0.378741 -0.286644
v -0.186400 0.376658 -0.286322
v -0.184590 0.442325 -0.287097
v -0.147672 0.442325 -0.287097
v -0.110754 0.442325 -0.287097
v -0.073836 0.442325 -0.287097
v -0.036918 0.442325 -0.287097
v 0.000000 0.442325 -0.287097
v 0.036918 0.442325 -0.287097
v 0.073836 0.442325 -0.287097
v 0.110754 0.442325 -0.287097
v 0.147672 0.442325 -0.287097
v 0.184590 0.442325 -0.287097
v -0.186576 0.376172 0.288959
v -0.149335 0.378658 0.288206
v -0.111191 0.381085 0.287377
v -0.073836 0.381825 0.287097
v -0.036918 0.382015 0.287097
v 0.000000 0.382096 0.287097
v 0.036918 0.382015 0.287097
v 0.073836 0.381825 0.287097
v 0.111191 0.381085 0.287377
v 0.149335 0.378658 0.288206
v 0.186576 0.376172 0.288959
v 0.184590 0.442325 0.287097
v 0.147672 0.442325 0.287097
v 0.110754 0.442453 0.287097
v 0.073836 0.442785 0.287097
v 0.036918 0.443088 0.287097
v 0.000000 0.443206 0.287097
v -0.036918 0.443088 0.287097
v -0.073836 0.442785 0.287097
v -0.110754 0.442453 0.287097
v -0.147672 0.442325 0.287097
v -0.184590 0.442325 0.287097
v 0.186400 0.376658 -0.228227
v 0.149289 0.378741 -0.227904
v 0.111289 0.380946 -0.227563
v 0.073836 0.381665 -0.227452
v 0.036918 0.381706 -0.227452
v 0.000000 0.381735 -0.227452
v -0.036918 0.381706 -0.227452
v -0.073836 0.381665 -0.227452
v -0.111289 0.380946 -0.227563
v -0.149289 0.378741 -0.227904
v -0.186400 0.376658 -0.228227
v 0.186558 0.376301 0.230249
v 0.149249 0.379550 0.228862
v 0.111096 0.382962 0.227624
v 0.073836 0.384438 0.227452
v 0.036918 0.385168 0.227452
v 0.000000 0.385433 0.227452
v -0.036918 0.385168 0.227452
v -0.073836 0.384438 0.227452
v -0.111096 0.382962 0.227624
v -0.149249 0.379550 0.228862
v -0.186558 0.376301 0.230249
v -0.184590 0.442325 -0.227452
v -0.147672 0.442325 -0.227452
v -0.110754 0.442325 -0.227452
v -0.073836 0.442407 -0.227452
v -0.036918 0.442554 -0.227452
v 0.000000 0.442619 -0.227452
v 0.036918 0.442554 -0.227452
v 0.073836 0.442407 -0.227452
v 0.110754 0.442325 -0.227452
v 0.147672 0.442325 -0.227452
v 0.184590 0.442325 -0.227452
v -0.184590 0.442641 0.227452
v -0.147672 0.443647 0.227452
v -0.110754 0.444950 0.227452
v -0.073836 0.446185 0.227452
v -0.036918 0.447057 0.227452
v 0.000000 0.447370 0.227452
v 0.036918 0.447057 0.227452
v 0.073836 0.446185 0.227452
v 0.110754 0.444950 0.227452
v 0.147672 0.443647 0.227452
v 0.184590 0.442641 0.227452
v -0.286252 0.376701 -0.191287
v -0.286621 0.378869 -0.153167
v -0.286997 0.381080 -0.114161
v -0.287097 0.381665 -0.075817
v -0.287097 0.381665 -0.037909
v -0.287097 0.381665 0.000000
v -0.287097 0.381665 0.037909
v -0.287097 0.381665 0.075817
v -0.287096 0.381659 0.113731
v -0.286845 0.380185 0.152635
v -0.286355 0.377302 0.192203
v -0.287097 0.442325 0.189544
v -0.287097 0.442325 0.151635
v -0.287097 0.442325 0.113726
v -0.287097 0.442325 0.075817
v -0.287097 0.442325 0.037909
v -0.287097 0.442325 0.000000
v -0.287097 0.442325 -0.037909
v -0.287097 0.442325 -0.075817
v -0.287097 0.442325 -0.113726
v -0.287097 0.442325 -0.151635
v -0.287097 0.442325 -0.189544
v 0.286355 0.377302 0.192203
v 0.286845 0.380185 0.152635
v 0.287096 0.381659 0.113731
v 0.287097 0.381665 0.075817
v 0.287097 0.381665 0.037909
v 0.287097 0.381665 0.000000
v 0.287097 0.381665 -0.037909
v 0.287097 0.381665 -0.075817
v 0.286997 0.381080 -0.114161
v 0.286621 0.378869 -0.153167
v 0.286252 0.376701 -0.191287
v 0.287097 0.442325 -0.189544
v 0.287097 0.442325 -0.151635
v 0.287097 0.442325 -0.113726
v 0.287097 0.442325 -0.075817
v 0.287097 0.442325 -0.037909
v 0.287097 0.442325 0.000000
v 0.287097 0.442325 0.037909
v 0.287097 0.442325 0.075817
v 0.287097 0.442325 0.113726
v 0.287097 0.442325 0.151635
v 0.287097 0.442325 0.189544
v 0.221508 0.442325 -0.189544
v 0.221508 0.442325 -0.151635
v 0.221508 0.442542 -0.113726
v 0.221508 0.443215 -0.075817
v 0.221508 0.443995 -0.037909
v 0.221508 0.444590 0.000000
v 0.221508 0.444810 0.037909
v 0.221508 0.444590 0.075817
v 0.221508 0.443995 0.113726
v 0.221508 0.443215 0.151635
v 0.221508 0.442542 0.189544
v -0.221508 0.442325 -0.189544
v -0.221508 0.442325 -0.151635
v -0.221508 0.442542 -0.113726
v -0.221508 0.443215 -0.075817
v -0.221508 0.443995 -0.037909
v -0.221508 0.444590 0.000000
v -0.221508 0.444810 0.037909
v -0.221508 0.444590 0.075817
v -0.221508 0.443995 0.113726
v -0.221508 0.443215 0.151635
v -0.221508 0.442542 0.189544
v -0.222352 0.376701 -0.191287
v -0.221983 0.378869 -0.153167
v -0.221607 0.381119 -0.114159
v -0.221508 0.382102 -0.075817
v -0.221508 0.382674 -0.037909
v -0.221508 0.383139 0.000000
v -0.221508 0.383314 0.037909
v -0.221508 0.383139 0.075817
v -0.221508 0.382674 0.113727
v -0.221750 0.380675 0.152596
v -0.222248 0.377345 0.192197
v 0.222352 0.376701 -0.191287
v 0.221983 0.378869 -0.153167
v 0.221607 0.381119 -0.114159
v 0.221508 0.382102 -0.075817
v 0.221508 0.382674 -0.037909
v 0.221508 0.383139 0.000000
v 0.221508 0.383314 0.037909
v 0.221508 0.383139 0.075817
v 0.221508 0.382674 0.113727
v 0.221750 0.380675 0.152596
v 0.222248 0.377345 0.192197
v 0.184590 0.442325 -0.189544
v 0.147672 0.442482 -0.189544
v 0.110754 0.443043 -0.189544
v 0.073836 0.443709 -0.189544
v 0.036918 0.444220 -0.189544
v 0.000000 0.444410 -0.189544
v -0.036918 0.444220 -0.189544
v -0.073836 0.443709 -0.189544
v -0.110754 0.443043 -0.189544
v -0.147672 0.442482 -0.189544
v -0.184590 0.442325 -0.189544
v -0.186111 0.377457 -0.191022
v -0.185397 0.379513 -0.152858
v -0.184702 0.382158 -0.113957
v -0.184590 0.383584 -0.075817
v -0.184590 0.384705 -0.037909
v -0.184590 0.385516 0.000000
v -0.184590 0.385810 0.037909
v -0.184590 0.385516 0.075817
v -0.184590 0.384705 0.113726
v -0.184889 0.382750 0.152191
v -0.185795 0.379122 0.191527
v -0.148959 0.379351 -0.190361
v -0.148166 0.381515 -0.152124
v -0.147672 0.383899 -0.113726
v -0.147672 0.385672 -0.075817
v -0.147672 0.387306 -0.037909
v -0.147672 0.388448 0.000000
v -0.147672 0.388858 0.037909
v -0.147672 0.388448 0.075817
v -0.147672 0.387306 0.113726
v -0.147715 0.385593 0.151687
v -0.148406 0.382557 0.190244
v -0.111072 0.381558 -0.189693
v -0.110756 0.383423 -0.151636
v -0.110754 0.385566 -0.113726
v -0.110754 0.387914 -0.075817
v -0.110754 0.390011 -0.037909
v -0.110754 0.391459 0.000000
v -0.110754 0.391976 0.037909
v -0.110754 0.391459 0.075817
v -0.110754 0.390011 0.113726
v -0.110754 0.387914 0.151635
v -0.110781 0.385529 0.189561
v -0.073836 0.382458 -0.189544
v -0.073836 0.384438 -0.151635
v -0.073836 0.387086 -0.113726
v -0.073836 0.389893 -0.075817
v -0.073836 0.392372 -0.037909
v -0.073836 0.394082 0.000000
v -0.073836 0.394694 0.037909
v -0.073836 0.394082 0.075817
v -0.073836 0.392372 0.113726
v -0.073836 0.389893 0.151635
v -0.073836 0.387086 0.189544
v -0.036918 0.382848 -0.189544
v -0.036918 0.385168 -0.151635
v -0.036918 0.388142 -0.113726
v -0.036918 0.391250 -0.075817
v -0.036918 0.393989 -0.037909
v -0.036918 0.395886 0.000000
v -0.036918 0.396568 0.037909
v -0.036918 0.395886 0.075817
v -0.036918 0.393989 0.113726
v -0.036918 0.391250 0.151635
v -0.036918 0.388142 0.189544
v 0.000000 0.382996 -0.189544
v 0.000000 0.385433 -0.151635
v 0.000000 0.388519 -0.113726
v 0.000000 0.391734 -0.075817
v 0.000000 0.394566 -0.037909
v 0.000000 0.396532 0.000000
v 0.000000 0.397242 0.037909
v 0.000000 0.396532 0.075817
v 0.000000 0.394566 0.113726
v 0.000000 0.391734 0.151635
v 0.000000 0.388519 0.189544
v 0.036918 0.382848 -0.189544
v 0.036918 0.385168 -0.151635
v 0.036918 0.388142 -0.113726
v 0.036918 0.391250 -0.075817
v 0.036918 0.393989 -0.037909
v 0.036918 0.395886 0.000000
v 0.036918 0.396568 0.037909
v 0.036918 0.395886 0.075817
v 0.036918 0.393989 0.113726
v 0.036918 0.391250 0.151635
v 0.036918 0.388142 0.189544
v 0.073836 0.382458 -0.189544
v 0.073836 0.384438 -0.151635
v 0.073836 0.387086 -0.113726
v 0.073836 0.389893 -0.075817
v 0.073836 0.392372 -0.037909
v 0.073836 0.394082 0.000000
v 0.073836 0.394694 0.037909
v 0.073836 0.394082 0.075817
v 0.073836 0.392372 0.113726
v 0.073836 0.389893 0.151635
v 0.073836 0.387086 0.189544
v 0.111072 0.381558 -0.189693
v 0.110756 0.383423 -0.151636
v 0.110754 0.385566 -0.113726
v 0.110754 0.387914 -0.075817
v 0.110754 0.390011 -0.037909
v 0.110754 0.391459 0.000000
v 0.110754 0.391976 0.037909
v 0.110754 0.391459 0.075817
v 0.110754 0.390011 0.113726
v 0.110754 0.387914 0.151635
v 0.110781 0.385529 0.189561
v 0.148959 0.379351 -0.190361
v 0.148166 0.381515 -0.152124
v 0.147672 0.383899 -0.113726
v 0.147672 0.385672 -0.075817
v 0.147672 0.387306 -0.037909
v 0.147672 0.388448 0.000000
v 0.147672 0.388858 0.037909
v 0.147672 0.388448 0.075817
v 0.147672 0.387306 0.113726
v 0.147715 0.385593 0.151687
v 0.148406 0.382557 0.190244
v 0.186111 0.377457 -0.191022
v 0.185397 0.379513 -0.152858
v 0.184702 0.382158 -0.113957
v 0.184590 0.383584 -0.075817
v 0.184590 0.384705 -0.037909
v 0.184590 0.385516 0.000000
v 0.184590 0.385810 0.037909
v 0.184590 0.385516 0.075817
v 0.184590 0.384705 0.113726
v 0.184889 0.382750 0.152191
v 0.185795 0.379122 0.191527
v -0.285983 0.002597 0.230819
v -0.285978 0.002631 0.289247
v -0.222500 0.001886 -0.286194
v -0.286104 0.001886 -0.286194
v 0.286104 0.001886 -0.228355
v 0.286104 0.001886 -0.286194
v 0.222627 0.002631 0.289247
v 0.285978 0.002631 0.289247
v 0.222500 0.001886 -0.286194
v -0.222627 0.002631 0.289247
v -0.222621 0.002597 0.230819
v 0.222621 0.002597 0.230819
v -0.286104 0.001886 -0.228355
v 0.285983 0.002597 0.230819
v -0.222500 0.001886 -0.228355
v 0.222500 0.001886 -0.228355
v 0.221508 0.491461 -0.227452
v 0.221508 0.540596 -0.227414
v 0.221508 0.589732 -0.226387
v 0.221508 0.638868 -0.224412
v 0.221508 0.688311 -0.222055
v 0.221508 0.743181 -0.219661
v 0.221508 0.803288 -0.217993
v 0.221508 0.866044 -0.217824
v 0.221508 0.928996 -0.219317
v 0.221508 0.989918 -0.221894
v 0.221508 1.046963 -0.224603
v -0.110754 0.491461 -0.227334
v -0.110754 0.540596 -0.225658
v -0.110754 1.099127 -0.223040
v 0.287097 1.015580 -0.226442
v 0.287097 0.961205 -0.225157
v 0.287097 0.904460 -0.224016
v 0.287097 0.846888 -0.223509
v 0.287097 0.790436 -0.223829
v 0.287097 0.737330 -0.224772
v 0.287097 0.688004 -0.225935
v 0.287097 0.638868 -0.226982
v 0.287097 0.589732 -0.227452
v 0.287097 0.540596 -0.227452
v 0.287097 0.491461 -0.227452
v -0.073836 1.111738 -0.283441
v -0.073836 1.049239 -0.278539
v -0.073836 0.980544 -0.272726
v -0.073836 0.908340 -0.267973
v -0.073836 0.835387 -0.266313
v -0.073836 0.764466 -0.268418
v -0.073836 0.698361 -0.272944
v -0.073836 0.639862 -0.277899
v -0.073836 0.589732 -0.282010
v -0.073836 0.540596 -0.285219
v -0.073836 0.491461 -0.286957
v -0.147672 0.491461 -0.227449
v -0.147672 0.540596 -0.226376
v -0.147672 1.083343 -0.223265
v -0.110754 1.099127 -0.283459
v -0.110754 1.037835 -0.278980
v -0.110754 0.970701 -0.273880
v -0.110754 0.900223 -0.269932
v -0.110754 0.829082 -0.268804
v -0.110754 0.760021 -0.270885
v -0.110754 0.695805 -0.274969
v -0.110754 0.639215 -0.279337
v -0.110754 0.589732 -0.282981
v -0.110754 0.540596 -0.285766
v -0.110754 0.491461 -0.287069
v -0.221508 1.046963 -0.224603
v -0.221508 0.989918 -0.221894
v -0.221508 0.928996 -0.219317
v -0.221508 0.866044 -0.217824
v -0.221508 0.803288 -0.217993
v -0.221508 0.743181 -0.219661
v -0.221508 0.688311 -0.222055
v -0.221508 0.638868 -0.224412
v -0.221508 0.589732 -0.226387
v -0.221508 0.540596 -0.227414
v -0.221508 0.491461 -0.227452
v -0.184590 0.491461 -0.227452
v -0.184590 0.540596 -0.227024
v -0.184590 1.065562 -0.223782
v 0.287097 1.015580 -0.286421
v 0.287097 0.961205 -0.285334
v 0.287097 0.904460 -0.284330
v 0.287097 0.846888 -0.283879
v 0.287097 0.790436 -0.284165
v 0.287097 0.737330 -0.284998
v 0.287097 0.688004 -0.286000
v 0.287097 0.638868 -0.286842
v 0.287097 0.589732 -0.287097
v 0.287097 0.540596 -0.287097
v 0.287097 0.491461 -0.287097
v 0.221508 0.491461 -0.287097
v 0.221508 0.540596 -0.287096
v 0.221508 0.589732 -0.286376
v 0.221508 0.638868 -0.284681
v 0.221508 0.688311 -0.282570
v 0.221508 0.743181 -0.280389
v 0.221508 0.803288 -0.278858
v 0.221508 0.866044 -0.278703
v 0.221508 0.928996 -0.280073
v 0.221508 0.989918 -0.282424
v 0.221508 1.046963 -0.284850
v -0.147672 1.083343 -0.283661
v -0.147672 1.023402 -0.279761
v -0.147672 0.958152 -0.275540
v -0.147672 0.889869 -0.272507
v -0.147672 0.821102 -0.271917
v -0.147672 0.754523 -0.273911
v -0.147672 0.692860 -0.277435
v -0.147672 0.638869 -0.281074
v -0.147672 0.589732 -0.284152
v -0.147672 0.540596 -0.286367
v -0.147672 0.491461 -0.287097
v -0.184590 1.065562 -0.284123
v -0.184590 1.007046 -0.280926
v -0.184590 0.943892 -0.277654
v -0.184590 0.878149 -0.275514
v -0.184590 0.812209 -0.275371
v -0.184590 0.748644 -0.277184
v -0.184590 0.690122 -0.280062
v -0.184590 0.638868 -0.282920
v -0.184590 0.589732 -0.285351
v -0.184590 0.540596 -0.286872
v -0.184590 0.491461 -0.287097
v -0.221508 0.491461 -0.287097
v -0.221508 0.540596 -0.287096
v -0.221508 0.589732 -0.286376
v -0.221508 0.638868 -0.284681
v -0.221508 0.688311 -0.282570
v -0.221508 0.743181 -0.280389
v -0.221508 0.803288 -0.278858
v -0.221508 0.866044 -0.278703
v -0.221508 0.928996 -0.280073
v -0.221508 0.989918 -0.282424
v -0.221508 1.046963 -0.284850
v 0.184590 1.065562 -0.223782
v 0.184590 0.540596 -0.227024
v 0.184590 0.491461 -0.227452
v -0.036918 1.120023 -0.283500
v -0.036918 1.056603 -0.278340
v -0.036918 0.986842 -0.272063
v -0.036918 0.913519 -0.266752
v -0.036918 0.839424 -0.264689
v -0.036918 0.767347 -0.266794
v -0.036918 0.700080 -0.271611
v -0.036918 0.640414 -0.276949
v -0.036918 0.589732 -0.281371
v -0.036918 0.540596 -0.284843
v -0.036918 0.491461 -0.286848
v -0.073836 0.491528 -0.227145
v -0.073836 0.540597 -0.225025
v -0.073836 1.111738 -0.223021
v 0.000000 1.122948 -0.283535
v 0.000000 1.059159 -0.278287
v 0.000000 0.989012 -0.271848
v 0.000000 0.915300 -0.266338
v 0.000000 0.840814 -0.264122
v 0.000000 0.768345 -0.266225
v 0.000000 0.700685 -0.271145
v 0.000000 0.640625 -0.276617
v 0.000000 0.589732 -0.281149
v 0.000000 0.540596 -0.284709
v 0.000000 0.491461 -0.286804
v -0.036918 0.491663 -0.226985
v -0.036918 0.540635 -0.224593
v -0.036918 1.120023 -0.223086
v 0.036918 1.120023 -0.283500
v 0.036918 1.056603 -0.278340
v 0.036918 0.986842 -0.272063
v 0.036918 0.913519 -0.266752
v 0.036918 0.839424 -0.264689
v 0.036918 0.767347 -0.266794
v 0.036918 0.700080 -0.271611
v 0.036918 0.640414 -0.276949
v 0.036918 0.589732 -0.281371
v 0.036918 0.540596 -0.284843
v 0.036918 0.491461 -0.286848
v 0.000000 0.491725 -0.226923
v 0.000000 0.540664 -0.224439
v 0.000000 1.122948 -0.223125
v 0.073836 1.111738 -0.283441
v 0.073836 1.049239 -0.278539
v 0.073836 0.980544 -0.272726
v 0.073836 0.908340 -0.267973
v 0.073836 0.835387 -0.266313
v 0.073836 0.764466 -0.268418
v 0.073836 0.698361 -0.272944
v 0.073836 0.639862 -0.277899
v 0.073836 0.589732 -0.282010
v 0.073836 0.540596 -0.285219
v 0.073836 0.491461 -0.286957
v 0.036918 0.491663 -0.226985
v 0.036918 0.540635 -0.224593
v 0.036918 1.120023 -0.223086
v -0.287097 1.015580 -0.226442
v -0.287097 0.961205 -0.225157
v -0.287097 0.904460 -0.224016
v -0.287097 0.846888 -0.223509
v -0.287097 0.790436 -0.223829
v -0.287097 0.737330 -0.224772
v -0.287097 0.688004 -0.225935
v -0.287097 0.638868 -0.226982
v -0.287097 0.589732 -0.227452
v -0.287097 0.540596 -0.227452
v -0.287097 0.491461 -0.227452
v 0.110754 1.099127 -0.283459
v 0.110754 1.037835 -0.278980
v 0.110754 0.970701 -0.273880
v 0.110754 0.900223 -0.269932
v 0.110754 0.829082 -0.268804
v 0.110754 0.760021 -0.270885
v 0.110754 0.695805 -0.274969
v 0.110754 0.639215 -0.279337
v 0.110754 0.589732 -0.282981
v 0.110754 0.540596 -0.285766
v 0.110754 0.491461 -0.287069
v 0.073836 0.491528 -0.227145
v 0.073836 0.540597 -0.225025
v 0.073836 1.111738 -0.223021
v 0.147672 1.083343 -0.283661
v 0.147672 1.023402 -0.279761
v 0.147672 0.958152 -0.275540
v 0.147672 0.889869 -0.272507
v 0.147672 0.821102 -0.271917
v 0.147672 0.754523 -0.273911
v 0.147672 0.692860 -0.277435
v 0.147672 0.638869 -0.281074
v 0.147672 0.589732 -0.284152
v 0.147672 0.540596 -0.286367
v 0.147672 0.491461 -0.287097
v 0.110754 0.491461 -0.227334
v 0.110754 0.540596 -0.225658
v 0.110754 1.099127 -0.223040
v 0.184590 1.065562 -0.284123
v 0.184590 1.007046 -0.280926
v 0.184590 0.943892 -0.277654
v 0.184590 0.878149 -0.275514
v 0.184590 0.812209 -0.275371
v 0.184590 0.748644 -0.277184
v 0.184590 0.690122 -0.280062
v 0.184590 0.638868 -0.282920
v 0.184590 0.589732 -0.285351
v 0.184590 0.540596 -0.286872
v 0.184590 0.491461 -0.287097
v -0.287097 0.491461 -0.287097
v -0.287097 0.540596 -0.287097
v -0.287097 0.589732 -0.287097
v -0.287097 0.638868 -0.286842
v -0.287097 0.688004 -0.286000
v -0.287097 0.737330 -0.284998
v -0.287097 0.790436 -0.284165
v -0.287097 0.846888 -0.283879
v -0.287097 0.904460 -0.284330
v -0.287097 0.961205 -0.285334
v -0.287097 1.015580 -0.286421
v 0.147672 0.491461 -0.227449
v 0.147672 0.540596 -0.226376
v 0.147672 1.083343 -0.223265
v 0.184590 0.461067 -0.151635
v 0.184590 0.462169 -0.113726
v 0.184590 0.463610 -0.075817
v 0.184590 0.464984 -0.037909
v 0.184590 0.465957 0.000000
v 0.184590 0.466307 0.037909
v 0.184590 0.465957 0.075817
v 0.184590 0.464984 0.113726
v 0.184590 0.463610 0.151635
v 0.184590 0.462169 0.189544
v 0.147672 0.462092 -0.151635
v 0.147672 0.464000 -0.113726
v 0.147672 0.466143 -0.075817
v 0.147672 0.468072 -0.037909
v 0.147672 0.469408 0.000000
v 0.147672 0.469886 0.037909
v 0.147672 0.469408 0.075817
v 0.147672 0.468072 0.113726
v 0.147672 0.466143 0.151635
v 0.147672 0.464000 0.189544
v 0.110754 0.463412 -0.151635
v 0.110754 0.466017 -0.113726
v 0.110754 0.468784 -0.075817
v 0.110754 0.471229 -0.037909
v 0.110754 0.472915 0.000000
v 0.110754 0.473519 0.037909
v 0.110754 0.472915 0.075817
v 0.110754 0.471229 0.113726
v 0.110754 0.468784 0.151635
v 0.110754 0.466017 0.189544
v 0.073836 0.464660 -0.151635
v 0.073836 0.467814 -0.113726
v 0.073836 0.471092 -0.075817
v 0.073836 0.473981 -0.037909
v 0.073836 0.475991 0.000000
v 0.073836 0.476718 0.037909
v 0.073836 0.475991 0.075817
v 0.073836 0.473981 0.113726
v 0.073836 0.471092 0.151635
v 0.073836 0.467814 0.189544
v 0.036918 0.465541 -0.151634
v 0.036918 0.469050 -0.113726
v 0.036918 0.472672 -0.075817
v 0.036918 0.475881 -0.037909
v 0.036918 0.478153 0.000000
v 0.036918 0.478996 0.037909
v 0.036918 0.478153 0.075817
v 0.036918 0.475881 0.113726
v 0.036918 0.472672 0.151635
v 0.036918 0.469050 0.189544
v 0.000000 0.465858 -0.151630
v 0.000000 0.469490 -0.113726
v 0.000000 0.473236 -0.075817
v 0.000000 0.476565 -0.037909
v 0.000000 0.478951 0.000000
v 0.000000 0.479863 0.037909
v 0.000000 0.478951 0.075817
v 0.000000 0.476565 0.113726
v 0.000000 0.473236 0.151635
v 0.000000 0.469490 0.189544
v -0.036918 0.465541 -0.151634
v -0.036918 0.469050 -0.113726
v -0.036918 0.472672 -0.075817
v -0.036918 0.475881 -0.037909
v -0.036918 0.478153 0.000000
v -0.036918 0.478996 0.037909
v -0.036918 0.478153 0.075817
v -0.036918 0.475881 0.113726
v -0.036918 0.472672 0.151635
v -0.036918 0.469050 0.189544
v -0.073836 0.464660 -0.151635
v -0.073836 0.467814 -0.113726
v -0.073836 0.471092 -0.075817
v -0.073836 0.473981 -0.037909
v -0.073836 0.475991 0.000000
v -0.073836 0.476718 0.037909
v -0.073836 0.475991 0.075817
v -0.073836 0.473981 0.113726
v -0.073836 0.471092 0.151635
v -0.073836 0.467814 0.189544
v -0.110754 0.463412 -0.151635
v -0.110754 0.466017 -0.113726
v -0.110754 0.468784 -0.075817
v -0.110754 0.471229 -0.037909
v -0.110754 0.472915 0.000000
v -0.110754 0.473519 0.037909
v -0.110754 0.472915 0.075817
v -0.110754 0.471229 0.113726
v -0.110754 0.468784 0.151635
v -0.110754 0.466017 0.189544
v -0.147672 0.462092 -0.151635
v -0.147672 0.464000 -0.113726
v -0.147672 0.466143 -0.075817
v -0.147672 0.468072 -0.037909
v -0.147672 0.469408 0.000000
v -0.147672 0.469886 0.037909
v -0.147672 0.469408 0.075817
v -0.147672 0.468072 0.113726
v -0.147672 0.466143 0.151635
v -0.147672 0.464000 0.189544
v -0.184590 0.461067 -0.151635
v -0.184590 0.462169 -0.113726
v -0.184590 0.463610 -0.075817
v -0.184590 0.464984 -0.037909
v -0.184590 0.465957 0.000000
v -0.184590 0.466307 0.037909
v -0.184590 0.465957 0.075817
v -0.184590 0.464984 0.113726
v -0.184590 0.463610 0.151635
v -0.184590 0.462169 0.189544
v -0.110754 0.589732 -0.203221
v -0.110754 0.639215 -0.199201
v -0.110754 0.695805 -0.194437
v -0.110754 0.760021 -0.189983
v -0.110754 0.829082 -0.187699
v -0.110754 0.900223 -0.188939
v -0.110754 0.970700 -0.193251
v -0.110754 1.037835 -0.198811
v -0.147672 0.589732 -0.204534
v -0.147672 0.638869 -0.201108
v -0.147672 0.692860 -0.197124
v -0.147672 0.754523 -0.193285
v -0.147672 0.821102 -0.191111
v -0.147672 0.889869 -0.191755
v -0.147672 0.958152 -0.195059
v -0.147672 1.023401 -0.199666
v -0.184590 0.589732 -0.205906
v -0.184590 0.638868 -0.203153
v -0.184590 0.690122 -0.199997
v -0.184590 0.748644 -0.196851
v -0.184590 0.812209 -0.194875
v -0.184590 0.878149 -0.195030
v -0.184590 0.943892 -0.197363
v -0.184590 1.007046 -0.200945
v 0.184590 1.007046 -0.200945
v 0.184590 0.943892 -0.197363
v 0.184590 0.878149 -0.195030
v 0.184590 0.812209 -0.194875
v 0.184590 0.748644 -0.196851
v 0.184590 0.690122 -0.199997
v 0.184590 0.638868 -0.203153
v 0.184590 0.589732 -0.205906
v -0.073836 0.589732 -0.202142
v -0.073836 0.639862 -0.197630
v -0.073836 0.698361 -0.192231
v -0.073836 0.764466 -0.187273
v -0.073836 0.835387 -0.184929
v -0.073836 0.908340 -0.186781
v -0.073836 0.980544 -0.191994
v -0.073836 1.049239 -0.198329
v -0.036918 0.589732 -0.201436
v -0.036918 0.640414 -0.196594
v -0.036918 0.700080 -0.190776
v -0.036918 0.767347 -0.185469
v -0.036918 0.839424 -0.183074
v -0.036918 0.913519 -0.185423
v -0.036918 0.986842 -0.191270
v -0.036918 1.056603 -0.198112
v 0.000000 0.589732 -0.201191
v 0.000000 0.640625 -0.196232
v 0.000000 0.700685 -0.190267
v 0.000000 0.768345 -0.184831
v 0.000000 0.840813 -0.182397
v 0.000000 0.915300 -0.184958
v 0.000000 0.989012 -0.191036
v 0.000000 1.059159 -0.198054
v 0.036918 0.589732 -0.201436
v 0.036918 0.640414 -0.196594
v 0.036918 0.700080 -0.190776
v 0.036918 0.767347 -0.185469
v 0.036918 0.839424 -0.183074
v 0.036918 0.913519 -0.185423
v 0.036918 0.986842 -0.191270
v 0.036918 1.056603 -0.198112
v 0.073836 0.589732 -0.202142
v 0.073836 0.639862 -0.197630
v 0.073836 0.698361 -0.192231
v 0.073836 0.764466 -0.187273
v 0.073836 0.835387 -0.184929
v 0.073836 0.908340 -0.186781
v 0.073836 0.980544 -0.191994
v 0.073836 1.049239 -0.198329
v 0.110754 0.589732 -0.203221
v 0.110754 0.639215 -0.199201
v 0.110754 0.695805 -0.194437
v 0.110754 0.760021 -0.189983
v 0.110754 0.829082 -0.187699
v 0.110754 0.900223 -0.188939
v 0.110754 0.970700 -0.193251
v 0.110754 1.037835 -0.198811
v 0.147672 0.589732 -0.204534
v 0.147672 0.638869 -0.201108
v 0.147672 0.692860 -0.197124
v 0.147672 0.754523 -0.193285
v 0.147672 0.821102 -0.191111
v 0.147672 0.889869 -0.191755
v 0.147672 0.958152 -0.195059
v 0.147672 1.023401 -0.199666
v 0.203287 0.558821 -0.207589
v 0.221508 0.540596 -0.226410
v 0.212398 0.549709 -0.210325
v 0.219067 0.543038 -0.217214
v 0.221508 0.589732 -0.225365
v 0.203297 0.589732 -0.206526
v 0.219068 0.589732 -0.216166
v 0.212402 0.589732 -0.209270
v 0.221508 0.638868 -0.223373
v 0.203314 0.638868 -0.204158
v 0.219070 0.638868 -0.214123
v 0.212411 0.638868 -0.207090
v 0.221508 0.688311 -0.221001
v 0.203337 0.689202 -0.201401
v 0.219073 0.688430 -0.211699
v 0.212422 0.688756 -0.204525
v 0.221508 0.743181 -0.218592
v 0.203362 0.745866 -0.198632
v 0.219077 0.743541 -0.209243
v 0.212435 0.744524 -0.201937
v 0.221508 0.803288 -0.216915
v 0.203374 0.807669 -0.196810
v 0.219078 0.803875 -0.207546
v 0.212441 0.805478 -0.200187
v 0.221508 0.866044 -0.216745
v 0.203362 0.871994 -0.196799
v 0.219077 0.866841 -0.207398
v 0.212435 0.869019 -0.200097
v 0.221508 0.928996 -0.218246
v 0.203331 0.936330 -0.198706
v 0.219073 0.929979 -0.208953
v 0.212419 0.932663 -0.201801
v 0.221508 0.989918 -0.220837
v 0.203300 0.998365 -0.201784
v 0.219068 0.991049 -0.211609
v 0.212404 0.994141 -0.204636
v 0.203279 1.036528 -0.203982
v 0.221508 1.046963 -0.223564
v 0.212394 1.041746 -0.207098
v 0.219066 1.045565 -0.214265
v -0.110754 0.540596 -0.224625
v -0.110754 0.558787 -0.205218
v -0.110754 0.543034 -0.215351
v -0.110754 0.549692 -0.208248
v -0.110754 1.079798 -0.202195
v -0.110754 1.099127 -0.221987
v -0.110754 1.089462 -0.205418
v -0.110754 1.096537 -0.212662
v -0.147672 0.540596 -0.225351
v -0.147672 0.558800 -0.206161
v -0.147672 0.543035 -0.216106
v -0.147672 0.549698 -0.209082
v -0.147672 1.063879 -0.202579
v -0.147672 1.083343 -0.222214
v -0.147672 1.073611 -0.205723
v -0.147672 1.080735 -0.212909
v -0.203279 1.036528 -0.203982
v -0.221508 1.046963 -0.223564
v -0.212394 1.041746 -0.207098
v -0.219066 1.045565 -0.214265
v -0.221508 0.989918 -0.220837
v -0.203300 0.998365 -0.201784
v -0.219068 0.991049 -0.211609
v -0.212404 0.994141 -0.204636
v -0.221508 0.928996 -0.218246
v -0.203331 0.936330 -0.198706
v -0.219073 0.929979 -0.208953
v -0.212419 0.932663 -0.201801
v -0.221508 0.866044 -0.216745
v -0.203362 0.871994 -0.196799
v -0.219077 0.866841 -0.207398
v -0.212435 0.869019 -0.200097
v -0.221508 0.803288 -0.216915
v -0.203374 0.807669 -0.196810
v -0.219078 0.803875 -0.207546
v -0.212441 0.805478 -0.200187
v -0.221508 0.743181 -0.218592
v -0.203362 0.745866 -0.198632
v -0.219077 0.743541 -0.209243
v -0.212435 0.744524 -0.201937
v -0.221508 0.688311 -0.221001
v -0.203337 0.689202 -0.201401
v -0.219073 0.688430 -0.211699
v -0.212422 0.688756 -0.204525
v -0.221508 0.638868 -0.223373
v -0.203314 0.638868 -0.204158
v -0.219070 0.638868 -0.214123
v -0.212411 0.638868 -0.207090
v -0.221508 0.589732 -0.225365
v -0.203297 0.589732 -0.206526
v -0.219068 0.589732 -0.216166
v -0.212402 0.589732 -0.209270
v -0.203287 0.558821 -0.207589
v -0.221508 0.540596 -0.226410
v -0.212398 0.549709 -0.210325
v -0.219067 0.543038 -0.217214
v -0.184590 0.540596 -0.226008
v -0.184590 0.558812 -0.207082
v -0.184590 0.543037 -0.216798
v -0.184590 0.549704 -0.209871
v -0.184590 1.045993 -0.203312
v -0.184590 1.065562 -0.222735
v -0.184590 1.055778 -0.206349
v -0.184590 1.062940 -0.213459
v 0.184590 1.045993 -0.203312
v 0.184590 1.065562 -0.222735
v 0.184590 1.055778 -0.206349
v 0.184590 1.062940 -0.213459
v 0.184590 0.540596 -0.226008
v 0.184590 0.558812 -0.207082
v 0.184590 0.543037 -0.216798
v 0.184590 0.549704 -0.209871
v -0.073836 0.540597 -0.223986
v -0.073836 0.558776 -0.204417
v -0.073836 0.543032 -0.214690
v -0.073836 0.549686 -0.207528
v -0.073836 1.092543 -0.202074
v -0.073836 1.111738 -0.221966
v -0.073836 1.102140 -0.205347
v -0.073836 1.109166 -0.212628
v -0.036918 0.558807 -0.203881
v -0.036918 0.540635 -0.223550
v -0.036918 0.549721 -0.207042
v -0.036918 0.543070 -0.214241
v -0.036918 1.120023 -0.222032
v -0.036918 1.100925 -0.202087
v -0.036918 1.117464 -0.212687
v -0.036918 1.110474 -0.205386
v 0.000000 0.558834 -0.203692
v 0.000000 0.540664 -0.223395
v 0.000000 0.549749 -0.206870
v 0.000000 0.543098 -0.214082
v 0.000000 1.122948 -0.222071
v 0.000000 1.103886 -0.202110
v 0.000000 1.120394 -0.212723
v 0.000000 1.113417 -0.205417
v 0.036918 0.558807 -0.203881
v 0.036918 0.540635 -0.223550
v 0.036918 0.549721 -0.207042
v 0.036918 0.543070 -0.214241
v 0.036918 1.120023 -0.222032
v 0.036918 1.100925 -0.202087
v 0.036918 1.117464 -0.212687
v 0.036918 1.110474 -0.205386
v 0.073836 0.558776 -0.204417
v 0.073836 0.540597 -0.223986
v 0.073836 0.549686 -0.207528
v 0.073836 0.543032 -0.214690
v 0.073836 1.111738 -0.221966
v 0.073836 1.092543 -0.202074
v 0.073836 1.109166 -0.212628
v 0.073836 1.102140 -0.205347
v 0.110754 0.558787 -0.205218
v 0.110754 0.540596 -0.224625
v 0.110754 0.549692 -0.208248
v 0.110754 0.543034 -0.215351
v 0.110754 1.099127 -0.221987
v 0.110754 1.079798 -0.202195
v 0.110754 1.096537 -0.212662
v 0.110754 1.089462 -0.205418
v 0.147672 0.558800 -0.206161
v 0.147672 0.540596 -0.225351
v 0.147672 0.549698 -0.209082
v 0.147672 0.543035 -0.216106
v 0.147672 1.083343 -0.222214
v 0.147672 1.063879 -0.202579
v 0.147672 1.080735 -0.212909
v 0.147672 1.073611 -0.205723
v 0.205853 0.460970 0.211797
v 0.221508 0.445073 0.227452
v 0.213680 0.458753 0.219625
v 0.219411 0.452935 0.225355
v -0.205853 0.460970 0.211797
v -0.221508 0.445073 0.227452
v -0.213680 0.458753 0.219625
v -0.219411 0.452935 0.225355
v -0.184590 0.445407 0.227452
v -0.184590 0.461522 0.211803
v -0.184590 0.453298 0.225356
v -0.184590 0.459196 0.219628
v -0.147672 0.446433 0.227452
v -0.147672 0.462879 0.211816
v -0.147672 0.454368 0.225357
v -0.147672 0.460388 0.219634
v -0.110754 0.447752 0.227452
v -0.110754 0.464485 0.211833
v -0.110754 0.455726 0.225360
v -0.110754 0.461851 0.219643
v -0.073836 0.449000 0.227452
v -0.073836 0.465958 0.211850
v -0.073836 0.457004 0.225362
v -0.073836 0.463211 0.219651
v -0.036918 0.449881 0.227452
v -0.036918 0.466984 0.211863
v -0.036918 0.457904 0.225364
v -0.036918 0.464164 0.219658
v 0.000000 0.450198 0.227452
v 0.000000 0.467351 0.211868
v 0.000000 0.458228 0.225364
v 0.000000 0.464506 0.219660
v 0.036918 0.449881 0.227452
v 0.036918 0.466984 0.211863
v 0.036918 0.457904 0.225364
v 0.036918 0.464164 0.219658
v 0.073836 0.449000 0.227452
v 0.073836 0.465958 0.211850
v 0.073836 0.457004 0.225362
v 0.073836 0.463211 0.219651
v 0.110754 0.447752 0.227452
v 0.110754 0.464485 0.211833
v 0.110754 0.455726 0.225360
v 0.110754 0.461851 0.219643
v 0.147672 0.446433 0.227452
v 0.147672 0.462879 0.211816
v 0.147672 0.454368 0.225357
v 0.147672 0.460388 0.219634
v 0.184590 0.461522 0.211803
v 0.184590 0.445407 0.227452
v 0.184590 0.459196 0.219628
v 0.184590 0.453298 0.225356
v 0.205852 0.460732 -0.173888
v 0.221508 0.445075 -0.189544
v 0.213680 0.458634 -0.181716
v 0.219410 0.452904 -0.187446
v 0.205853 0.460874 -0.151635
v 0.221508 0.445075 -0.151635
v 0.213680 0.458705 -0.151635
v 0.219411 0.452923 -0.151635
v 0.205861 0.461475 -0.113726
v 0.221508 0.445307 -0.113726
v 0.213684 0.459122 -0.113726
v 0.219412 0.453204 -0.113726
v 0.205874 0.462482 -0.075817
v 0.221508 0.445996 -0.075817
v 0.213691 0.459970 -0.075817
v 0.219413 0.453936 -0.075817
v 0.205889 0.463519 -0.037909
v 0.221508 0.446788 -0.037909
v 0.213699 0.460885 -0.037909
v 0.219415 0.454761 -0.037909
v 0.205901 0.464278 0.000000
v 0.221508 0.447391 0.000000
v 0.213704 0.461565 0.000000
v 0.219417 0.455384 0.000000
v 0.205905 0.464554 0.037909
v 0.221508 0.447614 0.037909
v 0.213706 0.461815 0.037909
v 0.219417 0.455614 0.037909
v 0.205901 0.464278 0.075817
v 0.221508 0.447391 0.075817
v 0.213704 0.461565 0.075817
v 0.219417 0.455384 0.075817
v 0.205889 0.463519 0.113726
v 0.221508 0.446788 0.113726
v 0.213699 0.460885 0.113726
v 0.219415 0.454761 0.113726
v 0.205874 0.462482 0.151635
v 0.221508 0.445995 0.151635
v 0.213691 0.459970 0.151635
v 0.219413 0.453935 0.151635
v 0.221508 0.445306 0.189544
v 0.205861 0.461475 0.189544
v 0.219412 0.453203 0.189544
v 0.213684 0.459122 0.189544
v -0.205852 0.460732 -0.173888
v -0.221508 0.445075 -0.189544
v -0.213680 0.458634 -0.181716
v -0.219410 0.452904 -0.187446
v -0.221508 0.445075 -0.151635
v -0.205853 0.460874 -0.151635
v -0.219411 0.452923 -0.151635
v -0.213680 0.458705 -0.151635
v -0.221508 0.445307 -0.113726
v -0.205861 0.461475 -0.113726
v -0.219412 0.453204 -0.113726
v -0.213684 0.459122 -0.113726
v -0.221508 0.445996 -0.075817
v -0.205874 0.462482 -0.075817
v -0.219413 0.453936 -0.075817
v -0.213691 0.459970 -0.075817
v -0.221508 0.446788 -0.037909
v -0.205889 0.463519 -0.037909
v -0.219415 0.454761 -0.037909
v -0.213699 0.460885 -0.037909
v -0.221508 0.447391 0.000000
v -0.205901 0.464278 0.000000
v -0.219417 0.455384 0.000000
v -0.213704 0.461565 0.000000
v -0.221508 0.447614 0.037909
v -0.205905 0.464554 0.037909
v -0.219417 0.455614 0.037909
v -0.213706 0.461815 0.037909
v -0.221508 0.447391 0.075817
v -0.205901 0.464278 0.075817
v -0.219417 0.455384 0.075817
v -0.213704 0.461565 0.075817
v -0.221508 0.446788 0.113726
v -0.205889 0.463519 0.113726
v -0.219415 0.454761 0.113726
v -0.213699 0.460885 0.113726
v -0.221508 0.445995 0.151635
v -0.205874 0.462482 0.151635
v -0.219413 0.453935 0.151635
v -0.213691 0.459970 0.151635
v -0.205861 0.461475 0.189544
v -0.221508 0.445306 0.189544
v -0.213684 0.459122 0.189544
v -0.219412 0.453203 0.189544
v 0.184590 0.460870 -0.173889
v 0.184590 0.445075 -0.189544
v 0.184590 0.458704 -0.181716
v 0.184590 0.452922 -0.187446
v 0.147672 0.461393 -0.173896
v 0.147672 0.445245 -0.189544
v 0.147672 0.459050 -0.181720
v 0.147672 0.453139 -0.187447
v 0.110754 0.462276 -0.173908
v 0.110754 0.445821 -0.189544
v 0.110754 0.459779 -0.181726
v 0.110754 0.453757 -0.187449
v 0.073836 0.463188 -0.173922
v 0.073836 0.446498 -0.189544
v 0.073836 0.460574 -0.181733
v 0.073836 0.454465 -0.187451
v 0.036918 0.463855 -0.173931
v 0.036918 0.447017 -0.189543
v 0.036918 0.461167 -0.181737
v 0.036918 0.455004 -0.187451
v 0.000000 0.464098 -0.173929
v 0.000000 0.447209 -0.189542
v 0.000000 0.461384 -0.181734
v 0.000000 0.455203 -0.187448
v -0.036918 0.463855 -0.173931
v -0.036918 0.447017 -0.189543
v -0.036918 0.461167 -0.181737
v -0.036918 0.455004 -0.187451
v -0.073836 0.463188 -0.173922
v -0.073836 0.446498 -0.189544
v -0.073836 0.460574 -0.181733
v -0.073836 0.454465 -0.187451
v -0.110754 0.462276 -0.173908
v -0.110754 0.445821 -0.189544
v -0.110754 0.459779 -0.181726
v -0.110754 0.453757 -0.187449
v -0.147672 0.461393 -0.173896
v -0.147672 0.445245 -0.189544
v -0.147672 0.459050 -0.181720
v -0.147672 0.453139 -0.187447
v -0.184590 0.445075 -0.189544
v -0.184590 0.460870 -0.173889
v -0.184590 0.452922 -0.187446
v -0.184590 0.458704 -0.181716
v -0.287097 1.038282 -0.226830
v -0.287097 1.066578 -0.253265
v -0.287097 1.052430 -0.230549
v -0.287097 1.062787 -0.240225
v -0.287097 1.066578 -0.261108
v -0.287097 1.038280 -0.286705
v -0.287097 1.062787 -0.274036
v -0.287097 1.052429 -0.283405
v 0.221508 1.070630 -0.285626
v 0.221508 1.098885 -0.260601
v 0.221508 1.084758 -0.282612
v 0.221508 1.095100 -0.273453
v 0.287097 1.038280 -0.286705
v 0.287097 1.066578 -0.261108
v 0.287097 1.052429 -0.283405
v 0.287097 1.062787 -0.274036
v -0.221508 1.098885 -0.260601
v -0.221508 1.070630 -0.285626
v -0.221508 1.095100 -0.273453
v -0.221508 1.084758 -0.282612
v 0.184590 1.089848 -0.285136
v 0.184590 1.118000 -0.260361
v 0.184590 1.103924 -0.282247
v 0.184590 1.114228 -0.273179
v 0.287097 1.066578 -0.253265
v 0.287097 1.038282 -0.226830
v 0.287097 1.062787 -0.240225
v 0.287097 1.052430 -0.230549
v 0.221508 1.070637 -0.225516
v 0.221508 1.098885 -0.252556
v 0.221508 1.084761 -0.229537
v 0.221508 1.095100 -0.239435
v -0.221508 1.070637 -0.225516
v -0.221508 1.098885 -0.252556
v -0.221508 1.084761 -0.229537
v -0.221508 1.095100 -0.239435
v 0.184590 1.118000 -0.252259
v 0.184590 1.089858 -0.224952
v 0.184590 1.114230 -0.239102
v 0.184590 1.103929 -0.229107
v -0.184590 1.118000 -0.260361
v -0.184590 1.089848 -0.285136
v -0.184590 1.114228 -0.273179
v -0.184590 1.103924 -0.282247
v -0.147672 1.136294 -0.260258
v -0.147672 1.108312 -0.284862
v -0.147672 1.132546 -0.273053
v -0.147672 1.122303 -0.282059
v -0.110754 1.152585 -0.260279
v -0.110754 1.124812 -0.284790
v -0.110754 1.148864 -0.273061
v -0.110754 1.138698 -0.282033
v -0.073836 1.165686 -0.260366
v -0.073836 1.138117 -0.284847
v -0.073836 1.161993 -0.273144
v -0.073836 1.151902 -0.282105
v -0.036918 1.174416 -0.260454
v -0.036918 1.146994 -0.284941
v -0.036918 1.170742 -0.273234
v -0.036918 1.160705 -0.282196
v 0.000000 1.177589 -0.260493
v 0.000000 1.150221 -0.284987
v 0.000000 1.173922 -0.273274
v 0.000000 1.163905 -0.282239
v 0.036918 1.174416 -0.260454
v 0.036918 1.146994 -0.284941
v 0.036918 1.170742 -0.273234
v 0.036918 1.160705 -0.282196
v 0.073836 1.165686 -0.260366
v 0.073836 1.138117 -0.284847
v 0.073836 1.161993 -0.273144
v 0.073836 1.151902 -0.282105
v 0.110754 1.152585 -0.260279
v 0.110754 1.124812 -0.284790
v 0.110754 1.148864 -0.273061
v 0.110754 1.138698 -0.282033
v 0.147672 1.136294 -0.260258
v 0.147672 1.108312 -0.284862
v 0.147672 1.132546 -0.273053
v 0.147672 1.122303 -0.282059
v -0.184590 1.089858 -0.224952
v -0.184590 1.118000 -0.252259
v -0.184590 1.103929 -0.229107
v -0.184590 1.114230 -0.239102
v -0.147672 1.108325 -0.224642
v -0.147672 1.136294 -0.252135
v -0.147672 1.122310 -0.228890
v -0.147672 1.132547 -0.238953
v -0.110754 1.124825 -0.224564
v -0.110754 1.152585 -0.252160
v -0.110754 1.138705 -0.228863
v -0.110754 1.148866 -0.238964
v -0.073836 1.138131 -0.224632
v -0.073836 1.165686 -0.252265
v -0.073836 1.151909 -0.228950
v -0.073836 1.161995 -0.239064
v -0.036918 1.147009 -0.224741
v -0.036918 1.174416 -0.252373
v -0.036918 1.160712 -0.229059
v -0.036918 1.170744 -0.239173
v 0.000000 1.150235 -0.224796
v 0.000000 1.177589 -0.252421
v 0.000000 1.163912 -0.229110
v 0.000000 1.173924 -0.239222
v 0.036918 1.147009 -0.224741
v 0.036918 1.174416 -0.252373
v 0.036918 1.160712 -0.229059
v 0.036918 1.170744 -0.239173
v 0.073836 1.138131 -0.224632
v 0.073836 1.165686 -0.252265
v 0.073836 1.151909 -0.228950
v 0.073836 1.161995 -0.239064
v 0.110754 1.124825 -0.224564
v 0.110754 1.152585 -0.252160
v 0.110754 1.138705 -0.228863
v 0.110754 1.148866 -0.238964
v 0.147672 1.108325 -0.224642
v 0.147672 1.136294 -0.252135
v 0.147672 1.122310 -0.228890
v 0.147672 1.132547 -0.238953
v -0.225723 0.314875 0.294134
v -0.229191 0.262676 0.298652
v -0.231797 0.221936 0.301457
v -0.232811 0.188858 0.302403
v -0.231797 0.155780 0.301457
v -0.229191 0.115040 0.298652
v -0.225723 0.062841 0.294134
v -0.225718 0.062815 0.240561
v -0.229190 0.115037 0.250853
v -0.231798 0.155780 0.258021
v -0.232811 0.188858 0.260596
v -0.231798 0.221936 0.258021
v -0.229190 0.262679 0.250853
v -0.225718 0.314900 0.240561
v -0.282887 0.314900 0.240561
v -0.279415 0.262679 0.250853
v -0.276807 0.221936 0.258021
v -0.275794 0.188858 0.260596
v -0.276807 0.155780 0.258021
v -0.279415 0.115037 0.250853
v -0.282887 0.062815 0.240561
v -0.282881 0.062841 0.294134
v -0.279414 0.115040 0.298652
v -0.276807 0.155780 0.301457
v -0.275794 0.188858 0.302403
v -0.276807 0.221936 0.301457
v -0.279414 0.262676 0.298652
v -0.282881 0.314875 0.294134
v 0.225718 0.314900 0.240561
v 0.229190 0.262679 0.250853
v 0.231798 0.221936 0.258021
v 0.232811 0.188858 0.260596
v 0.231798 0.155780 0.258021
v 0.229190 0.115037 0.250853
v 0.225718 0.062815 0.240561
v 0.225723 0.062841 0.294134
v 0.229191 0.115040 0.298652
v 0.231797 0.155780 0.301457
v 0.232811 0.188858 0.302403
v 0.231797 0.221936 0.301457
v 0.229191 0.262676 0.298652
v 0.225723 0.314875 0.294134
v 0.282881 0.314875 0.294134
v 0.279414 0.262676 0.298652
v 0.276807 0.221936 0.301457
v 0.275794 0.188858 0.302403
v 0.276807 0.155780 0.301457
v 0.279414 0.115040 0.298652
v 0.282881 0.062841 0.294134
v 0.282887 0.062815 0.240561
v 0.279415 0.115037 0.250853
v 0.276807 0.155780 0.258021
v 0.275794 0.188858 0.260596
v 0.276807 0.221936 0.258021
v 0.279415 0.262679 0.250853
v 0.282887 0.314900 0.240561
v 0.283454 0.317399 -0.283784
v 0.280219 0.265045 -0.280843
v 0.277485 0.222932 -0.278356
v 0.276332 0.188858 -0.277308
v 0.277485 0.154784 -0.278356
v 0.280219 0.112671 -0.280843
v 0.283454 0.060317 -0.283784
v 0.225151 0.060317 -0.283784
v 0.228385 0.112671 -0.280843
v 0.231120 0.154784 -0.278356
v 0.232272 0.188858 -0.277308
v 0.231120 0.222932 -0.278356
v 0.228385 0.265045 -0.280843
v 0.225151 0.317399 -0.283784
v 0.225151 0.060317 -0.230765
v 0.228385 0.112671 -0.233706
v 0.231120 0.154784 -0.236193
v 0.232272 0.188858 -0.237241
v 0.231120 0.222932 -0.236193
v 0.228385 0.265045 -0.233706
v 0.225151 0.317399 -0.230765
v 0.283454 0.317399 -0.230765
v 0.280219 0.265045 -0.233706
v 0.277485 0.222932 -0.236193
v 0.276332 0.188858 -0.237241
v 0.277485 0.154784 -0.236193
v 0.280219 0.112671 -0.233706
v 0.283454 0.060317 -0.230765
v -0.225151 0.317399 -0.283784
v -0.228385 0.265045 -0.280843
v -0.231120 0.222932 -0.278356
v -0.232272 0.188858 -0.277308
v -0.231120 0.154784 -0.278356
v -0.228385 0.112671 -0.280843
v -0.225151 0.060317 -0.283784
v -0.283454 0.060317 -0.283784
v -0.280219 0.112671 -0.280843
v -0.277485 0.154784 -0.278356
v -0.276332 0.188858 -0.277308
v -0.277485 0.222932 -0.278356
v -0.280219 0.265045 -0.280843
v -0.283454 0.317399 -0.283784
v -0.283454 0.060317 -0.230765
v -0.280219 0.112671 -0.233706
v -0.277485 0.154784 -0.236193
v -0.276332 0.188858 -0.237241
v -0.277485 0.222932 -0.236193
v -0.280219 0.265045 -0.233706
v -0.283454 0.317399 -0.230765
v -0.225151 0.060317 -0.230765
v -0.228385 0.112671 -0.233706
v -0.231120 0.154784 -0.236193
v -0.232272 0.188858 -0.237241
v -0.231120 0.222932 -0.236193
v -0.228385 0.265045 -0.233706
v -0.225151 0.317399 -0.230765
vn -0.8928 -0.3366 0.2995
vn -0.9070 0.2937 0.3018
vn -0.7072 -0.0100 -0.7069
vn -0.7068 -0.0403 -0.7063
vn -0.3003 -0.3359 -0.8927
vn 0.0004 -0.0066 -1.0000
vn 0.7072 -0.0100 -0.7069
vn 0.7068 -0.0403 -0.7063
vn 0.8734 -0.3772 -0.3079
vn 0.7127 0.7014 0.0027
vn 0.5843 0.5812 0.5664
vn 0.7167 0.0142 0.6972
vn 0.3323 -0.2783 0.9012
vn -0.0003 0.7175 0.6965
vn -0.5843 0.5812 0.5664
vn -0.7167 0.0142 0.6972
vn -0.7054 0.0718 0.7052
vn -0.7054 0.0718 -0.7052
vn -0.5891 -0.5546 -0.5876
vn -0.5891 -0.5546 0.5876
vn -0.3021 0.9043 0.3015
vn -0.7127 0.7014 0.0027
vn 0.3021 0.9043 0.3015
vn 0.0003 0.7175 0.6965
vn -0.0063 0.7063 0.7079
vn -0.0017 0.7134 0.7007
vn -0.0583 -0.9976 -0.0366
vn -0.2758 -0.9108 -0.3072
vn -0.3323 -0.2783 0.9012
vn -0.0433 -0.7011 0.7118
vn 0.0433 -0.7011 0.7118
vn -0.0004 -0.0066 -1.0000
vn 0.3003 -0.3359 -0.8927
vn -0.0260 -0.7147 -0.6989
vn 0.0014 -0.0055 -1.0000
vn -0.2991 -0.9063 0.2987
vn -0.0385 -0.9992 0.0102
vn -0.0647 -0.9949 -0.0770
vn -0.0237 -0.9972 -0.0716
vn 0.7054 0.0718 -0.7052
vn 0.5891 -0.5546 -0.5876
vn -0.7004 -0.7124 -0.0442
vn 0.0237 -0.9972 -0.0716
vn 0.2758 -0.9108 -0.3072
vn -0.8734 -0.3772 -0.3079
vn -0.1058 0.7055 0.7008
vn -0.0000 0.7112 0.7030
vn -0.0000 0.1888 0.9820
vn -0.0293 0.1874 0.9818
vn -0.0094 -0.0664 -0.9978
vn -0.0000 -0.0667 -0.9978
vn -0.0000 0.0791 -0.9969
vn 0.0155 0.0778 -0.9968
vn 0.7126 0.7015 0.0079
vn 0.7075 0.7067 0.0041
vn -0.1947 0.6908 0.6963
vn -0.0541 0.1844 0.9814
vn -0.7075 0.7067 0.0041
vn -0.7126 0.7015 0.0079
vn 0.7004 -0.7124 -0.0442
vn 0.9070 0.2937 0.3018
vn 0.8928 -0.3366 0.2995
vn -0.6985 -0.7151 0.0263
vn -0.7113 0.7029 -0.0023
vn -0.0000 0.9904 -0.1384
vn -0.1561 0.9782 -0.1372
vn -0.1558 0.9788 0.1329
vn -0.0000 0.9910 0.1340
vn -0.4706 0.2994 0.8300
vn -0.3303 0.6472 0.6870
vn -0.0967 0.1654 0.9815
vn -0.0950 0.1525 0.9837
vn -0.2609 0.6732 0.6919
vn -0.0739 0.1800 0.9809
vn 0.0426 -0.0478 -0.9979
vn 0.0423 -0.0353 -0.9985
vn -0.0297 0.0901 -0.9955
vn -0.0310 0.0812 -0.9962
vn -0.2793 0.9508 -0.1343
vn -0.2789 0.9515 0.1303
vn -0.3054 0.6577 0.6886
vn -0.0883 0.1737 0.9808
vn -0.3653 0.9216 -0.1313
vn -0.3652 0.9222 0.1275
vn 0.3054 0.6577 0.6886
vn 0.3303 0.6472 0.6870
vn 0.0967 0.1654 0.9815
vn 0.0883 0.1737 0.9808
vn 0.4468 0.8854 -0.1281
vn 0.4475 0.8851 -0.1278
vn 0.4488 0.8849 0.1248
vn 0.4487 0.8848 0.1257
vn -0.4197 0.8985 -0.1290
vn -0.4202 0.8987 0.1256
vn -0.4475 0.8851 -0.1278
vn -0.4468 0.8854 -0.1281
vn -0.4487 0.8848 0.1257
vn -0.4488 0.8849 0.1248
vn 0.0647 -0.9949 -0.0770
vn 0.0583 -0.9976 -0.0366
vn 0.0800 -0.9940 -0.0744
vn 0.0802 -0.9958 -0.0441
vn 0.0599 -0.9958 -0.0693
vn 0.0570 -0.9971 -0.0502
vn 0.0362 -0.9967 -0.0720
vn 0.0267 -0.9980 -0.0570
vn 0.0192 -0.9967 -0.0786
vn 0.0125 -0.9979 -0.0641
vn -0.0000 -0.9967 -0.0814
vn -0.0000 -0.9978 -0.0670
vn -0.0192 -0.9967 -0.0786
vn -0.0125 -0.9979 -0.0641
vn -0.0362 -0.9967 -0.0720
vn -0.0267 -0.9980 -0.0570
vn -0.0599 -0.9958 -0.0693
vn -0.0570 -0.9971 -0.0502
vn -0.0800 -0.9940 -0.0744
vn -0.0802 -0.9958 -0.0441
vn 0.0260 -0.7147 -0.6989
vn 0.0385 -0.9992 0.0102
vn 0.2991 -0.9063 0.2987
vn 0.0372 -0.7088 -0.7045
vn 0.0562 -0.9984 0.0085
vn 0.0249 -0.7025 -0.7112
vn 0.0392 -0.9992 0.0086
vn 0.0064 -0.7048 -0.7094
vn 0.0118 -0.9999 0.0111
vn 0.0003 -0.7073 -0.7069
vn 0.0023 -0.9999 0.0146
vn -0.0000 -0.7074 -0.7068
vn -0.0000 -0.9999 0.0163
vn -0.0003 -0.7073 -0.7069
vn -0.0023 -0.9999 0.0146
vn -0.0064 -0.7048 -0.7094
vn -0.0118 -0.9999 0.0111
vn -0.0249 -0.7025 -0.7112
vn -0.0392 -0.9992 0.0086
vn -0.0372 -0.7088 -0.7045
vn -0.0562 -0.9984 0.0085
vn -0.0014 -0.0055 -1.0000
vn -0.0020 -0.0034 -1.0000
vn -0.0010 -0.0008 -1.0000
vn 0.0004 0.0012 -1.0000
vn 0.0005 0.0024 -1.0000
vn -0.0000 0.0028 -1.0000
vn -0.0005 0.0024 -1.0000
vn -0.0004 0.0012 -1.0000
vn 0.0010 -0.0008 -1.0000
vn 0.0020 -0.0034 -1.0000
vn 0.0017 0.7134 0.7007
vn 0.0045 0.7045 0.7097
vn -0.0618 -0.7037 0.7078
vn 0.0090 0.6942 0.7197
vn -0.0432 -0.7109 0.7020
vn 0.0115 0.6876 0.7260
vn -0.0165 -0.7208 0.6930
vn 0.0074 0.6843 0.7291
vn -0.0062 -0.7247 0.6891
vn -0.0000 0.6834 0.7301
vn -0.0000 -0.7256 0.6881
vn -0.0074 0.6843 0.7291
vn 0.0062 -0.7247 0.6891
vn -0.0115 0.6876 0.7260
vn 0.0165 -0.7208 0.6930
vn -0.0090 0.6942 0.7197
vn 0.0432 -0.7109 0.7020
vn -0.0045 0.7045 0.7097
vn 0.0618 -0.7037 0.7078
vn 0.0063 0.7063 0.7079
vn 0.0115 0.6998 0.7143
vn 0.0141 0.6922 0.7216
vn 0.0127 0.6859 0.7275
vn 0.0074 0.6820 0.7313
vn -0.0000 0.6807 0.7326
vn -0.0074 0.6820 0.7313
vn -0.0127 0.6859 0.7275
vn -0.0141 0.6922 0.7216
vn -0.0115 0.6998 0.7143
vn -0.0362 -0.9986 0.0374
vn -0.0540 -0.9979 0.0350
vn -0.0355 -0.9976 0.0589
vn -0.0505 -0.9971 0.0572
vn -0.0394 -0.9980 0.0499
vn -0.0503 -0.9972 0.0547
vn -0.0491 -0.9982 0.0330
vn -0.0586 -0.9973 0.0454
vn -0.0613 -0.9978 0.0253
vn -0.0705 -0.9969 0.0363
vn -0.0702 -0.9974 0.0145
vn -0.0788 -0.9967 0.0203
vn -0.0733 -0.9973 -0.0000
vn -0.0817 -0.9967 -0.0000
vn -0.0702 -0.9974 -0.0145
vn -0.0788 -0.9967 -0.0203
vn -0.0656 -0.9972 -0.0351
vn -0.0731 -0.9965 -0.0393
vn -0.0653 -0.9956 -0.0671
vn -0.0730 -0.9954 -0.0625
vn -0.0397 -0.9986 0.0342
vn -0.0402 -0.9976 0.0561
vn -0.0455 -0.9971 0.0610
vn -0.0563 -0.9967 0.0578
vn -0.0674 -0.9967 0.0462
vn -0.0748 -0.9969 0.0257
vn -0.0774 -0.9970 -0.0000
vn -0.0748 -0.9969 -0.0257
vn -0.0677 -0.9966 -0.0464
vn -0.0610 -0.9962 -0.0621
vn -0.0171 -0.9991 0.0378
vn -0.0248 -0.9978 0.0610
vn -0.0345 -0.9969 0.0706
vn -0.0446 -0.9966 0.0686
vn -0.0531 -0.9971 0.0544
vn -0.0589 -0.9978 0.0302
vn -0.0609 -0.9981 -0.0000
vn -0.0589 -0.9978 -0.0302
vn -0.0531 -0.9971 -0.0544
vn -0.0447 -0.9966 -0.0687
vn -0.0072 -0.9990 0.0441
vn -0.0134 -0.9976 0.0682
vn -0.0192 -0.9967 0.0786
vn -0.0247 -0.9968 0.0757
vn -0.0293 -0.9978 0.0601
vn -0.0326 -0.9989 0.0334
vn -0.0338 -0.9994 -0.0000
vn -0.0326 -0.9989 -0.0334
vn -0.0293 -0.9978 -0.0601
vn -0.0247 -0.9968 -0.0757
vn -0.0000 -0.9989 0.0472
vn -0.0000 -0.9975 0.0711
vn -0.0000 -0.9967 0.0814
vn -0.0000 -0.9969 0.0782
vn -0.0000 -0.9981 0.0621
vn -0.0000 -0.9994 0.0346
vn -0.0000 -1.0000 -0.0000
vn -0.0000 -0.9994 -0.0346
vn -0.0000 -0.9981 -0.0621
vn -0.0000 -0.9969 -0.0782
vn 0.0072 -0.9990 0.0441
vn 0.0134 -0.9976 0.0682
vn 0.0192 -0.9967 0.0786
vn 0.0247 -0.9968 0.0757
vn 0.0293 -0.9978 0.0601
vn 0.0326 -0.9989 0.0334
vn 0.0338 -0.9994 -0.0000
vn 0.0326 -0.9989 -0.0334
vn 0.0293 -0.9978 -0.0601
vn 0.0247 -0.9968 -0.0757
vn 0.0171 -0.9991 0.0378
vn 0.0248 -0.9978 0.0610
vn 0.0345 -0.9969 0.0706
vn 0.0446 -0.9966 0.0686
vn 0.0531 -0.9971 0.0544
vn 0.0589 -0.9978 0.0302
vn 0.0609 -0.9981 -0.0000
vn 0.0589 -0.9978 -0.0302
vn 0.0531 -0.9971 -0.0544
vn 0.0447 -0.9966 -0.0687
vn 0.0397 -0.9986 0.0342
vn 0.0402 -0.9976 0.0561
vn 0.0455 -0.9971 0.0610
vn 0.0563 -0.9967 0.0578
vn 0.0674 -0.9967 0.0462
vn 0.0748 -0.9969 0.0257
vn 0.0774 -0.9970 -0.0000
vn 0.0748 -0.9969 -0.0257
vn 0.0677 -0.9966 -0.0464
vn 0.0610 -0.9962 -0.0621
vn 0.0540 -0.9979 0.0350
vn 0.0505 -0.9971 0.0572
vn 0.0503 -0.9972 0.0547
vn 0.0586 -0.9973 0.0454
vn 0.0705 -0.9969 0.0363
vn 0.0788 -0.9967 0.0203
vn 0.0817 -0.9967 -0.0000
vn 0.0788 -0.9967 -0.0203
vn 0.0731 -0.9965 -0.0393
vn 0.0730 -0.9954 -0.0625
vn 0.0362 -0.9986 0.0374
vn 0.0355 -0.9976 0.0589
vn 0.0394 -0.9980 0.0499
vn 0.0491 -0.9982 0.0330
vn 0.0613 -0.9978 0.0253
vn 0.0702 -0.9974 0.0145
vn 0.0733 -0.9973 -0.0000
vn 0.0702 -0.9974 -0.0145
vn 0.0656 -0.9972 -0.0351
vn 0.0653 -0.9956 -0.0671
vn 0.0101 -0.9992 0.0394
vn 0.0104 -0.9983 0.0578
vn 0.0151 -0.9990 0.0429
vn 0.0241 -0.9995 0.0204
vn 0.0343 -0.9993 0.0132
vn 0.0421 -0.9991 0.0079
vn 0.0448 -0.9990 -0.0000
vn 0.0421 -0.9991 -0.0079
vn 0.0364 -0.9989 -0.0296
vn 0.0305 -0.9974 -0.0652
vn -0.0040 0.7093 0.7049
vn -0.0008 0.7075 0.7067
vn -0.0008 0.7072 -0.7070
vn -0.0034 0.7059 -0.7083
vn -0.0078 0.7131 0.7011
vn -0.0062 0.7006 -0.7135
vn -0.0086 0.7167 0.6974
vn -0.0066 0.6949 -0.7191
vn -0.0056 0.7185 0.6955
vn -0.0043 0.6910 -0.7228
vn -0.0000 0.7191 0.6949
vn -0.0000 0.6897 -0.7241
vn 0.0056 0.7185 0.6955
vn 0.0043 0.6910 -0.7228
vn 0.0086 0.7167 0.6974
vn 0.0066 0.6949 -0.7191
vn 0.0078 0.7131 0.7011
vn 0.0062 0.7006 -0.7135
vn 0.1431 0.9896 -0.0118
vn 0.0221 0.9995 -0.0225
vn 0.0403 0.9986 -0.0354
vn 0.1610 0.9867 -0.0230
vn -0.0596 0.9975 -0.0386
vn -0.1798 0.9833 -0.0282
vn -0.1943 0.9806 -0.0245
vn -0.0746 0.9967 -0.0321
vn 0.0257 0.9837 -0.1780
vn 0.0223 0.9812 -0.1919
vn 0.0299 0.9969 -0.0731
vn 0.0363 0.9976 -0.0587
vn 0.0435 0.9984 0.0362
vn 0.0535 0.9972 0.0527
vn 0.0415 0.9832 0.1777
vn 0.0314 0.9868 0.1588
vn 0.1028 0.9894 -0.1027
vn 0.0111 0.9897 -0.1426
vn -0.0403 0.9986 -0.0354
vn -0.1610 0.9867 -0.0230
vn 0.0040 0.7093 0.7049
vn 0.0034 0.7059 -0.7083
vn -0.0435 0.9984 0.0362
vn -0.1618 0.9865 0.0246
vn -0.1184 0.9862 0.1153
vn -0.0314 0.9868 0.1588
vn -0.0223 0.9812 -0.1919
vn -0.0257 0.9837 -0.1780
vn -0.0363 0.9976 -0.0587
vn -0.0299 0.9969 -0.0731
vn 0.0528 0.9962 0.0697
vn 0.0426 0.9799 0.1946
vn -0.0221 0.9995 -0.0225
vn -0.1431 0.9896 -0.0118
vn 0.0209 0.9869 -0.1598
vn 0.0336 0.9986 -0.0401
vn 0.0420 0.9956 0.0833
vn 0.0344 0.9776 0.2078
vn -0.0111 0.9897 -0.1426
vn -0.1028 0.9894 -0.1027
vn 0.1618 0.9865 0.0246
vn 0.1184 0.9862 0.1153
vn 0.0232 0.9955 0.0921
vn 0.0191 0.9761 0.2163
vn -0.0127 0.9796 -0.2006
vn -0.0168 0.9965 -0.0823
vn 0.0008 0.7075 0.7067
vn 0.0008 0.7072 -0.7070
vn -0.0000 0.9955 0.0953
vn -0.0000 0.9757 0.2193
vn 0.9917 0.1289 0.0016
vn 0.6975 0.1653 0.6973
vn 0.1798 0.9833 0.0282
vn 0.0596 0.9975 0.0386
vn -0.0232 0.9955 0.0921
vn -0.0191 0.9761 0.2163
vn 0.1943 0.9806 0.0245
vn 0.0746 0.9967 0.0321
vn -0.0000 0.9791 -0.2036
vn -0.0000 0.9963 -0.0854
vn -0.0420 0.9956 0.0833
vn -0.0344 0.9776 0.2078
vn 0.2035 0.9790 0.0140
vn 0.0842 0.9963 0.0181
vn 0.7068 0.7075 -0.0010
vn 0.3015 0.9045 -0.3015
vn 0.6972 0.1670 -0.6972
vn 0.9915 0.1298 -0.0005
vn -0.0000 0.7071 0.7071
vn -0.0596 0.9975 0.0386
vn -0.1798 0.9833 0.0282
vn -0.0528 0.9962 0.0697
vn -0.0426 0.9799 0.1946
vn 0.2066 0.9784 -0.0000
vn 0.0875 0.9962 -0.0000
vn -0.3015 0.9045 -0.3015
vn -0.7068 0.7075 -0.0010
vn -0.9915 0.1298 -0.0005
vn -0.6972 0.1670 -0.6972
vn -0.0746 0.9967 0.0321
vn -0.1943 0.9806 0.0245
vn -0.0535 0.9972 0.0527
vn -0.0415 0.9832 0.1777
vn 0.0127 0.9796 -0.2006
vn 0.0168 0.9965 -0.0823
vn 0.2035 0.9790 -0.0140
vn 0.0842 0.9963 -0.0181
vn -0.0842 0.9963 0.0181
vn -0.2035 0.9790 0.0140
vn -0.7137 0.7004 0.0100
vn -0.7073 -0.7058 -0.0398
vn -0.7162 0.6979 0.0075
vn -0.7064 -0.7076 -0.0168
vn -0.7187 0.6953 0.0037
vn -0.6995 -0.7146 -0.0030
vn -0.7198 0.6942 -0.0000
vn -0.6986 -0.7155 -0.0000
vn -0.7187 0.6953 -0.0037
vn -0.6995 -0.7146 0.0030
vn -0.7158 0.6983 -0.0063
vn -0.7018 -0.7124 0.0049
vn -0.7122 0.7020 -0.0072
vn -0.7064 -0.7078 0.0094
vn -0.7098 0.7044 -0.0063
vn -0.7109 -0.7028 0.0250
vn -0.7100 0.7042 -0.0043
vn -0.7045 -0.7087 0.0368
vn 0.7113 0.7029 -0.0023
vn 0.6985 -0.7151 0.0263
vn 0.7100 0.7042 -0.0043
vn 0.7045 -0.7087 0.0368
vn 0.7098 0.7044 -0.0063
vn 0.7109 -0.7028 0.0250
vn 0.7122 0.7020 -0.0072
vn 0.7064 -0.7078 0.0094
vn 0.7158 0.6983 -0.0063
vn 0.7018 -0.7124 0.0049
vn 0.7187 0.6953 -0.0037
vn 0.6995 -0.7146 0.0030
vn 0.7198 0.6942 -0.0000
vn 0.6986 -0.7155 -0.0000
vn 0.7187 0.6953 0.0037
vn 0.6995 -0.7146 -0.0030
vn 0.7162 0.6979 0.0075
vn 0.7064 -0.7076 -0.0168
vn 0.7137 0.7004 0.0100
vn 0.7073 -0.7058 -0.0398
vn -0.0101 -0.9992 0.0394
vn -0.0104 -0.9983 0.0578
vn -0.0151 -0.9990 0.0429
vn -0.0241 -0.9995 0.0204
vn -0.0343 -0.9993 0.0132
vn -0.0421 -0.9991 0.0079
vn -0.0448 -0.9990 -0.0000
vn -0.0421 -0.9991 -0.0079
vn -0.0364 -0.9989 -0.0296
vn -0.0305 -0.9974 -0.0652
vn -0.7075 0.7067 -0.0041
vn -0.7117 0.7024 -0.0067
vn -0.7164 0.6977 -0.0063
vn -0.7198 0.6942 -0.0037
vn -0.7211 0.6929 -0.0000
vn -0.7198 0.6942 0.0037
vn -0.7164 0.6977 0.0063
vn -0.7117 0.7024 0.0067
vn 0.7075 0.7067 -0.0041
vn 0.7117 0.7024 -0.0067
vn 0.7164 0.6977 -0.0063
vn 0.7198 0.6942 -0.0037
vn 0.7211 0.6929 -0.0000
vn 0.7198 0.6942 0.0037
vn 0.7164 0.6977 0.0063
vn 0.7117 0.7024 0.0067
vn 0.1943 0.9806 -0.0245
vn 0.0746 0.9967 -0.0321
vn -0.0209 0.9869 -0.1598
vn -0.0336 0.9986 -0.0401
vn -0.0875 0.9962 -0.0000
vn -0.2066 0.9784 -0.0000
vn -0.6975 0.1653 0.6973
vn -0.9917 0.1289 0.0016
vn 0.1798 0.9833 -0.0282
vn 0.0596 0.9975 -0.0386
vn -0.0842 0.9963 -0.0181
vn -0.2035 0.9790 -0.0140
vn -0.5843 -0.5210 -0.6222
vn 0.5843 -0.5210 -0.6222
vn 0.5982 -0.5833 0.5495
vn -0.5982 -0.5833 0.5495
vn 0.5891 -0.5546 0.5876
vn 0.7054 0.0718 0.7052
vn 0.7002 0.1648 -0.6947
vn 0.7099 -0.0169 0.7041
vn -0.7099 -0.0169 0.7041
vn -0.7002 0.1648 -0.6947
vn -0.0426 -0.0478 -0.9979
vn -0.0369 -0.0560 -0.9977
vn 0.0322 0.0767 -0.9965
vn 0.0310 0.0812 -0.9962
vn 0.7249 0.0228 0.6885
vn 0.6911 -0.0205 -0.7225
vn 0.6855 0.0459 -0.7266
vn 0.7199 0.2742 -0.6377
vn 0.7834 0.5093 -0.3563
vn 0.8262 0.5571 -0.0840
vn 0.8271 0.5561 0.0817
vn 0.7896 0.5103 0.3408
vn 0.7363 0.2937 0.6097
vn 0.7088 0.0796 0.7009
vn -0.7249 0.0228 0.6885
vn -0.7088 0.0796 0.7009
vn 0.4706 0.2994 0.8300
vn 0.0950 0.1525 0.9837
vn -0.0286 -0.0617 -0.9977
vn 0.0312 0.0752 -0.9967
vn -0.0191 -0.0650 -0.9977
vn 0.0260 0.0759 -0.9968
vn 0.0094 -0.0664 -0.9978
vn -0.0155 0.0778 -0.9968
vn 0.0191 -0.0650 -0.9977
vn -0.0260 0.0759 -0.9968
vn 0.0286 -0.0617 -0.9977
vn -0.0312 0.0752 -0.9967
vn 0.0369 -0.0560 -0.9977
vn -0.0322 0.0767 -0.9965
vn 0.1561 0.9782 -0.1372
vn 0.1558 0.9788 0.1329
vn 0.1058 0.7055 0.7008
vn 0.0293 0.1874 0.9818
vn 0.2793 0.9508 -0.1343
vn 0.2789 0.9515 0.1303
vn 0.1947 0.6908 0.6963
vn 0.0541 0.1844 0.9814
vn -0.6911 -0.0205 -0.7225
vn -0.6855 0.0459 -0.7266
vn 0.3653 0.9216 -0.1313
vn 0.3652 0.9222 0.1275
vn 0.2609 0.6732 0.6919
vn 0.0739 0.1800 0.9809
vn 0.4197 0.8985 -0.1290
vn 0.4202 0.8987 0.1256
vn -0.0423 -0.0353 -0.9985
vn 0.0297 0.0901 -0.9955
vn -0.8262 0.5571 -0.0840
vn -0.8271 0.5561 0.0817
vn -0.7072 -0.0001 0.7071
vn -0.7071 -0.0000 -0.7071
vn -0.7087 -0.0038 0.7055
vn -0.7061 0.0026 -0.7081
vn -0.7145 -0.0124 0.6995
vn -0.7017 0.0097 -0.7124
vn -0.7219 -0.0205 0.6917
vn -0.6943 0.0179 -0.7195
vn -0.7275 -0.0235 0.6857
vn -0.6885 0.0219 -0.7249
vn -0.7318 -0.0197 0.6812
vn -0.6840 0.0190 -0.7292
vn -0.7345 -0.0100 0.6785
vn -0.6812 0.0098 -0.7320
vn -0.7352 0.0030 0.6778
vn -0.6805 -0.0029 -0.7327
vn -0.7337 0.0152 0.6793
vn -0.6821 -0.0148 -0.7311
vn -0.7299 0.0227 0.6832
vn -0.6860 -0.0215 -0.7273
vn 0.0035 -0.0050 1.0000
vn 0.0054 -0.0111 0.9999
vn 0.0050 -0.7099 0.7043
vn 0.0070 -0.7145 0.6996
vn -0.0025 0.0030 -1.0000
vn -0.0008 0.0006 -1.0000
vn -0.0125 0.0182 -0.9998
vn -0.0064 0.0081 -0.9999
vn -0.0297 0.0397 -0.9988
vn -0.0205 0.0230 -0.9995
vn -0.0483 0.0521 -0.9975
vn -0.0396 0.0352 -0.9986
vn -0.0651 0.0521 -0.9965
vn -0.0577 0.0386 -0.9976
vn -0.0790 0.0386 -0.9961
vn -0.0724 0.0310 -0.9969
vn -0.0872 0.0130 -0.9961
vn -0.0816 0.0134 -0.9966
vn -0.0868 -0.0175 -0.9961
vn -0.0829 -0.0091 -0.9965
vn -0.0773 -0.0422 -0.9961
vn -0.0754 -0.0286 -0.9967
vn -0.0609 -0.0530 -0.9967
vn -0.0603 -0.0384 -0.9974
vn 0.0066 -0.0180 0.9998
vn 0.0078 -0.7190 0.6949
vn 0.0008 0.0006 -1.0000
vn 0.0064 0.0081 -0.9999
vn 0.0205 0.0230 -0.9995
vn 0.0396 0.0352 -0.9986
vn 0.0577 0.0386 -0.9976
vn 0.0724 0.0310 -0.9969
vn 0.0816 0.0134 -0.9966
vn 0.0829 -0.0091 -0.9965
vn 0.0754 -0.0286 -0.9967
vn 0.0603 -0.0384 -0.9974
vn -0.0039 0.0077 -1.0000
vn -0.0156 0.0298 -0.9994
vn -0.0318 0.0532 -0.9981
vn -0.0479 0.0644 -0.9968
vn -0.0631 0.0618 -0.9961
vn -0.0758 0.0432 -0.9962
vn -0.0828 0.0105 -0.9965
vn -0.0810 -0.0265 -0.9964
vn -0.0704 -0.0543 -0.9960
vn -0.0543 -0.0644 -0.9964
vn 0.0059 -0.0242 0.9997
vn 0.0062 -0.7224 0.6914
vn -0.0048 0.0134 -0.9999
vn -0.0155 0.0408 -0.9990
vn -0.0288 0.0643 -0.9975
vn -0.0419 0.0746 -0.9963
vn -0.0546 0.0697 -0.9961
vn -0.0655 0.0464 -0.9968
vn -0.0710 0.0069 -0.9975
vn -0.0682 -0.0358 -0.9970
vn -0.0579 -0.0655 -0.9962
vn -0.0435 -0.0738 -0.9963
vn 0.0034 -0.0285 0.9996
vn 0.0031 -0.7247 0.6891
vn -0.0046 0.0187 -0.9998
vn -0.0124 0.0494 -0.9987
vn -0.0217 0.0727 -0.9971
vn -0.0310 0.0823 -0.9961
vn -0.0404 0.0757 -0.9963
vn -0.0485 0.0485 -0.9976
vn -0.0524 0.0033 -0.9986
vn -0.0495 -0.0440 -0.9978
vn -0.0410 -0.0745 -0.9964
vn -0.0301 -0.0806 -0.9963
vn -0.0014 -0.0013 1.0000
vn -0.3015 -0.3039 0.9037
vn -0.7113 -0.0124 0.7027
vn -0.7197 -0.0206 0.6939
vn -0.7277 -0.0235 0.6854
vn -0.7344 -0.0192 0.6784
vn -0.7388 -0.0084 0.6739
vn -0.7395 0.0055 0.6732
vn -0.7360 0.0175 0.6767
vn -0.7292 0.0234 0.6839
vn -0.0000 -0.0300 0.9996
vn -0.0000 -0.7256 0.6882
vn -0.0028 0.0223 -0.9997
vn -0.0069 0.0547 -0.9985
vn -0.0116 0.0778 -0.9969
vn -0.0165 0.0872 -0.9961
vn -0.0215 0.0795 -0.9966
vn -0.0260 0.0498 -0.9984
vn -0.0280 0.0005 -0.9996
vn -0.0261 -0.0497 -0.9984
vn -0.0212 -0.0803 -0.9965
vn -0.0153 -0.0845 -0.9963
vn -0.0034 -0.0285 0.9996
vn -0.0031 -0.7247 0.6891
vn -0.0000 0.0236 -0.9997
vn -0.0000 0.0565 -0.9984
vn -0.0000 0.0796 -0.9968
vn -0.0000 0.0889 -0.9960
vn -0.0000 0.0809 -0.9967
vn -0.0000 0.0502 -0.9987
vn -0.0000 -0.0005 -1.0000
vn -0.0000 -0.0518 -0.9987
vn -0.0000 -0.0823 -0.9966
vn -0.0000 -0.0858 -0.9963
vn 0.7072 -0.0001 0.7071
vn 0.0014 -0.0013 1.0000
vn 0.7087 -0.0038 0.7055
vn 0.3015 -0.3039 0.9037
vn 0.7145 -0.0124 0.6995
vn 0.7113 -0.0124 0.7027
vn 0.7219 -0.0205 0.6917
vn 0.7197 -0.0206 0.6939
vn 0.7275 -0.0235 0.6857
vn 0.7277 -0.0235 0.6854
vn 0.7318 -0.0197 0.6812
vn 0.7344 -0.0192 0.6784
vn 0.7345 -0.0100 0.6785
vn 0.7388 -0.0084 0.6739
vn 0.7352 0.0030 0.6778
vn 0.7395 0.0055 0.6732
vn 0.7337 0.0152 0.6793
vn 0.7360 0.0175 0.6767
vn 0.7299 0.0227 0.6832
vn 0.7292 0.0234 0.6839
vn 0.0025 0.0030 -1.0000
vn 0.0125 0.0182 -0.9998
vn 0.0297 0.0397 -0.9988
vn 0.0483 0.0521 -0.9975
vn 0.0651 0.0521 -0.9965
vn 0.0790 0.0386 -0.9961
vn 0.0872 0.0130 -0.9961
vn 0.0868 -0.0175 -0.9961
vn 0.0773 -0.0422 -0.9961
vn 0.0609 -0.0530 -0.9967
vn 0.0039 0.0077 -1.0000
vn 0.0156 0.0298 -0.9994
vn 0.0318 0.0532 -0.9981
vn 0.0479 0.0644 -0.9968
vn 0.0631 0.0618 -0.9961
vn 0.0758 0.0432 -0.9962
vn 0.0828 0.0105 -0.9965
vn 0.0810 -0.0265 -0.9964
vn 0.0704 -0.0543 -0.9960
vn 0.0543 -0.0644 -0.9964
vn 0.7071 -0.0000 -0.7071
vn 0.7061 0.0026 -0.7081
vn 0.7017 0.0097 -0.7124
vn 0.6943 0.0179 -0.7195
vn 0.6885 0.0219 -0.7249
vn 0.6840 0.0190 -0.7292
vn 0.6812 0.0098 -0.7320
vn 0.6805 -0.0029 -0.7327
vn 0.6821 -0.0148 -0.7311
vn 0.6860 -0.0215 -0.7273
vn -0.0035 -0.0050 1.0000
vn -0.0050 -0.7099 0.7043
vn 0.0048 0.0134 -0.9999
vn 0.0155 0.0408 -0.9990
vn 0.0288 0.0643 -0.9975
vn 0.0419 0.0746 -0.9963
vn 0.0546 0.0697 -0.9961
vn 0.0655 0.0464 -0.9968
vn 0.0710 0.0069 -0.9975
vn 0.0682 -0.0358 -0.9970
vn 0.0579 -0.0655 -0.9962
vn 0.0435 -0.0738 -0.9963
vn -0.0054 -0.0111 0.9999
vn -0.0070 -0.7145 0.6996
vn 0.0609 0.0708 0.9956
vn 0.0708 0.0606 0.9956
vn 0.1160 0.1779 0.9772
vn 0.1043 0.1903 0.9762
vn -0.0335 0.0883 0.9955
vn -0.0170 0.0926 0.9956
vn -0.0334 0.2140 0.9763
vn -0.0629 0.2086 0.9760
vn 0.0248 -0.1910 0.9813
vn 0.0269 -0.1799 0.9833
vn 0.0377 -0.0604 0.9975
vn 0.0335 -0.0719 0.9968
vn 0.0260 -0.1668 0.9857
vn 0.1198 -0.1269 0.9847
vn 0.1629 -0.0406 0.9858
vn 0.0376 -0.0490 0.9981
vn -0.2212 0.0147 0.9751
vn -0.0950 0.0202 0.9953
vn -0.0851 0.0477 0.9952
vn -0.2126 0.0395 0.9763
vn -0.0708 0.0606 0.9956
vn -0.1975 0.0526 0.9789
vn 0.0046 0.0187 -0.9998
vn 0.0124 0.0494 -0.9987
vn 0.0217 0.0727 -0.9971
vn 0.0310 0.0823 -0.9961
vn 0.0404 0.0757 -0.9963
vn 0.0485 0.0485 -0.9976
vn 0.0524 0.0033 -0.9986
vn 0.0495 -0.0440 -0.9978
vn 0.0410 -0.0745 -0.9964
vn 0.0301 -0.0806 -0.9963
vn -0.0066 -0.0180 0.9998
vn -0.0078 -0.7190 0.6949
vn -0.0486 0.0809 0.9955
vn -0.0868 0.2006 0.9758
vn -0.0000 0.0940 0.9956
vn -0.0000 0.2160 0.9764
vn -0.1160 0.1779 0.9772
vn -0.1857 0.1344 0.9734
vn -0.9917 0.0059 0.1283
vn -0.8433 0.5198 0.1364
vn 0.0170 0.0926 0.9956
vn 0.0335 0.0883 0.9955
vn 0.0629 0.2086 0.9760
vn 0.0334 0.2140 0.9763
vn -0.0260 -0.1668 0.9857
vn -0.0269 -0.1799 0.9833
vn -0.0377 -0.0604 0.9975
vn -0.0376 -0.0490 0.9981
vn -0.0024 -0.9917 0.1283
vn -0.0025 -0.9917 0.1286
vn -0.0248 -0.1910 0.9813
vn -0.0335 -0.0719 0.9968
vn 0.0486 0.0809 0.9955
vn 0.0868 0.2006 0.9758
vn 0.1975 0.0526 0.9789
vn 0.1857 0.1344 0.9734
vn -0.0000 -0.2061 0.9785
vn 0.0100 -0.2044 0.9788
vn 0.0133 -0.0861 0.9962
vn -0.0000 -0.0879 0.9961
vn 0.0851 0.0477 0.9952
vn 0.2126 0.0395 0.9763
vn 0.0188 -0.1994 0.9797
vn 0.0250 -0.0806 0.9964
vn -0.0609 0.0708 0.9956
vn -0.1043 0.1903 0.9762
vn 0.0950 0.0202 0.9953
vn 0.2212 0.0147 0.9751
vn -0.1198 -0.1269 0.9847
vn -0.1629 -0.0406 0.9858
vn -0.4108 0.9032 0.1245
vn -0.3550 0.9263 0.1264
vn -0.0540 -0.0601 0.9967
vn -0.1811 -0.0516 0.9821
vn 0.0028 0.0223 -0.9997
vn 0.0069 0.0547 -0.9985
vn 0.0116 0.0778 -0.9969
vn 0.0165 0.0872 -0.9961
vn 0.0215 0.0795 -0.9966
vn 0.0260 0.0498 -0.9984
vn 0.0280 0.0005 -0.9996
vn 0.0261 -0.0497 -0.9984
vn 0.0212 -0.0803 -0.9965
vn 0.0153 -0.0845 -0.9963
vn -0.0059 -0.0242 0.9997
vn -0.0062 -0.7224 0.6914
vn 0.0951 -0.0140 0.9954
vn 0.2208 -0.0146 0.9752
vn -0.0188 -0.1994 0.9797
vn -0.0100 -0.2044 0.9788
vn -0.0133 -0.0861 0.9962
vn -0.0250 -0.0806 0.9964
vn 0.0861 -0.0429 0.9954
vn 0.2122 -0.0388 0.9765
vn -0.0714 -0.0587 0.9957
vn -0.1981 -0.0516 0.9788
vn 0.0714 -0.0587 0.9957
vn 0.1981 -0.0516 0.9788
vn -0.0861 -0.0429 0.9954
vn -0.2122 -0.0388 0.9765
vn 0.0540 -0.0601 0.9967
vn 0.1811 -0.0516 0.9821
vn -0.0951 -0.0140 0.9954
vn -0.2208 -0.0146 0.9752
vn 0.4108 0.9032 0.1245
vn 0.4401 0.8894 0.1237
vn 0.9917 -0.0040 0.1285
vn 0.6972 -0.6979 0.1639
vn -0.0042 0.1284 0.9917
vn -0.0024 0.1287 0.9917
vn 0.0004 0.1299 -0.9915
vn 0.0024 0.1287 0.9917
vn 0.0042 0.1284 0.9917
vn 0.0045 0.1281 0.9918
vn 0.0038 0.1278 0.9918
vn 0.0021 0.1277 0.9918
vn -0.0000 0.1276 0.9918
vn -0.0021 0.1277 0.9918
vn -0.0038 0.1278 0.9918
vn -0.0045 0.1281 0.9918
vn -0.0514 0.9973 -0.0527
vn -0.0689 0.9962 -0.0531
vn -0.0830 0.9956 -0.0427
vn -0.0923 0.9955 -0.0238
vn -0.0955 0.9954 -0.0000
vn -0.0923 0.9955 0.0238
vn -0.0830 0.9956 0.0427
vn -0.0689 0.9962 0.0531
vn -0.0004 0.1299 -0.9915
vn -0.0014 0.1290 -0.9916
vn -0.0511 0.9963 -0.0697
vn -0.0661 0.9955 -0.0678
vn -0.0787 0.9954 -0.0539
vn -0.0873 0.9957 -0.0300
vn -0.0905 0.9959 -0.0000
vn -0.0873 0.9957 0.0300
vn -0.0787 0.9954 0.0539
vn -0.0661 0.9955 0.0678
vn -0.0023 0.1286 -0.9917
vn -0.0407 0.9957 -0.0833
vn -0.0521 0.9954 -0.0800
vn -0.0622 0.9960 -0.0637
vn -0.0695 0.9969 -0.0358
vn -0.0723 0.9974 -0.0000
vn -0.0695 0.9969 0.0358
vn -0.0622 0.9960 0.0637
vn -0.0521 0.9954 0.0800
vn -0.0021 0.1283 -0.9917
vn -0.0226 0.9955 -0.0922
vn -0.0288 0.9957 -0.0883
vn -0.0347 0.9969 -0.0709
vn -0.0394 0.9984 -0.0404
vn -0.0413 0.9991 -0.0000
vn -0.0394 0.9984 0.0404
vn -0.0347 0.9969 0.0709
vn -0.0288 0.9957 0.0883
vn -0.0012 0.1283 -0.9917
vn -0.0000 0.9955 -0.0953
vn -0.0000 0.9958 -0.0913
vn -0.0000 0.9973 -0.0736
vn -0.0000 0.9991 -0.0422
vn -0.0000 1.0000 -0.0000
vn -0.0000 0.9991 0.0422
vn -0.0000 0.9973 0.0736
vn -0.0000 0.9958 0.0913
vn -0.0000 0.1283 -0.9917
vn 0.0226 0.9955 -0.0922
vn 0.0288 0.9957 -0.0883
vn 0.0347 0.9969 -0.0709
vn 0.0394 0.9984 -0.0404
vn 0.0413 0.9991 -0.0000
vn 0.0394 0.9984 0.0404
vn 0.0347 0.9969 0.0709
vn 0.0288 0.9957 0.0883
vn 0.0012 0.1283 -0.9917
vn 0.0407 0.9957 -0.0833
vn 0.0521 0.9954 -0.0800
vn 0.0622 0.9960 -0.0637
vn 0.0695 0.9969 -0.0358
vn 0.0723 0.9974 -0.0000
vn 0.0695 0.9969 0.0358
vn 0.0622 0.9960 0.0637
vn 0.0521 0.9954 0.0800
vn 0.0021 0.1283 -0.9917
vn 0.0511 0.9963 -0.0697
vn 0.0661 0.9955 -0.0678
vn 0.0787 0.9954 -0.0539
vn 0.0873 0.9957 -0.0300
vn 0.0905 0.9959 -0.0000
vn 0.0873 0.9957 0.0300
vn 0.0787 0.9954 0.0539
vn 0.0661 0.9955 0.0678
vn 0.0023 0.1286 -0.9917
vn 0.0514 0.9973 -0.0527
vn 0.0689 0.9962 -0.0531
vn 0.0830 0.9956 -0.0427
vn 0.0923 0.9955 -0.0238
vn 0.0955 0.9954 -0.0000
vn 0.0923 0.9955 0.0238
vn 0.0830 0.9956 0.0427
vn 0.0689 0.9962 0.0531
vn 0.0014 0.1290 -0.9916
vn 0.9917 0.1289 -0.0016
vn 0.9917 0.1285 -0.0026
vn 0.9917 0.1282 -0.0024
vn 0.9918 0.1280 -0.0014
vn 0.9918 0.1280 -0.0000
vn 0.9918 0.1280 0.0014
vn 0.9917 0.1282 0.0024
vn 0.9917 0.1285 0.0026
vn -0.9917 0.1289 -0.0016
vn -0.9917 0.1285 -0.0026
vn -0.9917 0.1282 -0.0024
vn -0.9918 0.1280 -0.0014
vn -0.9918 0.1280 -0.0000
vn -0.9918 0.1280 0.0014
vn -0.9917 0.1282 0.0024
vn -0.9917 0.1285 0.0026
vn -0.0001 -0.9918 0.1279
vn -0.0014 -0.9918 0.1280
vn 0.0528 -0.0710 0.9961
vn 0.0689 -0.0675 0.9953
vn 0.0826 -0.0471 0.9955
vn 0.0903 -0.0114 0.9958
vn 0.0883 0.0289 0.9957
vn 0.0768 0.0592 0.9953
vn 0.0019 -0.9917 0.1289
vn 0.0025 -0.9917 0.1286
vn 0.3550 0.9263 0.1264
vn 0.0459 -0.0818 0.9956
vn 0.0596 -0.0760 0.9953
vn 0.0717 -0.0508 0.9961
vn 0.0780 -0.0076 0.9969
vn 0.0749 0.0392 0.9964
vn 0.0632 0.0714 0.9954
vn 0.2681 0.9547 0.1288
vn 0.0339 -0.0900 0.9954
vn 0.0442 -0.0827 0.9956
vn 0.0537 -0.0535 0.9971
vn 0.0584 -0.0036 0.9983
vn 0.0548 0.0485 0.9973
vn 0.0449 0.0814 0.9957
vn 0.0024 -0.9917 0.1283
vn 0.1471 0.9804 0.1312
vn 0.0180 -0.0952 0.9953
vn 0.0236 -0.0870 0.9959
vn 0.0291 -0.0553 0.9980
vn 0.0318 -0.0006 0.9995
vn 0.0293 0.0552 0.9980
vn 0.0233 0.0878 0.9959
vn 0.0014 -0.9918 0.1280
vn -0.0000 0.9912 0.1321
vn -0.0000 -0.0970 0.9953
vn -0.0000 -0.0886 0.9961
vn -0.0000 -0.0560 0.9984
vn -0.0000 0.0006 1.0000
vn -0.0000 0.0577 0.9983
vn -0.0000 0.0900 0.9959
vn 0.0001 -0.9918 0.1279
vn -0.1471 0.9804 0.1312
vn -0.0180 -0.0952 0.9953
vn -0.0236 -0.0870 0.9959
vn -0.0291 -0.0553 0.9980
vn -0.0318 -0.0006 0.9995
vn -0.0293 0.0552 0.9980
vn -0.0233 0.0878 0.9959
vn -0.0000 -0.9918 0.1279
vn -0.0019 -0.9917 0.1289
vn -0.6972 -0.6979 0.1639
vn -0.9917 -0.0040 0.1285
vn -0.9917 -0.0057 0.1282
vn -0.9918 -0.0060 0.1279
vn -0.9918 -0.0047 0.1278
vn -0.9918 -0.0020 0.1278
vn -0.9918 0.0013 0.1279
vn -0.9917 0.0043 0.1281
vn -0.4401 0.8894 0.1237
vn -0.0528 -0.0710 0.9961
vn -0.0689 -0.0675 0.9953
vn -0.0826 -0.0471 0.9955
vn -0.0903 -0.0114 0.9958
vn -0.0883 0.0289 0.9957
vn -0.0768 0.0592 0.9953
vn -0.2681 0.9547 0.1288
vn -0.0459 -0.0818 0.9956
vn -0.0596 -0.0760 0.9953
vn -0.0717 -0.0508 0.9961
vn -0.0780 -0.0076 0.9969
vn -0.0749 0.0392 0.9964
vn -0.0632 0.0714 0.9954
vn 0.9917 -0.0057 0.1282
vn 0.9918 -0.0060 0.1279
vn 0.9918 -0.0047 0.1278
vn 0.9918 -0.0020 0.1278
vn 0.9918 0.0013 0.1279
vn 0.9917 0.0043 0.1281
vn 0.9917 0.0059 0.1283
vn 0.8434 0.5198 0.1364
vn -0.0339 -0.0900 0.9954
vn -0.0442 -0.0827 0.9956
vn -0.0537 -0.0535 0.9971
vn -0.0584 -0.0036 0.9983
vn -0.0548 0.0485 0.9973
vn -0.0449 0.0814 0.9957
vn 0.8713 -0.0162 0.4906
vn 0.5921 -0.5945 0.5441
vn 0.5198 -0.0310 0.8537
vn 0.3456 -0.3510 0.8703
vn 0.8737 -0.0224 0.4859
vn 0.5327 -0.0410 0.8453
vn 0.8759 -0.0230 0.4819
vn 0.5432 -0.0415 0.8386
vn 0.8777 -0.0178 0.4789
vn 0.5517 -0.0318 0.8334
vn 0.8787 -0.0077 0.4773
vn 0.5568 -0.0130 0.8305
vn 0.8786 0.0051 0.4775
vn 0.5567 0.0102 0.8307
vn 0.8773 0.0163 0.4796
vn 0.5512 0.0303 0.8338
vn 0.8752 0.0226 0.4832
vn 0.5410 0.0415 0.8400
vn 0.7410 0.4632 0.4861
vn 0.4689 0.3069 0.8282
vn -0.8752 0.0226 0.4832
vn -0.7410 0.4632 0.4861
vn -0.5410 0.0415 0.8400
vn -0.4689 0.3069 0.8282
vn -0.8773 0.0163 0.4796
vn -0.5512 0.0303 0.8338
vn -0.8786 0.0051 0.4775
vn -0.5567 0.0102 0.8307
vn -0.8787 -0.0077 0.4773
vn -0.5568 -0.0130 0.8305
vn -0.8777 -0.0178 0.4789
vn -0.5517 -0.0318 0.8334
vn -0.8759 -0.0230 0.4819
vn -0.5432 -0.0415 0.8386
vn -0.8737 -0.0224 0.4859
vn -0.5327 -0.0410 0.8453
vn -0.8713 -0.0162 0.4906
vn -0.5198 -0.0310 0.8537
vn -0.5921 -0.5945 0.5441
vn -0.3456 -0.3510 0.8703
vn 0.0191 -0.5318 0.8467
vn 0.0170 -0.5221 0.8527
vn 0.0100 -0.8734 0.4869
vn 0.0081 -0.8715 0.4904
vn 0.3689 0.8017 0.4704
vn 0.3974 0.7883 0.4698
vn 0.2416 0.5059 0.8281
vn 0.2618 0.4926 0.8299
vn 0.0181 -0.5387 0.8423
vn 0.0096 -0.8749 0.4841
vn 0.3166 0.8215 0.4742
vn 0.2056 0.5197 0.8292
vn 0.0137 -0.5439 0.8390
vn 0.0070 -0.8761 0.4821
vn 0.2375 0.8446 0.4798
vn 0.1527 0.5332 0.8321
vn 0.0071 -0.5470 0.8371
vn 0.0033 -0.8768 0.4809
vn 0.1296 0.8648 0.4850
vn 0.0827 0.5441 0.8350
vn -0.0000 -0.5481 0.8364
vn -0.0000 -0.8770 0.4805
vn -0.0000 0.8733 0.4872
vn -0.0000 0.5485 0.8362
vn -0.0071 -0.5470 0.8371
vn -0.0033 -0.8768 0.4809
vn -0.1296 0.8648 0.4850
vn -0.0827 0.5441 0.8350
vn -0.0170 -0.5221 0.8527
vn -0.0081 -0.8715 0.4904
vn -0.3974 0.7883 0.4698
vn -0.2618 0.4926 0.8299
vn -0.0191 -0.5318 0.8467
vn -0.0100 -0.8734 0.4869
vn -0.3689 0.8017 0.4704
vn -0.2416 0.5059 0.8281
vn -0.0181 -0.5387 0.8423
vn -0.0096 -0.8749 0.4841
vn -0.3166 0.8215 0.4742
vn -0.2056 0.5197 0.8292
vn -0.0137 -0.5439 0.8390
vn -0.0070 -0.8761 0.4821
vn -0.2375 0.8446 0.4798
vn -0.1527 0.5332 0.8321
vn 0.3444 0.8742 0.3424
vn 0.5187 0.8548 0.0157
vn 0.5920 0.5477 0.5912
vn 0.8708 0.4915 0.0072
vn -0.5920 0.5477 0.5912
vn -0.8708 0.4915 0.0072
vn -0.3444 0.8742 0.3424
vn -0.5187 0.8548 0.0157
vn 0.0103 0.4919 0.8706
vn 0.0213 0.8557 0.5170
vn -0.0103 0.4919 0.8706
vn -0.0213 0.8557 0.5170
vn -0.0165 0.4870 0.8732
vn -0.0310 0.8471 0.5305
vn -0.0177 0.4830 0.8754
vn -0.0327 0.8404 0.5409
vn -0.0145 0.4800 0.8772
vn -0.0266 0.8354 0.5491
vn -0.0081 0.4780 0.8783
vn -0.0148 0.8322 0.5543
vn -0.0000 0.4773 0.8787
vn -0.0000 0.8311 0.5561
vn 0.0081 0.4780 0.8783
vn 0.0148 0.8322 0.5543
vn 0.0145 0.4800 0.8772
vn 0.0266 0.8354 0.5491
vn 0.0177 0.4830 0.8754
vn 0.0327 0.8404 0.5409
vn 0.0165 0.4870 0.8732
vn 0.0310 0.8471 0.5305
vn 0.5077 0.8615 -0.0063
vn 0.3352 0.8806 -0.3351
vn 0.8680 0.4965 -0.0024
vn 0.5891 0.5531 -0.5891
vn 0.5200 0.8541 -0.0148
vn 0.8709 0.4913 -0.0071
vn 0.5317 0.8467 -0.0202
vn 0.8734 0.4869 -0.0105
vn 0.5407 0.8410 -0.0181
vn 0.8753 0.4835 -0.0096
vn 0.5463 0.8375 -0.0105
vn 0.8765 0.4813 -0.0056
vn 0.5483 0.8363 -0.0000
vn 0.8770 0.4805 -0.0000
vn 0.5463 0.8375 0.0105
vn 0.8766 0.4813 0.0056
vn 0.5407 0.8410 0.0181
vn 0.8753 0.4834 0.0096
vn 0.5317 0.8467 0.0202
vn 0.8734 0.4869 0.0105
vn -0.8680 0.4965 -0.0024
vn -0.5891 0.5531 -0.5891
vn -0.5077 0.8615 -0.0063
vn -0.3352 0.8806 -0.3351
vn -0.8709 0.4913 -0.0071
vn -0.5200 0.8541 -0.0148
vn -0.8734 0.4869 -0.0105
vn -0.5317 0.8467 -0.0202
vn -0.8753 0.4835 -0.0096
vn -0.5407 0.8410 -0.0181
vn -0.8765 0.4813 -0.0056
vn -0.5463 0.8375 -0.0105
vn -0.8770 0.4805 -0.0000
vn -0.5483 0.8363 -0.0000
vn -0.8766 0.4813 0.0056
vn -0.5463 0.8375 0.0105
vn -0.8753 0.4834 0.0096
vn -0.5407 0.8410 0.0181
vn -0.8734 0.4869 0.0105
vn -0.5317 0.8467 0.0202
vn -0.0130 0.8545 -0.5192
vn -0.0056 0.8617 -0.5074
vn -0.0061 0.4917 -0.8707
vn -0.0020 0.4967 -0.8679
vn -0.0180 0.8475 -0.5305
vn -0.0092 0.4874 -0.8731
vn -0.0162 0.8421 -0.5391
vn -0.0085 0.4841 -0.8750
vn -0.0094 0.8387 -0.5445
vn -0.0050 0.4821 -0.8761
vn -0.0000 0.8376 -0.5463
vn -0.0000 0.4814 -0.8765
vn 0.0094 0.8387 -0.5445
vn 0.0050 0.4821 -0.8761
vn 0.0162 0.8421 -0.5391
vn 0.0085 0.4841 -0.8750
vn 0.0180 0.8475 -0.5305
vn 0.0092 0.4874 -0.8731
vn 0.0130 0.8545 -0.5192
vn 0.0061 0.4917 -0.8707
vn 0.0056 0.8617 -0.5074
vn 0.0020 0.4967 -0.8679
vn 0.3873 0.7743 -0.5004
vn 0.2098 0.4356 -0.8754
vn -0.3873 0.7743 -0.5004
vn -0.7834 0.5093 -0.3563
vn -0.2098 0.4356 -0.8754
vn -0.7199 0.2742 -0.6377
vn 0.3891 0.7735 -0.5003
vn 0.2131 0.4315 -0.8766
vn 0.2512 0.4739 0.8440
vn 0.2536 0.4836 0.8378
vn 0.4004 0.7805 0.4801
vn 0.4003 0.7834 0.4754
vn -0.2512 0.4739 0.8440
vn -0.7363 0.2937 0.6097
vn -0.4004 0.7805 0.4801
vn -0.7896 0.5103 0.3408
vn -0.3891 0.7735 -0.5003
vn -0.2131 0.4315 -0.8766
vn -0.3655 0.7828 -0.5036
vn -0.2021 0.4326 -0.8786
vn -0.3181 0.7997 -0.5092
vn -0.1773 0.4378 -0.8814
vn -0.2427 0.8213 -0.5162
vn -0.1361 0.4458 -0.8847
vn -0.1354 0.8418 -0.5225
vn -0.0763 0.4543 -0.8876
vn -0.0000 0.8511 -0.5250
vn -0.0000 0.4586 -0.8887
vn 0.1354 0.8418 -0.5225
vn 0.0763 0.4543 -0.8876
vn 0.2427 0.8213 -0.5162
vn 0.1361 0.4458 -0.8847
vn 0.3181 0.7997 -0.5092
vn 0.1773 0.4378 -0.8814
vn 0.3655 0.7828 -0.5036
vn 0.2021 0.4326 -0.8786
vn -0.2536 0.4836 0.8378
vn -0.4003 0.7834 0.4754
vn -0.2358 0.4937 0.8371
vn -0.3734 0.7959 0.4765
vn -0.2024 0.5049 0.8391
vn -0.3229 0.8151 0.4810
vn -0.1523 0.5161 0.8428
vn -0.2451 0.8380 0.4874
vn -0.0842 0.5258 0.8465
vn -0.1363 0.8590 0.4935
vn -0.0000 0.5303 0.8478
vn -0.0000 0.8683 0.4960
vn 0.0842 0.5258 0.8465
vn 0.1363 0.8590 0.4935
vn 0.1523 0.5161 0.8428
vn 0.2451 0.8380 0.4874
vn 0.2024 0.5049 0.8391
vn 0.3229 0.8151 0.4810
vn 0.2358 0.4937 0.8371
vn 0.3734 0.7959 0.4765
vn 0.7002 -0.1648 -0.6947
vn -0.7002 -0.1648 -0.6947
vn 0.7035 -0.1748 -0.6889
vn -0.7035 -0.1748 -0.6889
vn 0.7114 -0.1231 -0.6919
vn -0.7114 -0.1231 -0.6919
vn 0.7182 -0.0000 -0.6959
vn -0.7182 -0.0000 -0.6959
vn 0.7114 0.1231 -0.6919
vn -0.7114 0.1231 -0.6919
vn 0.7035 0.1748 -0.6889
vn -0.7035 0.1748 -0.6889
vn -0.7099 0.0169 0.7041
vn 0.7099 0.0169 0.7041
vn -0.7052 0.0094 0.7090
vn 0.7052 0.0094 0.7090
vn -0.6989 0.0026 0.7152
vn 0.6989 0.0026 0.7152
vn -0.6936 -0.0000 0.7203
vn 0.6936 -0.0000 0.7203
vn -0.6989 -0.0026 0.7152
vn 0.6989 -0.0026 0.7152
vn -0.7052 -0.0094 0.7090
vn 0.7052 -0.0094 0.7090
vn -0.7054 -0.0718 0.7052
vn 0.7054 -0.0718 0.7052
vn -0.7044 -0.0851 0.7046
vn 0.7044 -0.0851 0.7046
vn -0.7051 -0.0671 0.7059
vn 0.7051 -0.0671 0.7059
vn -0.7064 -0.0000 0.7078
vn 0.7064 -0.0000 0.7078
vn -0.7051 0.0671 0.7059
vn 0.7051 0.0671 0.7059
vn -0.7044 0.0851 0.7046
vn 0.7044 0.0851 0.7046
vn 0.7054 -0.0718 -0.7052
vn 0.7044 -0.0851 -0.7046
vn 0.7051 -0.0671 -0.7059
vn 0.7064 -0.0000 -0.7078
vn 0.7051 0.0671 -0.7059
vn 0.7044 0.0851 -0.7046
vn -0.7054 -0.0718 -0.7052
vn -0.7044 -0.0851 -0.7046
vn -0.7051 -0.0671 -0.7059
vn -0.7064 -0.0000 -0.7078
vn -0.7051 0.0671 -0.7059
vn -0.7044 0.0851 -0.7046
vt 0.814767 0.484757
vt 0.267278 0.314850
vt 0.784159 0.484247
vt 0.000000 0.794493
vt 0.268244 0.284281
vt 0.000452 0.363156
vt 0.529028 0.314134
vt 0.529425 0.283903
vt 0.000000 0.332922
vt 0.814767 0.744991
vt 0.791571 0.314850
vt 0.790605 0.284281
vt 0.000000 0.533241
vt 0.784159 0.745500
vt 0.529822 0.314134
vt 0.260801 0.363156
vt 0.261253 0.332922
vt 0.529425 0.283903
vt 0.754367 0.484619
vt 0.231862 0.363156
vt 0.260415 0.703334
vt 0.551896 0.484619
vt 0.260415 0.703334
vt 0.029391 0.363156
vt 0.029842 0.332922
vt 0.231410 0.332922
vt 0.551839 0.746406
vt 0.814767 0.513581
vt 0.836360 0.425809
vt 0.754425 0.746406
vt 0.814767 0.716167
vt 0.803690 0.256444
vt 0.784159 0.715658
vt 0.000000 0.563083
vt 0.000000 0.764651
vt 0.784159 0.514090
vt 0.522957 0.510932
vt 0.783758 0.915602
vt 0.502719 0.314172
vt 0.523012 0.719824
vt 0.870356 0.914938
vt 0.293856 0.314796
vt 0.027136 0.794493
vt 0.295375 0.284241
vt 0.234104 0.794493
vt 0.502295 0.283942
vt 0.522505 0.817156
vt 0.783252 0.719824
vt 0.812697 0.914938
vt 0.764994 0.314796
vt 0.783307 0.510932
vt 0.891877 0.426513
vt 0.556131 0.314172
vt 0.234104 0.533241
vt 0.261253 0.817156
vt 0.556555 0.283942
vt 0.027136 0.533241
vt 0.763475 0.284241
vt 0.234104 0.563083
vt 0.291095 0.817156
vt 0.027136 0.563083
vt 0.902942 0.745500
vt 0.902043 0.457980
vt 0.234104 0.764651
vt 0.492663 0.817156
vt 0.027136 0.764651
vt 0.911906 0.935178
vt 0.902043 0.256411
vt 0.551896 0.510932
vt 0.234105 0.703317
vt 0.812697 0.915602
vt 0.551841 0.719824
vt 0.841527 0.914938
vt 0.862937 0.425842
vt 0.754367 0.510932
vt 0.862937 0.426513
vt 0.234105 0.703351
vt 0.754422 0.719824
vt 0.841527 0.914938
vt 0.830267 0.256411
vt 0.737942 0.484566
vt 0.215437 0.362781
vt 0.721057 0.484434
vt 0.198551 0.361837
vt 0.703767 0.484293
vt 0.181262 0.360838
vt 0.686726 0.484247
vt 0.164221 0.360512
vt 0.669929 0.484247
vt 0.147424 0.360512
vt 0.653132 0.484247
vt 0.130626 0.360512
vt 0.636334 0.484247
vt 0.113829 0.360512
vt 0.619537 0.484247
vt 0.097032 0.360512
vt 0.602496 0.484293
vt 0.079991 0.360838
vt 0.585207 0.484434
vt 0.062701 0.361837
vt 0.568321 0.484566
vt 0.045816 0.362781
vt 0.046640 0.332922
vt 0.063437 0.332922
vt 0.080234 0.332922
vt 0.097032 0.332922
vt 0.113829 0.332922
vt 0.130626 0.332922
vt 0.147424 0.332922
vt 0.164221 0.332922
vt 0.181018 0.332922
vt 0.197816 0.332922
vt 0.214613 0.332922
vt 0.814269 0.529984
vt 0.568242 0.746282
vt 0.813131 0.546928
vt 0.585186 0.745956
vt 0.812019 0.564283
vt 0.602541 0.745595
vt 0.811680 0.581279
vt 0.619537 0.745473
vt 0.811593 0.598076
vt 0.636334 0.745474
vt 0.811556 0.614874
vt 0.653132 0.745474
vt 0.811593 0.631671
vt 0.669929 0.745474
vt 0.811680 0.648468
vt 0.686726 0.745473
vt 0.812019 0.665465
vt 0.703722 0.745595
vt 0.813131 0.682820
vt 0.721078 0.745956
vt 0.814269 0.699764
vt 0.738022 0.746282
vt 0.784159 0.698860
vt 0.000000 0.579880
vt 0.784159 0.682063
vt 0.000000 0.596678
vt 0.784101 0.665266
vt 0.000001 0.613475
vt 0.783950 0.648468
vt 0.000002 0.630272
vt 0.783812 0.631671
vt 0.000003 0.647070
vt 0.783758 0.614874
vt 0.000004 0.663867
vt 0.783812 0.598076
vt 0.000003 0.680664
vt 0.783950 0.581279
vt 0.000002 0.697462
vt 0.784101 0.564482
vt 0.000001 0.714259
vt 0.784159 0.547684
vt 0.000000 0.731057
vt 0.784159 0.530887
vt 0.000000 0.747854
vt 0.737942 0.510996
vt 0.721057 0.511157
vt 0.703767 0.511327
vt 0.686726 0.511382
vt 0.669929 0.511382
vt 0.653132 0.511383
vt 0.636334 0.511382
vt 0.619537 0.511382
vt 0.602496 0.511327
vt 0.585207 0.511157
vt 0.568321 0.510996
vt 0.738014 0.719573
vt 0.721039 0.718964
vt 0.703679 0.718424
vt 0.686726 0.718356
vt 0.669929 0.718360
vt 0.653132 0.718362
vt 0.636334 0.718360
vt 0.619537 0.718356
vt 0.602584 0.718424
vt 0.585225 0.718964
vt 0.568250 0.719573
vt 0.234104 0.747854
vt 0.475866 0.817156
vt 0.234104 0.731057
vt 0.459068 0.817156
vt 0.234104 0.714259
vt 0.442271 0.817156
vt 0.234104 0.697462
vt 0.425474 0.817119
vt 0.234105 0.680664
vt 0.408676 0.817052
vt 0.234105 0.663867
vt 0.391879 0.817022
vt 0.234105 0.647070
vt 0.375082 0.817052
vt 0.234104 0.630272
vt 0.358284 0.817119
vt 0.234104 0.613475
vt 0.341487 0.817156
vt 0.234104 0.596678
vt 0.324690 0.817156
vt 0.234104 0.579880
vt 0.307892 0.817156
vt 0.027138 0.747854
vt 0.901899 0.273209
vt 0.027142 0.731057
vt 0.901442 0.290006
vt 0.027148 0.714259
vt 0.900849 0.306803
vt 0.027153 0.697462
vt 0.900287 0.323601
vt 0.027157 0.680664
vt 0.899891 0.340398
vt 0.027159 0.663867
vt 0.899748 0.357195
vt 0.027157 0.647070
vt 0.899891 0.373993
vt 0.027153 0.630272
vt 0.900287 0.390790
vt 0.027148 0.613475
vt 0.900849 0.407587
vt 0.027142 0.596678
vt 0.901442 0.424385
vt 0.027138 0.579880
vt 0.901899 0.441182
vt 0.485859 0.313802
vt 0.522890 0.527802
vt 0.468523 0.312846
vt 0.522722 0.545159
vt 0.450784 0.311870
vt 0.522551 0.562919
vt 0.433343 0.311631
vt 0.522505 0.580367
vt 0.416100 0.311656
vt 0.522505 0.597613
vt 0.398857 0.311681
vt 0.522505 0.614860
vt 0.381613 0.311706
vt 0.522505 0.632106
vt 0.364370 0.311731
vt 0.522505 0.649352
vt 0.347124 0.311758
vt 0.522506 0.666600
vt 0.329426 0.312451
vt 0.522620 0.684289
vt 0.311424 0.313782
vt 0.522843 0.702271
vt 0.312618 0.284216
vt 0.044384 0.794493
vt 0.329861 0.284192
vt 0.061631 0.794493
vt 0.347105 0.284167
vt 0.078878 0.794493
vt 0.364348 0.284142
vt 0.096126 0.794493
vt 0.381591 0.284117
vt 0.113373 0.794493
vt 0.398835 0.284092
vt 0.130620 0.794493
vt 0.416078 0.284067
vt 0.147868 0.794493
vt 0.433321 0.284042
vt 0.165115 0.794493
vt 0.450565 0.284017
vt 0.182362 0.794493
vt 0.467808 0.283992
vt 0.199609 0.794493
vt 0.485051 0.283967
vt 0.216857 0.794493
vt 0.747426 0.313782
vt 0.783420 0.702271
vt 0.729424 0.312451
vt 0.783644 0.684289
vt 0.711725 0.311758
vt 0.783758 0.666600
vt 0.694480 0.311731
vt 0.783758 0.649352
vt 0.677237 0.311706
vt 0.783758 0.632106
vt 0.659993 0.311681
vt 0.783758 0.614860
vt 0.642750 0.311656
vt 0.783758 0.597613
vt 0.625507 0.311631
vt 0.783758 0.580367
vt 0.608066 0.311870
vt 0.783713 0.562919
vt 0.590327 0.312846
vt 0.783542 0.545159
vt 0.572991 0.313802
vt 0.783374 0.527802
vt 0.573798 0.283967
vt 0.216857 0.533241
vt 0.591042 0.283992
vt 0.199609 0.533241
vt 0.608285 0.284017
vt 0.182362 0.533241
vt 0.625528 0.284042
vt 0.165115 0.533241
vt 0.642772 0.284067
vt 0.147868 0.533241
vt 0.660015 0.284092
vt 0.130620 0.533241
vt 0.677258 0.284117
vt 0.113373 0.533241
vt 0.694502 0.284142
vt 0.096126 0.533241
vt 0.711745 0.284167
vt 0.078878 0.533241
vt 0.728989 0.284192
vt 0.061631 0.533241
vt 0.746232 0.284216
vt 0.044384 0.533241
vt 0.902942 0.935177
vt 0.216857 0.563083
vt 0.920212 0.256411
vt 0.199609 0.563083
vt 0.902942 0.917934
vt 0.182363 0.563083
vt 0.902844 0.900690
vt 0.165119 0.563083
vt 0.902537 0.883447
vt 0.147875 0.563083
vt 0.902183 0.866204
vt 0.130630 0.563083
vt 0.901912 0.848961
vt 0.113384 0.563083
vt 0.901812 0.831718
vt 0.096136 0.563083
vt 0.901912 0.814474
vt 0.078886 0.563083
vt 0.902183 0.797231
vt 0.061635 0.563083
vt 0.902537 0.779987
vt 0.044385 0.563083
vt 0.902844 0.762744
vt 0.911906 0.745501
vt 0.216857 0.764651
vt 0.920212 0.457980
vt 0.199609 0.764651
vt 0.911906 0.762744
vt 0.182363 0.764651
vt 0.911807 0.779988
vt 0.165119 0.764651
vt 0.911501 0.797231
vt 0.147875 0.764651
vt 0.911146 0.814474
vt 0.130630 0.764651
vt 0.910875 0.831717
vt 0.113384 0.764651
vt 0.910775 0.848960
vt 0.096136 0.764651
vt 0.910875 0.866204
vt 0.078886 0.764651
vt 0.911146 0.883447
vt 0.061635 0.764651
vt 0.911501 0.900691
vt 0.044385 0.764651
vt 0.911807 0.917934
vt 0.551964 0.527802
vt 0.552131 0.545159
vt 0.552303 0.562920
vt 0.552348 0.580370
vt 0.552348 0.597620
vt 0.552348 0.614869
vt 0.552348 0.632117
vt 0.552348 0.649362
vt 0.552348 0.666605
vt 0.552238 0.684275
vt 0.552011 0.702269
vt 0.754300 0.527802
vt 0.754132 0.545159
vt 0.753961 0.562920
vt 0.753916 0.580370
vt 0.753916 0.597620
vt 0.753916 0.614869
vt 0.753916 0.632117
vt 0.753916 0.649362
vt 0.753916 0.666605
vt 0.754026 0.684275
vt 0.754253 0.702269
vt 0.216857 0.579880
vt 0.920212 0.273209
vt 0.216857 0.596678
vt 0.920140 0.290006
vt 0.216860 0.613475
vt 0.919885 0.306803
vt 0.216863 0.630272
vt 0.919582 0.323601
vt 0.216865 0.647070
vt 0.919350 0.340398
vt 0.216866 0.663867
vt 0.919263 0.357195
vt 0.216865 0.680664
vt 0.919350 0.373993
vt 0.216863 0.697462
vt 0.919582 0.390790
vt 0.216860 0.714259
vt 0.919885 0.407587
vt 0.216857 0.731057
vt 0.920140 0.424385
vt 0.216857 0.747854
vt 0.920212 0.441182
vt 0.568453 0.527928
vt 0.568778 0.545304
vt 0.569094 0.563019
vt 0.569145 0.580380
vt 0.569145 0.597634
vt 0.569145 0.614885
vt 0.569145 0.632134
vt 0.569145 0.649378
vt 0.569145 0.666619
vt 0.569009 0.684105
vt 0.568597 0.701976
vt 0.585357 0.528241
vt 0.585718 0.545651
vt 0.585942 0.563136
vt 0.585942 0.580394
vt 0.585942 0.597651
vt 0.585942 0.614905
vt 0.585942 0.632154
vt 0.585942 0.649398
vt 0.585942 0.666636
vt 0.585923 0.683895
vt 0.585609 0.701415
vt 0.602595 0.528560
vt 0.602739 0.545886
vt 0.602740 0.563147
vt 0.602740 0.580409
vt 0.602740 0.597669
vt 0.602740 0.614925
vt 0.602740 0.632175
vt 0.602740 0.649418
vt 0.602740 0.666654
vt 0.602740 0.683886
vt 0.602727 0.701125
vt 0.619537 0.528634
vt 0.619537 0.545893
vt 0.619537 0.563157
vt 0.619537 0.580422
vt 0.619537 0.597685
vt 0.619537 0.614943
vt 0.619537 0.632193
vt 0.619537 0.649436
vt 0.619537 0.666670
vt 0.619537 0.683900
vt 0.619537 0.701127
vt 0.636334 0.528636
vt 0.636334 0.545898
vt 0.636334 0.563164
vt 0.636334 0.580432
vt 0.636334 0.597696
vt 0.636334 0.614955
vt 0.636334 0.632206
vt 0.636334 0.649448
vt 0.636334 0.666681
vt 0.636334 0.683909
vt 0.636334 0.701134
vt 0.653132 0.528637
vt 0.653132 0.545900
vt 0.653132 0.563167
vt 0.653132 0.580435
vt 0.653132 0.597700
vt 0.653132 0.614960
vt 0.653132 0.632211
vt 0.653132 0.649452
vt 0.653132 0.666685
vt 0.653132 0.683912
vt 0.653132 0.701137
vt 0.669929 0.528636
vt 0.669929 0.545898
vt 0.669929 0.563164
vt 0.669929 0.580432
vt 0.669929 0.597696
vt 0.669929 0.614955
vt 0.669929 0.632206
vt 0.669929 0.649448
vt 0.669929 0.666681
vt 0.669929 0.683909
vt 0.669929 0.701134
vt 0.686726 0.528634
vt 0.686726 0.545893
vt 0.686726 0.563157
vt 0.686726 0.580422
vt 0.686726 0.597685
vt 0.686726 0.614943
vt 0.686726 0.632194
vt 0.686726 0.649436
vt 0.686726 0.666670
vt 0.686726 0.683900
vt 0.686726 0.701127
vt 0.703668 0.528560
vt 0.703525 0.545886
vt 0.703524 0.563147
vt 0.703524 0.580409
vt 0.703524 0.597669
vt 0.703524 0.614925
vt 0.703524 0.632175
vt 0.703524 0.649418
vt 0.703524 0.666654
vt 0.703524 0.683886
vt 0.703536 0.701125
vt 0.720907 0.528241
vt 0.720546 0.545651
vt 0.720321 0.563136
vt 0.720321 0.580394
vt 0.720321 0.597651
vt 0.720321 0.614905
vt 0.720321 0.632154
vt 0.720321 0.649398
vt 0.720321 0.666636
vt 0.720341 0.683895
vt 0.720655 0.701415
vt 0.737811 0.527928
vt 0.737486 0.545304
vt 0.737169 0.563019
vt 0.737118 0.580380
vt 0.737118 0.597634
vt 0.737118 0.614885
vt 0.737118 0.632134
vt 0.737118 0.649378
vt 0.737118 0.666619
vt 0.737254 0.684105
vt 0.737667 0.701976
vt 0.731705 0.775235
vt 0.293990 0.484224
vt 0.870356 0.745500
vt 0.758287 0.775232
vt 0.267413 0.484247
vt 0.984190 0.484757
vt 0.029391 0.533241
vt 0.731437 0.775235
vt 0.260415 0.533258
vt 0.529163 0.484209
vt 0.000452 0.533241
vt 0.731437 0.804174
vt 0.731437 0.775235
vt 0.555996 0.484247
vt 0.891877 0.256411
vt 0.260801 0.533241
vt 0.705123 0.775235
vt 0.529687 0.484209
vt 0.731705 0.775232
vt 0.803690 0.425842
vt 0.984190 0.716167
vt 0.731705 0.746408
vt 0.791437 0.484247
vt 0.984190 0.744991
vt 0.260415 0.873410
vt 0.231862 0.533241
vt 0.705123 0.804174
vt 0.758287 0.746408
vt 0.836360 0.256411
vt 0.984190 0.513581
vt 0.731705 0.746406
vt 0.862937 0.256413
vt 0.841527 0.745500
vt 0.705123 0.775235
vt 0.830267 0.425840
vt 0.841527 0.745500
vt 0.502854 0.484247
vt 0.757750 0.804174
vt 0.783758 0.745500
vt 0.705123 0.746406
vt 0.764860 0.484224
vt 0.812697 0.745500
vt 0.757750 0.775235
vt 0.812697 0.745500
vt 0.234105 0.533241
vt 0.234105 0.873427
vt 0.731437 0.804174
vt 0.862937 0.256411
vt 0.291095 0.794805
vt 0.291095 0.772455
vt 0.893979 0.745500
vt 0.911451 0.457980
vt 0.291095 0.750113
vt 0.893636 0.767850
vt 0.291095 0.727782
vt 0.892862 0.790202
vt 0.291095 0.705314
vt 0.891915 0.812694
vt 0.291095 0.680378
vt 0.890964 0.837654
vt 0.291095 0.653053
vt 0.890357 0.864995
vt 0.291095 0.624508
vt 0.890439 0.893538
vt 0.291095 0.595857
vt 0.891277 0.922166
vt 0.291095 0.568120
vt 0.892603 0.949867
vt 0.291095 0.542144
vt 0.893979 0.975806
vt 0.928753 0.256411
vt 0.442271 0.794806
vt 0.442271 0.772472
vt 0.910652 0.306803
vt 0.442271 0.518431
vt 0.928272 0.407587
vt 0.261253 0.556402
vt 0.557221 0.023218
vt 0.261253 0.581148
vt 0.557786 0.047949
vt 0.261253 0.606972
vt 0.558285 0.073758
vt 0.261253 0.633166
vt 0.558495 0.099943
vt 0.261253 0.658842
vt 0.558329 0.125618
vt 0.261253 0.682989
vt 0.557881 0.149771
vt 0.261253 0.705416
vt 0.557334 0.172204
vt 0.261253 0.727756
vt 0.556840 0.194551
vt 0.261253 0.750103
vt 0.556608 0.216899
vt 0.261253 0.772454
vt 0.556591 0.239247
vt 0.261253 0.794805
vt 0.556573 0.261594
vt 0.097032 0.028403
vt 0.097032 0.056772
vt 0.097032 0.087950
vt 0.097032 0.120736
vt 0.097032 0.153898
vt 0.097032 0.186181
vt 0.097032 0.216301
vt 0.097032 0.242966
vt 0.097032 0.265815
vt 0.097032 0.288202
vt 0.097032 0.310571
vt 0.459068 0.794805
vt 0.459068 0.772465
vt 0.910979 0.290006
vt 0.459068 0.525608
vt 0.928305 0.424385
vt 0.080234 0.034139
vt 0.080234 0.061964
vt 0.080234 0.092441
vt 0.080234 0.124450
vt 0.080234 0.156795
vt 0.080234 0.188231
vt 0.080234 0.217487
vt 0.080234 0.243278
vt 0.080234 0.265827
vt 0.080234 0.288208
vt 0.080234 0.310572
vt 0.492663 0.542144
vt 0.882167 0.745502
vt 0.928753 0.457980
vt 0.492663 0.568120
vt 0.880791 0.771441
vt 0.492663 0.595857
vt 0.879465 0.799143
vt 0.492663 0.624508
vt 0.878627 0.827771
vt 0.492663 0.653053
vt 0.878546 0.856314
vt 0.492663 0.680378
vt 0.879152 0.883654
vt 0.492663 0.705314
vt 0.880103 0.908615
vt 0.492663 0.727782
vt 0.881050 0.931107
vt 0.492663 0.750113
vt 0.881824 0.953459
vt 0.492663 0.772455
vt 0.911451 0.256411
vt 0.882167 0.975809
vt 0.492663 0.794805
vt 0.475866 0.794805
vt 0.475866 0.772458
vt 0.911274 0.273209
vt 0.475866 0.533692
vt 0.928462 0.441182
vt 0.261253 0.072174
vt 0.529939 0.023178
vt 0.261253 0.096893
vt 0.530414 0.047909
vt 0.261253 0.122692
vt 0.530850 0.073718
vt 0.261253 0.148872
vt 0.531035 0.099903
vt 0.261253 0.174552
vt 0.530884 0.125578
vt 0.261253 0.198717
vt 0.530486 0.149731
vt 0.261253 0.221164
vt 0.530012 0.172165
vt 0.261253 0.243523
vt 0.529612 0.194512
vt 0.261253 0.265875
vt 0.529478 0.216860
vt 0.261253 0.288224
vt 0.529460 0.239207
vt 0.261253 0.310573
vt 0.529443 0.261555
vt 0.231410 0.310573
vt 0.231410 0.288224
vt 0.231410 0.265866
vt 0.231410 0.243498
vt 0.231410 0.220985
vt 0.231410 0.196002
vt 0.231410 0.168645
vt 0.231410 0.140099
vt 0.231410 0.111482
vt 0.231410 0.083800
vt 0.231410 0.057881
vt 0.063437 0.041321
vt 0.063437 0.068539
vt 0.063437 0.098167
vt 0.063437 0.129190
vt 0.063437 0.160461
vt 0.063437 0.190767
vt 0.063437 0.218855
vt 0.063437 0.243455
vt 0.063437 0.265840
vt 0.063437 0.288215
vt 0.063437 0.310573
vt 0.046640 0.049414
vt 0.046640 0.075992
vt 0.046640 0.104678
vt 0.046640 0.134556
vt 0.046640 0.164547
vt 0.046640 0.193479
vt 0.046640 0.220131
vt 0.046640 0.243477
vt 0.046640 0.265854
vt 0.046640 0.288221
vt 0.046640 0.310573
vt 0.029842 0.310573
vt 0.029842 0.288224
vt 0.029842 0.265866
vt 0.029842 0.243498
vt 0.029842 0.220985
vt 0.029842 0.196002
vt 0.029842 0.168645
vt 0.029842 0.140099
vt 0.029842 0.111482
vt 0.029842 0.083800
vt 0.029842 0.057881
vt 0.307892 0.533692
vt 0.928462 0.273209
vt 0.307892 0.772458
vt 0.911274 0.441182
vt 0.307892 0.794805
vt 0.113829 0.024635
vt 0.113829 0.053421
vt 0.113829 0.085077
vt 0.113829 0.118365
vt 0.113829 0.152043
vt 0.113829 0.184851
vt 0.113829 0.215503
vt 0.113829 0.242704
vt 0.113829 0.265808
vt 0.113829 0.288197
vt 0.113829 0.310570
vt 0.425474 0.794778
vt 0.425474 0.772478
vt 0.910364 0.323601
vt 0.425474 0.512694
vt 0.928319 0.390790
vt 0.130626 0.023305
vt 0.130626 0.052258
vt 0.130626 0.084088
vt 0.130626 0.117551
vt 0.130626 0.151404
vt 0.130626 0.184391
vt 0.130626 0.215223
vt 0.130626 0.242604
vt 0.130626 0.265805
vt 0.130626 0.288196
vt 0.130626 0.310569
vt 0.408676 0.794718
vt 0.408676 0.772465
vt 0.910167 0.340398
vt 0.408676 0.508925
vt 0.928385 0.373993
vt 0.147424 0.024635
vt 0.147424 0.053421
vt 0.147424 0.085077
vt 0.147424 0.118365
vt 0.147424 0.152043
vt 0.147424 0.184851
vt 0.147424 0.215503
vt 0.147424 0.242704
vt 0.147424 0.265808
vt 0.147424 0.288197
vt 0.147424 0.310570
vt 0.391879 0.794690
vt 0.391879 0.772453
vt 0.910097 0.357195
vt 0.391879 0.507594
vt 0.928415 0.357195
vt 0.164221 0.028403
vt 0.164221 0.056772
vt 0.164221 0.087950
vt 0.164221 0.120736
vt 0.164221 0.153898
vt 0.164221 0.186181
vt 0.164221 0.216301
vt 0.164221 0.242966
vt 0.164221 0.265815
vt 0.164221 0.288202
vt 0.164221 0.310571
vt 0.375082 0.794718
vt 0.375082 0.772465
vt 0.910167 0.373993
vt 0.375082 0.508925
vt 0.928385 0.340398
vt 0.522505 0.556402
vt 0.501628 0.023218
vt 0.501063 0.047949
vt 0.522505 0.581148
vt 0.500565 0.073758
vt 0.522505 0.606972
vt 0.500355 0.099943
vt 0.522505 0.633166
vt 0.500521 0.125618
vt 0.522505 0.658842
vt 0.500969 0.149771
vt 0.522505 0.682989
vt 0.501516 0.172204
vt 0.522505 0.705416
vt 0.502010 0.194551
vt 0.522505 0.727756
vt 0.502241 0.216899
vt 0.522505 0.750103
vt 0.502259 0.239247
vt 0.522505 0.772454
vt 0.502277 0.261594
vt 0.522505 0.794805
vt 0.181018 0.034139
vt 0.181018 0.061964
vt 0.181018 0.092441
vt 0.181018 0.124450
vt 0.181018 0.156795
vt 0.181018 0.188231
vt 0.181018 0.217487
vt 0.181018 0.243278
vt 0.181018 0.265827
vt 0.181018 0.288208
vt 0.181018 0.310572
vt 0.358284 0.794778
vt 0.358284 0.772478
vt 0.910364 0.390790
vt 0.358284 0.512694
vt 0.928319 0.323601
vt 0.197816 0.041321
vt 0.197816 0.068539
vt 0.197816 0.098167
vt 0.197816 0.129190
vt 0.197816 0.160461
vt 0.197816 0.190767
vt 0.197816 0.218855
vt 0.197816 0.243455
vt 0.197816 0.265840
vt 0.197816 0.288215
vt 0.197816 0.310573
vt 0.341487 0.794806
vt 0.341487 0.772472
vt 0.910652 0.407588
vt 0.341487 0.518431
vt 0.928272 0.306803
vt 0.214613 0.049414
vt 0.214613 0.075992
vt 0.214613 0.104678
vt 0.214613 0.134556
vt 0.214613 0.164547
vt 0.214613 0.193479
vt 0.214613 0.220131
vt 0.214613 0.243477
vt 0.214613 0.265854
vt 0.214613 0.288221
vt 0.214613 0.310573
vt 0.529407 0.261555
vt 0.000000 0.310573
vt 0.529389 0.239207
vt 0.000000 0.288224
vt 0.529372 0.216860
vt 0.000000 0.265875
vt 0.529238 0.194512
vt 0.000000 0.243523
vt 0.528838 0.172165
vt 0.000000 0.221164
vt 0.528364 0.149731
vt 0.000000 0.198717
vt 0.527965 0.125579
vt 0.000000 0.174552
vt 0.527815 0.099903
vt 0.000000 0.148872
vt 0.528000 0.073718
vt 0.000000 0.122692
vt 0.528436 0.047909
vt 0.000000 0.096893
vt 0.000000 0.072174
vt 0.528911 0.023178
vt 0.324690 0.794805
vt 0.324690 0.772465
vt 0.910979 0.424385
vt 0.324690 0.525608
vt 0.928305 0.290006
vt 0.691427 0.759654
vt 0.674185 0.759654
vt 0.656944 0.759654
vt 0.639703 0.759654
vt 0.622460 0.759654
vt 0.605214 0.759654
vt 0.587965 0.759654
vt 0.570713 0.759654
vt 0.553460 0.759654
vt 0.536206 0.759654
vt 0.691432 0.776451
vt 0.674193 0.776451
vt 0.656955 0.776451
vt 0.639716 0.776451
vt 0.622475 0.776451
vt 0.605229 0.776451
vt 0.587980 0.776451
vt 0.570727 0.776451
vt 0.553471 0.776451
vt 0.536214 0.776451
vt 0.691438 0.793248
vt 0.674202 0.793248
vt 0.656967 0.793248
vt 0.639730 0.793248
vt 0.622490 0.793248
vt 0.605246 0.793248
vt 0.587996 0.793248
vt 0.570741 0.793248
vt 0.553483 0.793248
vt 0.536223 0.793248
vt 0.691443 0.810046
vt 0.674210 0.810046
vt 0.656977 0.810046
vt 0.639742 0.810046
vt 0.622504 0.810046
vt 0.605260 0.810046
vt 0.588009 0.810046
vt 0.570753 0.810046
vt 0.553493 0.810046
vt 0.536231 0.810046
vt 0.691447 0.826843
vt 0.674215 0.826843
vt 0.656984 0.826843
vt 0.639751 0.826843
vt 0.622513 0.826843
vt 0.605270 0.826843
vt 0.588019 0.826843
vt 0.570761 0.826843
vt 0.553500 0.826843
vt 0.536237 0.826843
vt 0.691446 0.843640
vt 0.674217 0.843640
vt 0.656986 0.843640
vt 0.639754 0.843640
vt 0.622517 0.843640
vt 0.605273 0.843640
vt 0.588022 0.843640
vt 0.570764 0.843640
vt 0.553502 0.843640
vt 0.536239 0.843640
vt 0.691447 0.860438
vt 0.674215 0.860438
vt 0.656984 0.860438
vt 0.639751 0.860438
vt 0.622513 0.860438
vt 0.605270 0.860438
vt 0.588019 0.860438
vt 0.570761 0.860438
vt 0.553500 0.860438
vt 0.536237 0.860438
vt 0.691443 0.877235
vt 0.674210 0.877235
vt 0.656977 0.877235
vt 0.639742 0.877235
vt 0.622504 0.877235
vt 0.605260 0.877235
vt 0.588009 0.877235
vt 0.570753 0.877235
vt 0.553493 0.877235
vt 0.536231 0.877235
vt 0.691438 0.894032
vt 0.674202 0.894032
vt 0.656967 0.894032
vt 0.639730 0.894032
vt 0.622490 0.894032
vt 0.605246 0.894032
vt 0.587996 0.894032
vt 0.570741 0.894032
vt 0.553483 0.894032
vt 0.536223 0.894032
vt 0.691432 0.910830
vt 0.674193 0.910830
vt 0.656955 0.910830
vt 0.639716 0.910830
vt 0.622475 0.910830
vt 0.605230 0.910830
vt 0.587980 0.910830
vt 0.570727 0.910830
vt 0.553471 0.910830
vt 0.536214 0.910830
vt 0.691427 0.927627
vt 0.674185 0.927627
vt 0.656944 0.927627
vt 0.639703 0.927627
vt 0.622460 0.927627
vt 0.605214 0.927627
vt 0.587965 0.927627
vt 0.570713 0.927627
vt 0.553460 0.927627
vt 0.536206 0.927627
vt 0.947662 0.238238
vt 0.947662 0.215769
vt 0.947662 0.190073
vt 0.947662 0.160906
vt 0.947662 0.129514
vt 0.947662 0.097141
vt 0.947662 0.065039
vt 0.947662 0.034446
vt 0.964459 0.238225
vt 0.964459 0.215907
vt 0.964459 0.191386
vt 0.964459 0.163375
vt 0.964459 0.133110
vt 0.964459 0.101823
vt 0.964459 0.070729
vt 0.964459 0.041003
vt 0.981257 0.238211
vt 0.981257 0.215887
vt 0.981257 0.192604
vt 0.981257 0.166014
vt 0.981257 0.137119
vt 0.981257 0.107122
vt 0.981257 0.077193
vt 0.981257 0.048431
vt 0.813283 0.048430
vt 0.813283 0.077193
vt 0.813283 0.107122
vt 0.813283 0.137119
vt 0.813283 0.166014
vt 0.813283 0.192604
vt 0.813283 0.215887
vt 0.813283 0.238211
vt 0.930865 0.238248
vt 0.930865 0.215490
vt 0.930865 0.188932
vt 0.930865 0.158911
vt 0.930865 0.126673
vt 0.930865 0.093470
vt 0.930865 0.060574
vt 0.930865 0.029263
vt 0.914067 0.238255
vt 0.914067 0.215249
vt 0.914067 0.188165
vt 0.914067 0.157618
vt 0.914067 0.124855
vt 0.914067 0.091127
vt 0.914067 0.057716
vt 0.914067 0.025916
vt 0.897270 0.238258
vt 0.897270 0.215156
vt 0.897270 0.187895
vt 0.897270 0.157171
vt 0.897270 0.124230
vt 0.897270 0.090322
vt 0.897270 0.056731
vt 0.897270 0.024754
vt 0.880473 0.238255
vt 0.880473 0.215249
vt 0.880473 0.188165
vt 0.880473 0.157618
vt 0.880473 0.124855
vt 0.880473 0.091127
vt 0.880473 0.057716
vt 0.880473 0.025916
vt 0.863675 0.238248
vt 0.863675 0.215490
vt 0.863675 0.188932
vt 0.863675 0.158911
vt 0.863675 0.126673
vt 0.863675 0.093470
vt 0.863675 0.060574
vt 0.863675 0.029263
vt 0.846878 0.238238
vt 0.846878 0.215769
vt 0.846878 0.190073
vt 0.846878 0.160906
vt 0.846878 0.129514
vt 0.846878 0.097141
vt 0.846878 0.065039
vt 0.846878 0.034446
vt 0.830081 0.238225
vt 0.830081 0.215907
vt 0.830081 0.191386
vt 0.830081 0.163375
vt 0.830081 0.133110
vt 0.830081 0.101823
vt 0.830081 0.070729
vt 0.830081 0.041003
vt 0.804776 0.252256
vt 0.893523 0.745502
vt 0.910995 0.457980
vt 0.886132 0.749798
vt 0.800631 0.256374
vt 0.903615 0.453834
vt 0.889320 0.746664
vt 0.906794 0.456869
vt 0.893171 0.767852
vt 0.804772 0.238205
vt 0.888961 0.767904
vt 0.885754 0.768004
vt 0.800629 0.238178
vt 0.892389 0.790204
vt 0.804764 0.215877
vt 0.888156 0.790255
vt 0.884886 0.790356
vt 0.800625 0.215848
vt 0.891435 0.812696
vt 0.804754 0.193008
vt 0.887179 0.812802
vt 0.883846 0.813051
vt 0.800620 0.193180
vt 0.890478 0.837657
vt 0.804742 0.167260
vt 0.886200 0.837872
vt 0.882809 0.838420
vt 0.800614 0.167838
vt 0.889867 0.864998
vt 0.804737 0.139165
vt 0.885581 0.865316
vt 0.882167 0.866146
vt 0.800611 0.140128
vt 0.889948 0.893540
vt 0.804742 0.109904
vt 0.885673 0.893954
vt 0.882287 0.895046
vt 0.800614 0.111225
vt 0.890790 0.922168
vt 0.804756 0.080620
vt 0.886539 0.922667
vt 0.883222 0.923988
vt 0.800621 0.082258
vt 0.892122 0.949870
vt 0.804771 0.052371
vt 0.887902 0.950436
vt 0.884667 0.951943
vt 0.800628 0.054264
vt 0.804780 0.034990
vt 0.893506 0.975809
vt 0.928281 0.256411
vt 0.885907 0.973588
vt 0.800633 0.032586
vt 0.889248 0.975224
vt 0.924044 0.257523
vt 0.797597 0.030778
vt 0.910182 0.306803
vt 0.947662 0.252294
vt 0.905947 0.306803
vt 0.947662 0.256402
vt 0.902670 0.306803
vt 0.947662 0.015325
vt 0.927793 0.407587
vt 0.920212 0.407587
vt 0.947662 0.010897
vt 0.923539 0.407587
vt 0.910513 0.290006
vt 0.964459 0.252279
vt 0.906290 0.290006
vt 0.964459 0.256391
vt 0.903050 0.290006
vt 0.964459 0.022562
vt 0.927827 0.424385
vt 0.920281 0.424385
vt 0.964459 0.018104
vt 0.964459 0.014793
vt 0.923582 0.424385
vt 0.989760 0.034990
vt 0.881695 0.745500
vt 0.928281 0.457980
vt 0.874095 0.747721
vt 0.993907 0.032586
vt 0.877436 0.746084
vt 0.924044 0.456868
vt 0.996943 0.030778
vt 0.880310 0.771439
vt 0.989770 0.052371
vt 0.876090 0.770873
vt 0.872855 0.769366
vt 0.993912 0.054264
vt 0.878978 0.799141
vt 0.989784 0.080620
vt 0.874727 0.798642
vt 0.871410 0.797321
vt 0.993919 0.082258
vt 0.878136 0.827769
vt 0.989798 0.109904
vt 0.873861 0.827354
vt 0.870475 0.826263
vt 0.993926 0.111225
vt 0.878055 0.856311
vt 0.989803 0.139165
vt 0.873769 0.855992
vt 0.870356 0.855162
vt 0.993929 0.140128
vt 0.878666 0.883652
vt 0.989798 0.167260
vt 0.874389 0.883437
vt 0.870997 0.882889
vt 0.993926 0.167838
vt 0.879623 0.908613
vt 0.989786 0.193008
vt 0.875367 0.908507
vt 0.872034 0.908258
vt 0.993920 0.193180
vt 0.880577 0.931105
vt 0.989776 0.215877
vt 0.876344 0.931053
vt 0.873074 0.930953
vt 0.993915 0.215848
vt 0.881360 0.953457
vt 0.989768 0.238205
vt 0.877149 0.953405
vt 0.873942 0.953305
vt 0.993911 0.238178
vt 0.989764 0.252256
vt 0.881711 0.975806
vt 0.910995 0.256411
vt 0.874321 0.971510
vt 0.993909 0.256374
vt 0.903615 0.260557
vt 0.877508 0.974644
vt 0.906794 0.257522
vt 0.910812 0.273209
vt 0.981257 0.252265
vt 0.906605 0.273209
vt 0.981257 0.256380
vt 0.903409 0.273209
vt 0.981257 0.030691
vt 0.927986 0.441182
vt 0.981257 0.026210
vt 0.923753 0.441182
vt 0.981257 0.022882
vt 0.813283 0.030691
vt 0.927986 0.273209
vt 0.813283 0.026210
vt 0.923753 0.273209
vt 0.813283 0.022882
vt 0.910812 0.441182
vt 0.813283 0.252265
vt 0.906605 0.441182
vt 0.813283 0.256380
vt 0.903409 0.441182
vt 0.909892 0.323601
vt 0.930865 0.252307
vt 0.905646 0.323601
vt 0.930865 0.256411
vt 0.902343 0.323601
vt 0.930865 0.009528
vt 0.927839 0.390790
vt 0.920235 0.390790
vt 0.930865 0.005130
vt 0.923579 0.390790
vt 0.914067 0.252298
vt 0.909693 0.340398
vt 0.914067 0.256400
vt 0.902122 0.340398
vt 0.905442 0.340398
vt 0.927905 0.373993
vt 0.914067 0.005715
vt 0.923642 0.373993
vt 0.920290 0.373993
vt 0.914067 0.001339
vt 0.897270 0.252288
vt 0.909622 0.357195
vt 0.897270 0.256389
vt 0.902043 0.357195
vt 0.905369 0.357195
vt 0.927936 0.357195
vt 0.897270 0.004368
vt 0.923672 0.357195
vt 0.920317 0.357195
vt 0.897270 0.000000
vt 0.880473 0.252298
vt 0.909693 0.373993
vt 0.880473 0.256400
vt 0.902122 0.373993
vt 0.905442 0.373993
vt 0.927905 0.340398
vt 0.880473 0.005715
vt 0.923642 0.340398
vt 0.920290 0.340398
vt 0.880473 0.001339
vt 0.863675 0.252307
vt 0.909892 0.390790
vt 0.863675 0.256411
vt 0.902343 0.390790
vt 0.905646 0.390790
vt 0.927839 0.323601
vt 0.863675 0.009528
vt 0.923579 0.323601
vt 0.920235 0.323601
vt 0.863675 0.005130
vt 0.846878 0.252294
vt 0.910182 0.407588
vt 0.846878 0.256402
vt 0.902670 0.407588
vt 0.905947 0.407588
vt 0.927793 0.306803
vt 0.846878 0.015325
vt 0.923539 0.306803
vt 0.920212 0.306803
vt 0.846878 0.010897
vt 0.830081 0.252279
vt 0.910513 0.424385
vt 0.830081 0.256391
vt 0.903050 0.424385
vt 0.906290 0.424385
vt 0.927827 0.290006
vt 0.830081 0.022562
vt 0.830081 0.014793
vt 0.923582 0.290006
vt 0.920281 0.290006
vt 0.830081 0.018104
vt 0.526076 0.749979
vt 0.901692 0.745501
vt 0.900793 0.457980
vt 0.895372 0.748982
vt 0.894493 0.454418
vt 0.522505 0.746418
vt 0.898090 0.746435
vt 0.897196 0.457025
vt 0.526076 0.937301
vt 0.910655 0.935177
vt 0.900793 0.256411
vt 0.904335 0.931696
vt 0.894493 0.259973
vt 0.522505 0.940863
vt 0.907054 0.934243
vt 0.897196 0.257366
vt 0.900641 0.273209
vt 0.526076 0.927627
vt 0.897031 0.273209
vt 0.894292 0.273209
vt 0.522506 0.927627
vt 0.900175 0.290006
vt 0.526076 0.910830
vt 0.896544 0.290006
vt 0.893750 0.290006
vt 0.522508 0.910830
vt 0.899574 0.306803
vt 0.526075 0.894032
vt 0.895927 0.306803
vt 0.893084 0.306803
vt 0.522511 0.894032
vt 0.899007 0.323601
vt 0.526074 0.877235
vt 0.895345 0.323601
vt 0.892465 0.323601
vt 0.522513 0.877235
vt 0.898606 0.340398
vt 0.526073 0.860438
vt 0.894936 0.340398
vt 0.892032 0.340398
vt 0.522514 0.860438
vt 0.898462 0.357195
vt 0.526072 0.843640
vt 0.894789 0.357195
vt 0.891877 0.357195
vt 0.522515 0.843640
vt 0.898606 0.373993
vt 0.526073 0.826843
vt 0.894936 0.373993
vt 0.892032 0.373993
vt 0.522514 0.826843
vt 0.899007 0.390790
vt 0.526074 0.810046
vt 0.895345 0.390790
vt 0.892465 0.390790
vt 0.522513 0.810046
vt 0.899574 0.407587
vt 0.526075 0.793248
vt 0.895927 0.407587
vt 0.893084 0.407587
vt 0.522511 0.793248
vt 0.900175 0.424385
vt 0.526076 0.776451
vt 0.896544 0.424385
vt 0.893750 0.424385
vt 0.522508 0.776451
vt 0.526076 0.759654
vt 0.900641 0.441182
vt 0.894292 0.441182
vt 0.522506 0.759654
vt 0.897031 0.441182
vt 0.701550 0.749979
vt 0.901691 0.935178
vt 0.918961 0.256411
vt 0.895425 0.931538
vt 0.705102 0.746418
vt 0.912702 0.259973
vt 0.898104 0.934204
vt 0.915375 0.257366
vt 0.691426 0.749979
vt 0.901691 0.917935
vt 0.691417 0.746418
vt 0.895393 0.917855
vt 0.898096 0.917915
vt 0.674182 0.749976
vt 0.901586 0.900691
vt 0.674171 0.746416
vt 0.895204 0.900612
vt 0.897968 0.900671
vt 0.656939 0.749969
vt 0.901273 0.883448
vt 0.656928 0.746413
vt 0.894818 0.883369
vt 0.897635 0.883428
vt 0.639696 0.749963
vt 0.900912 0.866205
vt 0.639684 0.746409
vt 0.894402 0.866126
vt 0.897260 0.866185
vt 0.622452 0.749957
vt 0.900638 0.848962
vt 0.622440 0.746407
vt 0.894093 0.848883
vt 0.896976 0.848942
vt 0.605206 0.749955
vt 0.900537 0.831719
vt 0.605194 0.746406
vt 0.893979 0.831639
vt 0.896872 0.831699
vt 0.587958 0.749957
vt 0.900638 0.814475
vt 0.587946 0.746407
vt 0.894093 0.814396
vt 0.896976 0.814455
vt 0.570707 0.749963
vt 0.900913 0.797232
vt 0.570695 0.746409
vt 0.894402 0.797152
vt 0.897260 0.797212
vt 0.553455 0.749969
vt 0.901273 0.779988
vt 0.553444 0.746413
vt 0.894818 0.779909
vt 0.897635 0.779968
vt 0.901587 0.762744
vt 0.536203 0.749976
vt 0.897968 0.762724
vt 0.536193 0.746416
vt 0.895204 0.762665
vt 0.701550 0.937301
vt 0.910655 0.745500
vt 0.918961 0.457980
vt 0.904389 0.749140
vt 0.705102 0.940863
vt 0.912702 0.454418
vt 0.907068 0.746474
vt 0.915375 0.457025
vt 0.910655 0.762743
vt 0.691426 0.937301
vt 0.907059 0.762764
vt 0.904356 0.762823
vt 0.691417 0.940863
vt 0.910549 0.779987
vt 0.674182 0.937305
vt 0.906931 0.780007
vt 0.904167 0.780066
vt 0.674171 0.940865
vt 0.910236 0.797230
vt 0.656939 0.937311
vt 0.906598 0.797250
vt 0.903781 0.797309
vt 0.656928 0.940868
vt 0.909875 0.814473
vt 0.639696 0.937318
vt 0.906223 0.814493
vt 0.903365 0.814552
vt 0.639685 0.940871
vt 0.909601 0.831716
vt 0.622452 0.937323
vt 0.905939 0.831736
vt 0.903056 0.831795
vt 0.622440 0.940874
vt 0.909500 0.848960
vt 0.605206 0.937325
vt 0.905835 0.848979
vt 0.902942 0.849039
vt 0.605194 0.940875
vt 0.909601 0.866203
vt 0.587958 0.937323
vt 0.905939 0.866223
vt 0.903056 0.866282
vt 0.587946 0.940874
vt 0.909876 0.883446
vt 0.570707 0.937318
vt 0.906223 0.883466
vt 0.903365 0.883526
vt 0.570695 0.940871
vt 0.910236 0.900690
vt 0.553455 0.937311
vt 0.906598 0.900710
vt 0.903781 0.900769
vt 0.553444 0.940868
vt 0.536203 0.937305
vt 0.910550 0.917934
vt 0.904167 0.918013
vt 0.536193 0.940865
vt 0.906931 0.917954
vt 0.701551 0.759654
vt 0.918961 0.273209
vt 0.705103 0.759654
vt 0.912670 0.273209
vt 0.915367 0.273209
vt 0.701557 0.776451
vt 0.918883 0.290006
vt 0.705106 0.776451
vt 0.912513 0.290006
vt 0.915268 0.290006
vt 0.701566 0.793248
vt 0.918621 0.306803
vt 0.705112 0.793248
vt 0.912181 0.306803
vt 0.914988 0.306803
vt 0.701577 0.810046
vt 0.918313 0.323601
vt 0.705119 0.810046
vt 0.911820 0.323601
vt 0.914665 0.323601
vt 0.701584 0.826843
vt 0.918077 0.340398
vt 0.705123 0.826843
vt 0.911550 0.340398
vt 0.914420 0.340398
vt 0.701584 0.843640
vt 0.917990 0.357195
vt 0.705123 0.843640
vt 0.911451 0.357195
vt 0.914330 0.357195
vt 0.701584 0.860438
vt 0.918077 0.373993
vt 0.705123 0.860438
vt 0.911550 0.373993
vt 0.914420 0.373993
vt 0.701577 0.877235
vt 0.918313 0.390790
vt 0.705119 0.877235
vt 0.911820 0.390790
vt 0.914665 0.390790
vt 0.701566 0.894032
vt 0.918621 0.407587
vt 0.705112 0.894032
vt 0.912181 0.407587
vt 0.914988 0.407587
vt 0.701557 0.910830
vt 0.918883 0.424385
vt 0.705106 0.910830
vt 0.912513 0.424385
vt 0.915268 0.424385
vt 0.918961 0.441182
vt 0.701551 0.927627
vt 0.915367 0.441182
vt 0.705103 0.927627
vt 0.912670 0.441182
vt 0.522505 0.546071
vt 0.501797 0.012892
vt 0.993766 0.484247
vt 0.513811 0.000005
vt 0.522505 0.539599
vt 0.503483 0.006455
vt 0.522505 0.534792
vt 0.999716 0.484247
vt 0.507880 0.001738
vt 0.990197 0.484247
vt 0.517378 0.000000
vt 0.000000 0.061853
vt 0.529032 0.012854
vt 0.984332 0.484247
vt 0.000000 0.050558
vt 0.523260 0.001716
vt 0.000000 0.055378
vt 0.527525 0.006420
vt 0.231410 0.047126
vt 0.990286 0.715658
vt 0.231410 0.040665
vt 0.984456 0.715658
vt 0.231410 0.035854
vt 0.529818 0.012854
vt 0.261253 0.061853
vt 0.541472 0.000000
vt 0.990197 0.745500
vt 0.531324 0.006420
vt 0.261253 0.055378
vt 0.535590 0.001716
vt 0.984332 0.745500
vt 0.261253 0.050558
vt 0.990286 0.514090
vt 0.029842 0.047126
vt 0.984456 0.514090
vt 0.029842 0.035854
vt 0.029842 0.040665
vt 0.214613 0.038379
vt 0.990311 0.698861
vt 0.214613 0.031943
vt 0.984496 0.698861
vt 0.214613 0.027150
vt 0.545039 0.000005
vt 0.993766 0.745500
vt 0.557053 0.012892
vt 0.261253 0.546071
vt 0.550970 0.001738
vt 0.261253 0.534792
vt 0.999716 0.745500
vt 0.555367 0.006455
vt 0.261253 0.539599
vt 0.291095 0.531366
vt 0.993946 0.715658
vt 0.291095 0.524902
vt 0.291095 0.520101
vt 0.999933 0.715658
vt 0.492663 0.531366
vt 0.993946 0.514090
vt 0.492663 0.524902
vt 0.492663 0.520101
vt 0.999933 0.514090
vt 0.993997 0.698861
vt 0.307892 0.522628
vt 0.307892 0.511403
vt 1.000000 0.698861
vt 0.307892 0.516187
vt 0.990311 0.530887
vt 0.046640 0.038379
vt 0.984496 0.530887
vt 0.046640 0.027150
vt 0.046640 0.031943
vt 0.990277 0.547684
vt 0.063437 0.029978
vt 0.984473 0.547684
vt 0.063437 0.018817
vt 0.063437 0.023581
vt 0.990196 0.564482
vt 0.080234 0.022472
vt 0.984397 0.564482
vt 0.080234 0.011395
vt 0.080234 0.016124
vt 0.990099 0.581279
vt 0.097032 0.016421
vt 0.984302 0.581279
vt 0.097032 0.005424
vt 0.097032 0.010119
vt 0.990020 0.598076
vt 0.113829 0.012384
vt 0.984222 0.598076
vt 0.113829 0.001446
vt 0.113829 0.006116
vt 0.989989 0.614874
vt 0.130626 0.010917
vt 0.984190 0.614874
vt 0.130626 0.000000
vt 0.130626 0.004661
vt 0.990020 0.631671
vt 0.147424 0.012384
vt 0.984222 0.631671
vt 0.147424 0.001446
vt 0.147424 0.006116
vt 0.990099 0.648468
vt 0.164221 0.016421
vt 0.984302 0.648468
vt 0.164221 0.005424
vt 0.164221 0.010119
vt 0.990196 0.665266
vt 0.181018 0.022472
vt 0.984397 0.665266
vt 0.181018 0.011395
vt 0.181018 0.016124
vt 0.990277 0.682063
vt 0.197816 0.029978
vt 0.984473 0.682063
vt 0.197816 0.018817
vt 0.197816 0.023581
vt 0.475866 0.522628
vt 0.993997 0.530887
vt 0.475866 0.516187
vt 0.475866 0.511403
vt 1.000000 0.530887
vt 0.459068 0.514231
vt 0.993973 0.547684
vt 0.459068 0.507828
vt 0.459068 0.503072
vt 0.999987 0.547684
vt 0.442271 0.506726
vt 0.993890 0.564482
vt 0.442271 0.500370
vt 0.442271 0.495649
vt 0.999910 0.564482
vt 0.425474 0.500673
vt 0.993785 0.581279
vt 0.425474 0.494363
vt 0.425474 0.489675
vt 0.999807 0.581279
vt 0.408676 0.496633
vt 0.993697 0.598076
vt 0.408676 0.490357
vt 0.408676 0.485695
vt 0.999719 0.598076
vt 0.391879 0.495165
vt 0.993661 0.614874
vt 0.391879 0.488901
vt 0.391879 0.484247
vt 0.999683 0.614874
vt 0.375082 0.496633
vt 0.993697 0.631671
vt 0.375082 0.490357
vt 0.375082 0.485695
vt 0.999719 0.631671
vt 0.358284 0.500673
vt 0.993785 0.648468
vt 0.358284 0.494363
vt 0.358284 0.489675
vt 0.999807 0.648468
vt 0.341487 0.506726
vt 0.993890 0.665266
vt 0.341487 0.500370
vt 0.341487 0.495649
vt 0.999910 0.665266
vt 0.324690 0.514231
vt 0.993973 0.682063
vt 0.324690 0.507828
vt 0.324690 0.503072
vt 0.999987 0.682063
vt 0.842203 0.512172
vt 0.834104 0.398462
vt 0.865992 0.510594
vt 0.832012 0.374764
vt 0.884552 0.509408
vt 0.830709 0.356267
vt 0.899608 0.508947
vt 0.830267 0.341235
vt 0.914645 0.509408
vt 0.830709 0.326178
vt 0.933150 0.510594
vt 0.832012 0.307617
vt 0.956850 0.512172
vt 0.834104 0.283834
vt 0.842935 0.773004
vt 0.858473 0.283838
vt 0.844515 0.796877
vt 0.853754 0.307630
vt 0.845702 0.815492
vt 0.850466 0.326191
vt 0.846163 0.830567
vt 0.849284 0.341248
vt 0.845702 0.845582
vt 0.850466 0.356280
vt 0.844515 0.864030
vt 0.853754 0.374780
vt 0.842935 0.887662
vt 0.858473 0.398490
vt 0.868947 0.887662
vt 0.289413 0.342151
vt 0.867367 0.864030
vt 0.284713 0.365865
vt 0.866180 0.845582
vt 0.281439 0.384368
vt 0.865720 0.830567
vt 0.280270 0.399401
vt 0.866180 0.815492
vt 0.281463 0.414456
vt 0.867367 0.796877
vt 0.284766 0.433015
vt 0.868947 0.773004
vt 0.289504 0.456803
vt 0.956850 0.486165
vt 0.265135 0.456827
vt 0.933150 0.487743
vt 0.263024 0.433046
vt 0.914645 0.488929
vt 0.261706 0.414485
vt 0.899608 0.489390
vt 0.261253 0.399429
vt 0.884552 0.488929
vt 0.261682 0.384396
vt 0.865992 0.487743
vt 0.262971 0.365898
vt 0.842203 0.486165
vt 0.265044 0.342198
vt 0.840118 0.887662
vt 0.825803 0.283763
vt 0.838538 0.864030
vt 0.821084 0.307474
vt 0.837351 0.845582
vt 0.817796 0.325974
vt 0.836891 0.830567
vt 0.816614 0.341006
vt 0.837351 0.815492
vt 0.817796 0.356062
vt 0.838538 0.796877
vt 0.821084 0.374624
vt 0.840118 0.773004
vt 0.825803 0.398416
vt 0.956850 0.717576
vt 0.801434 0.398420
vt 0.933150 0.719153
vt 0.799342 0.374637
vt 0.914645 0.720339
vt 0.798038 0.356075
vt 0.899608 0.720800
vt 0.797597 0.341018
vt 0.884552 0.720339
vt 0.798038 0.325986
vt 0.865992 0.719154
vt 0.799342 0.307489
vt 0.842204 0.717576
vt 0.801434 0.283791
vt 0.842204 0.743582
vt 0.793805 0.342198
vt 0.865992 0.742004
vt 0.795879 0.365898
vt 0.884552 0.740818
vt 0.797168 0.384396
vt 0.899608 0.740358
vt 0.797597 0.399429
vt 0.914645 0.740818
vt 0.797144 0.414485
vt 0.933150 0.742004
vt 0.795825 0.433046
vt 0.956850 0.743582
vt 0.793714 0.456827
vt 0.814106 0.773004
vt 0.769346 0.456804
vt 0.815686 0.796877
vt 0.774083 0.433015
vt 0.816873 0.815492
vt 0.777386 0.414456
vt 0.817333 0.830567
vt 0.778580 0.399401
vt 0.816873 0.845582
vt 0.777410 0.384368
vt 0.815686 0.864030
vt 0.774137 0.365865
vt 0.814106 0.887662
vt 0.769437 0.342151
vt 0.530926 0.340677
vt 0.259595 0.389704
vt 0.532279 0.364450
vt 0.258124 0.413483
vt 0.533424 0.383571
vt 0.256879 0.432608
vt 0.533901 0.399054
vt 0.256355 0.448094
vt 0.533400 0.414565
vt 0.256879 0.463605
vt 0.532224 0.433752
vt 0.258124 0.482788
vt 0.530833 0.457602
vt 0.259595 0.506636
vt 0.233068 0.506636
vt 0.259290 0.846801
vt 0.234540 0.482788
vt 0.257918 0.822950
vt 0.235784 0.463605
vt 0.256757 0.803762
vt 0.236308 0.448094
vt 0.256268 0.788251
vt 0.235784 0.432608
vt 0.256757 0.772768
vt 0.234540 0.413483
vt 0.257918 0.753648
vt 0.233068 0.389704
vt 0.259290 0.729876
vt 0.864143 0.283015
vt 0.235174 0.846817
vt 0.865615 0.306859
vt 0.236477 0.822964
vt 0.866859 0.326040
vt 0.237579 0.803775
vt 0.867383 0.341550
vt 0.238043 0.788263
vt 0.866859 0.357039
vt 0.237579 0.772780
vt 0.865615 0.376171
vt 0.236477 0.753662
vt 0.864143 0.399957
vt 0.235174 0.729892
vt 0.890670 0.399957
vt 0.555042 0.340712
vt 0.889199 0.376171
vt 0.553720 0.364481
vt 0.887955 0.357039
vt 0.552603 0.383598
vt 0.887430 0.341550
vt 0.552126 0.399080
vt 0.887955 0.326040
vt 0.552578 0.414593
vt 0.889199 0.306859
vt 0.553665 0.433783
vt 0.890670 0.283015
vt 0.554949 0.457637
vt 0.259290 0.676791
vt 0.028185 0.389704
vt 0.257918 0.653019
vt 0.026713 0.413483
vt 0.256757 0.633900
vt 0.025469 0.432608
vt 0.256268 0.618417
vt 0.024945 0.448094
vt 0.256757 0.602905
vt 0.025469 0.463605
vt 0.257918 0.583718
vt 0.026713 0.482788
vt 0.259290 0.559866
vt 0.028185 0.506636
vt 0.001658 0.506636
vt 0.528017 0.457602
vt 0.003129 0.482788
vt 0.526626 0.433752
vt 0.004373 0.463605
vt 0.525450 0.414565
vt 0.004898 0.448094
vt 0.524949 0.399054
vt 0.004373 0.432608
vt 0.525425 0.383571
vt 0.003129 0.413483
vt 0.526571 0.364450
vt 0.001658 0.389704
vt 0.527924 0.340677
vt 0.784964 0.772103
vt 0.503901 0.457637
vt 0.786436 0.795947
vt 0.505185 0.433783
vt 0.787680 0.815129
vt 0.506272 0.414593
vt 0.788204 0.830638
vt 0.506724 0.399080
vt 0.787680 0.846128
vt 0.506247 0.383598
vt 0.786436 0.865260
vt 0.505130 0.364481
vt 0.784964 0.889046
vt 0.503808 0.340712
vt 0.235174 0.559850
vt 0.811491 0.772103
vt 0.236477 0.583704
vt 0.810020 0.795947
vt 0.237579 0.602893
vt 0.808775 0.815129
vt 0.238043 0.618405
vt 0.808251 0.830638
vt 0.237579 0.633887
vt 0.808775 0.846128
vt 0.236477 0.653005
vt 0.810020 0.865260
vt 0.235174 0.676775
vt 0.811491 0.889046
s 1
usemtl Chair
f 17/39/1 20/46/2 4/8/3 3/7/4
f 9/20/5 12/26/6 8/17/7 7/16/8
f 21/50/9 24/58/10 6/12/11 5/11/12
f 13/28/13 16/36/14 2/3/15 1/1/16
f 1367/1930/17 1360/1916/18 344/532/19 353/559/20
f 28/66/21 19/43/22 2/4/15 16/35/14
f 24/57/10 26/61/23 15/34/24 6/13/11
f 110/202/25 28/66/21 16/35/14 76/157/26
f 1339/1874/17 1332/1860/18 349/547/19 356/568/20
f 88/169/27 32/78/28 14/30/29 65/135/30
f 5/10/12 6/14/11 15/33/24 14/31/29
f 55/114/31 76/156/26 16/36/14 13/28/13
f 3/6/4 4/9/3 11/25/32 10/24/33
f 33/82/34 54/113/35 12/26/6 9/20/5
f 33/81/34 9/19/5 31/75/36 77/158/37
f 340/522/38 208/379/39 32/78/28 88/169/27
f 1332/1859/18 1331/1858/40 346/538/41 349/548/19
f 131/245/42 197/368/43 30/72/44 18/40/45
f 506/777/46 520/793/47 1249/1708/48 1245/1703/49
f 507/779/50 493/763/51 1210/1659/52 1214/1664/53
f 164/311/54 175/333/55 26/61/23 24/57/10
f 492/761/56 506/777/46 1245/1703/49 1241/1698/57
f 186/356/58 132/247/59 19/43/22 28/66/21
f 1360/1915/18 1359/1914/40 343/529/41 344/533/19
f 208/379/39 143/269/60 21/48/9 32/78/28
f 7/15/8 8/18/7 23/56/61 22/53/62
f 143/268/60 164/310/54 24/58/10 21/50/9
f 1/2/16 2/5/15 19/44/22 18/42/45
f 121/224/63 142/266/64 20/46/2 17/39/1
f 1209/1658/65 1205/1653/66 1246/1704/67 1250/1709/68
f 407/648/69 420/674/70 1229/1683/71 1181/1623/72
f 370/597/73 492/761/56 1241/1698/57 1237/1693/74
f 454/720/75 475/741/76 1166/1600/77 1190/1634/78
f 1205/1653/66 1201/1648/79 1242/1699/80 1246/1704/67
f 395/635/81 370/597/73 1237/1693/74 1233/1688/82
f 1201/1648/79 1197/1643/83 1238/1694/84 1242/1699/80
f 598/901/85 476/742/86 1186/1629/87 1265/1728/88
f 1158/1586/89 1170/1605/90 1185/1628/91 1178/1619/92
f 1197/1643/83 1193/1638/93 1234/1689/94 1238/1694/84
f 1189/1633/95 1165/1599/96 1182/1624/97 1230/1684/98
f 197/368/43 230/412/99 98/179/100 30/72/44
f 230/412/99 241/423/101 97/178/102 98/179/100
f 241/423/101 252/434/103 96/177/104 97/178/102
f 252/434/103 263/445/105 95/176/106 96/177/104
f 263/445/105 274/456/107 94/175/108 95/176/106
f 274/456/107 285/467/109 93/174/110 94/175/108
f 285/467/109 296/478/111 92/173/112 93/174/110
f 296/478/111 307/489/113 91/172/114 92/173/112
f 307/489/113 318/500/115 90/171/116 91/172/114
f 318/500/115 329/511/117 89/170/118 90/171/116
f 329/511/117 340/522/38 88/169/27 89/170/118
f 10/22/33 43/101/119 87/168/120 29/69/121
f 43/101/119 42/99/122 86/167/123 87/168/120
f 42/99/122 41/97/124 85/166/125 86/167/123
f 41/97/124 40/95/126 84/165/127 85/166/125
f 40/95/126 39/93/128 83/164/129 84/165/127
f 39/93/128 38/91/130 82/163/131 83/164/129
f 38/91/130 37/89/132 81/162/133 82/163/131
f 37/89/132 36/87/134 80/161/135 81/162/133
f 36/87/134 35/85/136 79/160/137 80/161/135
f 35/85/136 34/83/138 78/159/139 79/160/137
f 34/83/138 33/81/34 77/158/37 78/159/139
f 10/24/33 11/25/32 44/103/140 43/102/119
f 43/102/119 44/103/140 45/104/141 42/100/122
f 42/100/122 45/104/141 46/105/142 41/98/124
f 41/98/124 46/105/142 47/106/143 40/96/126
f 40/96/126 47/106/143 48/107/144 39/94/128
f 39/94/128 48/107/144 49/108/145 38/92/130
f 38/92/130 49/108/145 50/109/146 37/90/132
f 37/90/132 50/109/146 51/110/147 36/88/134
f 36/88/134 51/110/147 52/111/148 35/86/136
f 35/86/136 52/111/148 53/112/149 34/84/138
f 34/84/138 53/112/149 54/113/35 33/82/34
f 14/31/29 15/33/24 66/136/150 65/134/30
f 65/134/30 66/136/150 67/138/151 64/132/152
f 64/132/152 67/138/151 68/140/153 63/130/154
f 63/130/154 68/140/153 69/142/155 62/128/156
f 62/128/156 69/142/155 70/144/157 61/126/158
f 61/126/158 70/144/157 71/146/159 60/124/160
f 60/124/160 71/146/159 72/148/161 59/122/162
f 59/122/162 72/148/161 73/150/163 58/120/164
f 58/120/164 73/150/163 74/152/165 57/118/166
f 57/118/166 74/152/165 75/154/167 56/116/168
f 56/116/168 75/154/167 76/156/26 55/114/31
f 30/72/44 98/179/100 55/115/31 13/27/13
f 98/179/100 97/178/102 56/117/168 55/115/31
f 97/178/102 96/177/104 57/119/166 56/117/168
f 96/177/104 95/176/106 58/121/164 57/119/166
f 95/176/106 94/175/108 59/123/162 58/121/164
f 94/175/108 93/174/110 60/125/160 59/123/162
f 93/174/110 92/173/112 61/127/158 60/125/160
f 92/173/112 91/172/114 62/129/156 61/127/158
f 91/172/114 90/171/116 63/131/154 62/129/156
f 90/171/116 89/170/118 64/133/152 63/131/154
f 89/170/118 88/169/27 65/135/30 64/133/152
f 26/61/23 120/222/169 66/137/150 15/34/24
f 120/222/169 119/220/170 67/139/151 66/137/150
f 119/220/170 118/218/171 68/141/153 67/139/151
f 118/218/171 117/216/172 69/143/155 68/141/153
f 117/216/172 116/214/173 70/145/157 69/143/155
f 116/214/173 115/212/174 71/147/159 70/145/157
f 115/212/174 114/210/175 72/149/161 71/147/159
f 114/210/175 113/208/176 73/151/163 72/149/161
f 113/208/176 112/206/177 74/153/165 73/151/163
f 112/206/177 111/204/178 75/155/167 74/153/165
f 111/204/178 110/202/25 76/157/26 75/155/167
f 78/159/139 77/158/37 330/512/179 319/501/180
f 319/501/180 330/512/179 331/513/181 320/502/182
f 320/502/182 331/513/181 332/514/183 321/503/184
f 321/503/184 332/514/183 333/515/185 322/504/186
f 322/504/186 333/515/185 334/516/187 323/505/188
f 323/505/188 334/516/187 335/517/189 324/506/190
f 324/506/190 335/517/189 336/518/191 325/507/192
f 325/507/192 336/518/191 337/519/193 326/508/194
f 326/508/194 337/519/193 338/520/195 327/509/196
f 327/509/196 338/520/195 339/521/197 328/510/198
f 328/510/198 339/521/197 340/522/38 329/511/117
f 79/160/137 78/159/139 319/501/180 308/490/199
f 308/490/199 319/501/180 320/502/182 309/491/200
f 309/491/200 320/502/182 321/503/184 310/492/201
f 310/492/201 321/503/184 322/504/186 311/493/202
f 311/493/202 322/504/186 323/505/188 312/494/203
f 312/494/203 323/505/188 324/506/190 313/495/204
f 313/495/204 324/506/190 325/507/192 314/496/205
f 314/496/205 325/507/192 326/508/194 315/497/206
f 315/497/206 326/508/194 327/509/196 316/498/207
f 316/498/207 327/509/196 328/510/198 317/499/208
f 317/499/208 328/510/198 329/511/117 318/500/115
f 80/161/135 79/160/137 308/490/199 297/479/209
f 297/479/209 308/490/199 309/491/200 298/480/210
f 298/480/210 309/491/200 310/492/201 299/481/211
f 299/481/211 310/492/201 311/493/202 300/482/212
f 300/482/212 311/493/202 312/494/203 301/483/213
f 301/483/213 312/494/203 313/495/204 302/484/214
f 302/484/214 313/495/204 314/496/205 303/485/215
f 303/485/215 314/496/205 315/497/206 304/486/216
f 304/486/216 315/497/206 316/498/207 305/487/217
f 305/487/217 316/498/207 317/499/208 306/488/218
f 306/488/218 317/499/208 318/500/115 307/489/113
f 81/162/133 80/161/135 297/479/209 286/468/219
f 286/468/219 297/479/209 298/480/210 287/469/220
f 287/469/220 298/480/210 299/481/211 288/470/221
f 288/470/221 299/481/211 300/482/212 289/471/222
f 289/471/222 300/482/212 301/483/213 290/472/223
f 290/472/223 301/483/213 302/484/214 291/473/224
f 291/473/224 302/484/214 303/485/215 292/474/225
f 292/474/225 303/485/215 304/486/216 293/475/226
f 293/475/226 304/486/216 305/487/217 294/476/227
f 294/476/227 305/487/217 306/488/218 295/477/228
f 295/477/228 306/488/218 307/489/113 296/478/111
f 82/163/131 81/162/133 286/468/219 275/457/229
f 275/457/229 286/468/219 287/469/220 276/458/230
f 276/458/230 287/469/220 288/470/221 277/459/231
f 277/459/231 288/470/221 289/471/222 278/460/232
f 278/460/232 289/471/222 290/472/223 279/461/233
f 279/461/233 290/472/223 291/473/224 280/462/234
f 280/462/234 291/473/224 292/474/225 281/463/235
f 281/463/235 292/474/225 293/475/226 282/464/236
f 282/464/236 293/475/226 294/476/227 283/465/237
f 283/465/237 294/476/227 295/477/228 284/466/238
f 284/466/238 295/477/228 296/478/111 285/467/109
f 83/164/129 82/163/131 275/457/229 264/446/239
f 264/446/239 275/457/229 276/458/230 265/447/240
f 265/447/240 276/458/230 277/459/231 266/448/241
f 266/448/241 277/459/231 278/460/232 267/449/242
f 267/449/242 278/460/232 279/461/233 268/450/243
f 268/450/243 279/461/233 280/462/234 269/451/244
f 269/451/244 280/462/234 281/463/235 270/452/245
f 270/452/245 281/463/235 282/464/236 271/453/246
f 271/453/246 282/464/236 283/465/237 272/454/247
f 272/454/247 283/465/237 284/466/238 273/455/248
f 273/455/248 284/466/238 285/467/109 274/456/107
f 84/165/127 83/164/129 264/446/239 253/435/249
f 253/435/249 264/446/239 265/447/240 254/436/250
f 254/436/250 265/447/240 266/448/241 255/437/251
f 255/437/251 266/448/241 267/449/242 256/438/252
f 256/438/252 267/449/242 268/450/243 257/439/253
f 257/439/253 268/450/243 269/451/244 258/440/254
f 258/440/254 269/451/244 270/452/245 259/441/255
f 259/441/255 270/452/245 271/453/246 260/442/256
f 260/442/256 271/453/246 272/454/247 261/443/257
f 261/443/257 272/454/247 273/455/248 262/444/258
f 262/444/258 273/455/248 274/456/107 263/445/105
f 85/166/125 84/165/127 253/435/249 242/424/259
f 242/424/259 253/435/249 254/436/250 243/425/260
f 243/425/260 254/436/250 255/437/251 244/426/261
f 244/426/261 255/437/251 256/438/252 245/427/262
f 245/427/262 256/438/252 257/439/253 246/428/263
f 246/428/263 257/439/253 258/440/254 247/429/264
f 247/429/264 258/440/254 259/441/255 248/430/265
f 248/430/265 259/441/255 260/442/256 249/431/266
f 249/431/266 260/442/256 261/443/257 250/432/267
f 250/432/267 261/443/257 262/444/258 251/433/268
f 251/433/268 262/444/258 263/445/105 252/434/103
f 86/167/123 85/166/125 242/424/259 231/413/269
f 231/413/269 242/424/259 243/425/260 232/414/270
f 232/414/270 243/425/260 244/426/261 233/415/271
f 233/415/271 244/426/261 245/427/262 234/416/272
f 234/416/272 245/427/262 246/428/263 235/417/273
f 235/417/273 246/428/263 247/429/264 236/418/274
f 236/418/274 247/429/264 248/430/265 237/419/275
f 237/419/275 248/430/265 249/431/266 238/420/276
f 238/420/276 249/431/266 250/432/267 239/421/277
f 239/421/277 250/432/267 251/433/268 240/422/278
f 240/422/278 251/433/268 252/434/103 241/423/101
f 87/168/120 86/167/123 231/413/269 220/402/279
f 220/402/279 231/413/269 232/414/270 221/403/280
f 221/403/280 232/414/270 233/415/271 222/404/281
f 222/404/281 233/415/271 234/416/272 223/405/282
f 223/405/282 234/416/272 235/417/273 224/406/283
f 224/406/283 235/417/273 236/418/274 225/407/284
f 225/407/284 236/418/274 237/419/275 226/408/285
f 226/408/285 237/419/275 238/420/276 227/409/286
f 227/409/286 238/420/276 239/421/277 228/410/287
f 228/410/287 239/421/277 240/422/278 229/411/288
f 229/411/288 240/422/278 241/423/101 230/412/99
f 29/69/121 87/168/120 220/402/279 187/358/289
f 187/358/289 220/402/279 221/403/280 188/359/290
f 188/359/290 221/403/280 222/404/281 189/360/291
f 189/360/291 222/404/281 223/405/282 190/361/292
f 190/361/292 223/405/282 224/406/283 191/362/293
f 191/362/293 224/406/283 225/407/284 192/363/294
f 192/363/294 225/407/284 226/408/285 193/364/295
f 193/364/295 226/408/285 227/409/286 194/365/296
f 194/365/296 227/409/286 228/410/287 195/366/297
f 195/366/297 228/410/287 229/411/288 196/367/298
f 196/367/298 229/411/288 230/412/99 197/368/43
f 100/182/299 99/180/300 219/400/301 218/398/302
f 101/184/303 100/182/299 218/398/302 217/396/304
f 102/186/305 101/184/303 217/396/304 216/394/306
f 103/188/307 102/186/305 216/394/306 215/392/308
f 104/190/309 103/188/307 215/392/308 214/390/310
f 105/192/311 104/190/309 214/390/310 213/388/312
f 106/194/313 105/192/311 213/388/312 212/386/314
f 107/196/315 106/194/313 212/386/314 211/384/316
f 1021/1404/317 599/903/318 600/904/319 1025/1409/320
f 701/1005/321 1074/1473/322 1078/1478/323 702/1006/324
f 1113/1522/325 1117/1527/326 629/933/327 619/923/328
f 608/912/329 618/922/330 1010/1387/331 1013/1391/332
f 1017/1396/333 1105/1512/334 599/903/318 1021/1404/317
f 700/1004/335 1070/1468/336 1074/1473/322 701/1005/321
f 108/198/337 107/196/315 211/384/316 210/382/338
f 708/1012/339 1101/1507/340 969/1333/341 974/1342/342
f 1133/1547/343 1137/1552/344 679/983/345 669/973/346
f 618/922/330 628/932/347 1006/1382/348 1010/1387/331
f 699/1003/349 1066/1463/350 1070/1468/336 700/1004/335
f 1109/1517/351 1113/1522/325 619/923/328 609/913/352
f 628/932/347 638/942/353 1002/1377/354 1006/1382/348
f 1146/1563/355 1061/1454/356 1066/1463/350 699/1003/349
f 1058/1450/357 608/912/329 1013/1391/332 965/1325/358
f 638/942/353 648/952/359 998/1372/360 1002/1377/354
f 1129/1542/361 1133/1547/343 669/973/346 659/963/362
f 109/200/363 108/198/337 210/382/338 209/380/364
f 648/952/359 658/962/365 994/1367/366 998/1372/360
f 26/62/23 175/334/55 1057/1449/367 966/1326/368
f 1105/1512/334 1109/1517/351 609/913/352 599/903/318
f 1053/1444/369 607/911/370 608/912/329 1058/1450/357
f 658/962/365 668/972/371 990/1362/372 994/1367/366
f 1049/1439/373 606/910/374 607/911/370 1053/1444/369
f 1125/1537/375 1129/1542/361 659/963/362 649/953/376
f 668/972/371 678/982/377 986/1357/378 990/1362/372
f 1045/1434/379 605/909/380 606/910/374 1049/1439/373
f 166/316/381 165/312/382 1018/1397/383 1022/1405/384
f 25/59/385 109/200/363 209/380/364 165/313/382
f 707/1011/386 1098/1503/387 1101/1507/340 708/1012/339
f 678/982/377 688/992/388 982/1352/389 986/1357/378
f 1041/1429/390 604/908/391 605/909/380 1045/1434/379
f 176/335/392 177/339/393 1065/1462/394 1062/1455/395
f 706/1010/396 1094/1498/397 1098/1503/387 707/1011/386
f 688/992/388 698/1002/398 978/1347/399 982/1352/389
f 1121/1532/400 1125/1537/375 649/953/376 639/943/401
f 1037/1424/402 603/907/403 604/908/391 1041/1429/390
f 705/1009/404 1090/1493/405 1094/1498/397 706/1010/396
f 698/1002/398 708/1012/339 974/1342/342 978/1347/399
f 18/42/45 19/44/22 132/246/59 131/244/42
f 131/244/42 132/246/59 133/248/406 130/242/407
f 130/242/407 133/248/406 134/250/408 129/240/409
f 129/240/409 134/250/408 135/252/410 128/238/411
f 128/238/411 135/252/410 136/254/412 127/236/413
f 127/236/413 136/254/412 137/256/414 126/234/415
f 126/234/415 137/256/414 138/258/416 125/232/417
f 125/232/417 138/258/416 139/260/418 124/230/419
f 124/230/419 139/260/418 140/262/420 123/228/421
f 123/228/421 140/262/420 141/264/422 122/226/423
f 122/226/423 141/264/422 142/266/64 121/224/63
f 22/53/62 23/56/61 154/290/424 153/288/425
f 153/288/425 154/290/424 155/292/426 152/286/427
f 152/286/427 155/292/426 156/294/428 151/284/429
f 151/284/429 156/294/428 157/296/430 150/282/431
f 150/282/431 157/296/430 158/298/432 149/280/433
f 149/280/433 158/298/432 159/300/434 148/278/435
f 148/278/435 159/300/434 160/302/436 147/276/437
f 147/276/437 160/302/436 161/304/438 146/274/439
f 146/274/439 161/304/438 162/306/440 145/272/441
f 145/272/441 162/306/440 163/308/442 144/270/443
f 144/270/443 163/308/442 164/310/54 143/268/60
f 31/75/36 22/51/62 153/289/425 198/369/444
f 198/369/444 153/289/425 152/287/427 199/370/445
f 199/370/445 152/287/427 151/285/429 200/371/446
f 200/371/446 151/285/429 150/283/431 201/372/447
f 201/372/447 150/283/431 149/281/433 202/373/448
f 202/373/448 149/281/433 148/279/435 203/374/449
f 203/374/449 148/279/435 147/277/437 204/375/450
f 204/375/450 147/277/437 146/275/439 205/376/451
f 205/376/451 146/275/439 145/273/441 206/377/452
f 206/377/452 145/273/441 144/271/443 207/378/453
f 207/378/453 144/271/443 143/269/60 208/379/39
f 27/64/385 20/45/2 142/267/64 176/336/392
f 176/336/392 142/267/64 141/265/422 177/338/393
f 177/338/393 141/265/422 140/263/420 178/340/454
f 178/340/454 140/263/420 139/261/418 179/342/455
f 179/342/455 139/261/418 138/259/416 180/344/456
f 180/344/456 138/259/416 137/257/414 181/346/457
f 181/346/457 137/257/414 136/255/412 182/348/458
f 182/348/458 136/255/412 135/253/410 183/350/459
f 183/350/459 135/253/410 134/251/408 184/352/460
f 184/352/460 134/251/408 133/249/406 185/354/461
f 185/354/461 133/249/406 132/247/59 186/356/58
f 23/54/61 25/59/385 165/313/382 154/291/424
f 154/291/424 165/313/382 166/315/381 155/293/426
f 155/293/426 166/315/381 167/317/462 156/295/428
f 156/295/428 167/317/462 168/319/463 157/297/430
f 157/297/430 168/319/463 169/321/464 158/299/432
f 158/299/432 169/321/464 170/323/465 159/301/434
f 159/301/434 170/323/465 171/325/466 160/303/436
f 160/303/436 171/325/466 172/327/467 161/305/438
f 161/305/438 172/327/467 173/329/468 162/307/440
f 162/307/440 173/329/468 174/331/469 163/309/442
f 163/309/442 174/331/469 175/333/55 164/311/54
f 99/180/300 27/64/385 176/336/392 219/400/301
f 1033/1419/470 602/906/471 603/907/403 1037/1424/402
f 1141/1557/472 1146/1563/355 699/1003/349 689/993/473
f 704/1008/474 1086/1488/475 1090/1493/405 705/1009/404
f 186/357/58 28/67/21 970/1334/476 1102/1508/477
f 1029/1414/478 601/905/479 602/906/471 1033/1419/470
f 1117/1527/326 1121/1532/400 639/943/401 629/933/327
f 703/1007/480 1082/1483/481 1086/1488/475 704/1008/474
f 1025/1409/320 600/904/319 601/905/479 1029/1414/478
f 702/1006/324 1078/1478/323 1082/1483/481 703/1007/480
f 1137/1552/344 1141/1557/472 689/993/473 679/983/345
f 17/37/1 29/69/121 187/358/289 121/225/63
f 121/225/63 187/358/289 188/359/290 122/227/423
f 122/227/423 188/359/290 189/360/291 123/229/421
f 123/229/421 189/360/291 190/361/292 124/231/419
f 124/231/419 190/361/292 191/362/293 125/233/417
f 125/233/417 191/362/293 192/363/294 126/235/415
f 126/235/415 192/363/294 193/364/295 127/237/413
f 127/237/413 193/364/295 194/365/296 128/239/411
f 128/239/411 194/365/296 195/366/297 129/241/409
f 129/241/409 195/366/297 196/367/298 130/243/407
f 130/243/407 196/367/298 197/368/43 131/245/42
f 77/158/37 31/75/36 198/369/444 330/512/179
f 330/512/179 198/369/444 199/370/445 331/513/181
f 331/513/181 199/370/445 200/371/446 332/514/183
f 332/514/183 200/371/446 201/372/447 333/515/185
f 333/515/185 201/372/447 202/373/448 334/516/187
f 334/516/187 202/373/448 203/374/449 335/517/189
f 335/517/189 203/374/449 204/375/450 336/518/191
f 336/518/191 204/375/450 205/376/451 337/519/193
f 337/519/193 205/376/451 206/377/452 338/520/195
f 338/520/195 206/377/452 207/378/453 339/521/197
f 339/521/197 207/378/453 208/379/39 340/522/38
f 352/556/482 354/562/483 348/544/484 347/541/485
f 341/523/482 351/553/483 350/550/484 342/526/485
f 344/534/19 343/530/41 355/565/486 353/560/20
f 349/549/19 346/539/41 345/535/486 356/569/20
f 1331/1857/40 1352/1900/487 345/536/486 346/540/41
f 1276/1748/488 1275/1746/489 350/551/484 351/554/483
f 1290/1776/490 1289/1774/491 341/524/482 342/527/485
f 1304/1804/490 1303/1802/491 352/557/482 347/542/485
f 1275/1745/489 1290/1775/490 342/528/485 350/552/484
f 1374/1944/487 1367/1929/17 353/561/20 355/566/486
f 1352/1899/487 1339/1873/17 356/570/20 345/537/486
f 1318/1832/488 1317/1830/489 348/545/484 354/563/483
f 1289/1773/491 1276/1747/488 351/555/483 341/525/482
f 1317/1829/489 1304/1803/490 347/543/485 348/546/484
f 1359/1913/40 1374/1943/487 355/567/486 343/531/41
f 1303/1801/491 1318/1831/488 354/564/483 352/558/482
f 574/865/492 560/849/493 1226/1679/494 1169/1604/495
f 371/600/496 421/677/497 1161/1590/498 1163/1594/499 1164/1596/500 1162/1592/501 1173/1609/502 1175/1613/503 1176/1616/504 1174/1611/505
f 535/811/506 407/648/69 1181/1623/72 1149/1567/507
f 1162/1593/501 1158/1586/89 1178/1619/92 1173/1610/502
f 367/591/508 371/599/496 1174/1612/505 1177/1618/509
f 420/674/70 395/635/81 1233/1688/82 1229/1683/71
f 560/849/493 546/833/510 1222/1674/511 1226/1679/494
f 546/833/510 521/795/512 1218/1669/513 1222/1674/511
f 521/795/512 507/779/50 1214/1664/53 1218/1669/513
f 493/763/51 479/747/514 1206/1654/515 1210/1659/52
f 479/747/514 382/621/516 1202/1649/517 1206/1654/515
f 382/621/516 396/637/518 1198/1644/519 1202/1649/517
f 396/637/518 443/709/520 1194/1639/521 1198/1644/519
f 443/709/520 454/720/75 1190/1634/78 1194/1639/521
f 476/742/86 367/591/508 1177/1618/509 1186/1629/87
f 1213/1663/522 1209/1658/65 1250/1709/68 1254/1714/523
f 520/793/47 534/809/524 1253/1713/525 1249/1708/48
f 1217/1668/526 1213/1663/522 1254/1714/523 1258/1719/527
f 534/809/524 559/847/528 1257/1718/529 1253/1713/525
f 475/741/76 595/896/530 1154/1578/531 1166/1600/77
f 1221/1673/532 1217/1668/526 1258/1719/527 1262/1724/533
f 559/847/528 573/863/534 1261/1723/535 1257/1718/529
f 1225/1678/536 1221/1673/532 1262/1724/533 1266/1729/537
f 573/863/534 598/901/85 1265/1728/88 1261/1723/535
f 1170/1605/90 1225/1678/536 1266/1729/537 1185/1628/91
f 442/708/538 574/865/492 1169/1604/495 1157/1585/539
f 421/676/497 442/708/538 1157/1585/539 1161/1591/498
f 1193/1638/93 1189/1633/95 1230/1684/98 1234/1689/94
f 1165/1599/96 1153/1576/540 1150/1569/541 1182/1624/97
f 4/8/3 20/46/2 545/831/542 585/876/543
f 585/876/543 545/831/542 544/829/544 586/878/545
f 586/878/545 544/829/544 543/827/546 587/880/547
f 587/880/547 543/827/546 542/825/548 588/882/549
f 588/882/549 542/825/548 541/823/550 589/884/551
f 589/884/551 541/823/550 540/821/552 590/886/553
f 590/886/553 540/821/552 539/819/554 591/888/555
f 591/888/555 539/819/554 538/817/556 592/890/557
f 592/890/557 538/817/556 537/815/558 593/892/559
f 593/892/559 537/815/558 536/813/560 594/894/561
f 594/894/561 536/813/560 535/812/506 595/897/530
f 108/199/337 109/201/363 478/746/562 596/898/563
f 596/898/563 478/746/562 477/744/564 597/899/565
f 12/26/6 54/113/35 584/875/566 432/698/567
f 432/698/567 584/875/566 583/874/568 433/699/569
f 433/699/569 583/874/568 582/873/570 434/700/571
f 434/700/571 582/873/570 581/872/572 435/701/573
f 435/701/573 581/872/572 580/871/574 436/702/575
f 436/702/575 580/871/574 579/870/576 437/703/577
f 437/703/577 579/870/576 578/869/578 438/704/579
f 438/704/579 578/869/578 577/868/580 439/705/581
f 439/705/581 577/868/580 576/867/582 440/706/583
f 440/706/583 576/867/582 575/866/584 441/707/585
f 441/707/585 575/866/584 574/865/492 442/708/538
f 107/197/315 108/199/337 596/898/563 571/860/586
f 571/860/586 596/898/563 597/899/565 572/861/587
f 11/25/32 4/9/3 585/877/543 465/731/588
f 465/731/588 585/877/543 586/879/545 466/732/589
f 466/732/589 586/879/545 587/881/547 467/733/590
f 467/733/590 587/881/547 588/883/549 468/734/591
f 468/734/591 588/883/549 589/885/551 469/735/592
f 469/735/592 589/885/551 590/887/553 470/736/593
f 470/736/593 590/887/553 591/889/555 471/737/594
f 471/737/594 591/889/555 592/891/557 472/738/595
f 472/738/595 592/891/557 593/893/559 473/739/596
f 473/739/596 593/893/559 594/895/561 474/740/597
f 474/740/597 594/895/561 595/896/530 475/741/76
f 54/113/35 53/112/149 570/859/598 584/875/566
f 584/875/566 570/859/598 569/858/599 583/874/568
f 583/874/568 569/858/599 568/857/600 582/873/570
f 582/873/570 568/857/600 567/856/601 581/872/572
f 581/872/572 567/856/601 566/855/602 580/871/574
f 580/871/574 566/855/602 565/854/603 579/870/576
f 579/870/576 565/854/603 564/853/604 578/869/578
f 578/869/578 564/853/604 563/852/605 577/868/580
f 577/868/580 563/852/605 562/851/606 576/867/582
f 576/867/582 562/851/606 561/850/607 575/866/584
f 575/866/584 561/850/607 560/849/493 574/865/492
f 106/195/313 107/197/315 571/860/586 557/844/608
f 557/844/608 571/860/586 572/861/587 558/845/609
f 53/112/149 52/111/148 556/843/610 570/859/598
f 570/859/598 556/843/610 555/842/611 569/858/599
f 569/858/599 555/842/611 554/841/612 568/857/600
f 568/857/600 554/841/612 553/840/613 567/856/601
f 567/856/601 553/840/613 552/839/614 566/855/602
f 566/855/602 552/839/614 551/838/615 565/854/603
f 565/854/603 551/838/615 550/837/616 564/853/604
f 564/853/604 550/837/616 549/836/617 563/852/605
f 563/852/605 549/836/617 548/835/618 562/851/606
f 562/851/606 548/835/618 547/834/619 561/850/607
f 561/850/607 547/834/619 546/833/510 560/849/493
f 105/193/311 106/195/313 557/844/608 532/806/620
f 532/806/620 557/844/608 558/845/609 533/807/621
f 52/111/148 51/110/147 531/805/622 556/843/610
f 556/843/610 531/805/622 530/804/623 555/842/611
f 555/842/611 530/804/623 529/803/624 554/841/612
f 554/841/612 529/803/624 528/802/625 553/840/613
f 553/840/613 528/802/625 527/801/626 552/839/614
f 552/839/614 527/801/626 526/800/627 551/838/615
f 551/838/615 526/800/627 525/799/628 550/837/616
f 550/837/616 525/799/628 524/798/629 549/836/617
f 549/836/617 524/798/629 523/797/630 548/835/618
f 548/835/618 523/797/630 522/796/631 547/834/619
f 547/834/619 522/796/631 521/795/512 546/833/510
f 20/47/2 27/65/385 417/670/632 545/832/542
f 545/832/542 417/670/632 416/667/633 544/830/544
f 544/830/544 416/667/633 415/665/634 543/828/546
f 543/828/546 415/665/634 414/663/635 542/826/548
f 542/826/548 414/663/635 413/661/636 541/824/550
f 541/824/550 413/661/636 412/659/637 540/822/552
f 540/822/552 412/659/637 411/657/638 539/820/554
f 539/820/554 411/657/638 410/655/639 538/818/556
f 538/818/556 410/655/639 409/653/640 537/816/558
f 537/816/558 409/653/640 408/651/641 536/814/560
f 536/814/560 408/651/641 407/648/69 535/811/506
f 104/191/309 105/193/311 532/806/620 518/790/642
f 518/790/642 532/806/620 533/807/621 519/791/643
f 51/110/147 50/109/146 517/789/644 531/805/622
f 531/805/622 517/789/644 516/788/645 530/804/623
f 530/804/623 516/788/645 515/787/646 529/803/624
f 529/803/624 515/787/646 514/786/647 528/802/625
f 528/802/625 514/786/647 513/785/648 527/801/626
f 527/801/626 513/785/648 512/784/649 526/800/627
f 526/800/627 512/784/649 511/783/650 525/799/628
f 525/799/628 511/783/650 510/782/651 524/798/629
f 524/798/629 510/782/651 509/781/652 523/797/630
f 523/797/630 509/781/652 508/780/653 522/796/631
f 522/796/631 508/780/653 507/779/50 521/795/512
f 103/189/307 104/191/309 518/790/642 504/774/654
f 504/774/654 518/790/642 519/791/643 505/775/655
f 50/109/146 49/108/145 503/773/656 517/789/644
f 517/789/644 503/773/656 502/772/657 516/788/645
f 516/788/645 502/772/657 501/771/658 515/787/646
f 515/787/646 501/771/658 500/770/659 514/786/647
f 514/786/647 500/770/659 499/769/660 513/785/648
f 513/785/648 499/769/660 498/768/661 512/784/649
f 512/784/649 498/768/661 497/767/662 511/783/650
f 511/783/650 497/767/662 496/766/663 510/782/651
f 510/782/651 496/766/663 495/765/664 509/781/652
f 509/781/652 495/765/664 494/764/665 508/780/653
f 508/780/653 494/764/665 493/763/51 507/779/50
f 25/60/385 23/55/61 381/619/666 357/571/667
f 357/571/667 381/619/666 380/617/668 358/572/669
f 358/572/669 380/617/668 379/615/670 359/575/671
f 359/575/671 379/615/670 378/613/672 360/577/673
f 360/577/673 378/613/672 377/611/674 361/579/675
f 361/579/675 377/611/674 376/609/676 362/581/677
f 362/581/677 376/609/676 375/607/678 363/583/679
f 363/583/679 375/607/678 374/605/680 364/585/681
f 364/585/681 374/605/680 373/603/682 365/587/683
f 365/587/683 373/603/682 372/601/684 366/589/685
f 366/589/685 372/601/684 371/599/496 367/591/508
f 44/103/140 11/25/32 465/731/588 464/730/686
f 464/730/686 465/731/588 466/732/589 463/729/687
f 463/729/687 466/732/589 467/733/590 462/728/688
f 462/728/688 467/733/590 468/734/591 461/727/689
f 461/727/689 468/734/591 469/735/592 460/726/690
f 460/726/690 469/735/592 470/736/593 459/725/691
f 459/725/691 470/736/593 471/737/594 458/724/692
f 458/724/692 471/737/594 472/738/595 457/723/693
f 457/723/693 472/738/595 473/739/596 456/722/694
f 456/722/694 473/739/596 474/740/597 455/721/695
f 455/721/695 474/740/597 475/741/76 454/720/75
f 45/104/141 44/103/140 464/730/686 453/719/696
f 453/719/696 464/730/686 463/729/687 452/718/697
f 452/718/697 463/729/687 462/728/688 451/717/698
f 451/717/698 462/728/688 461/727/689 450/716/699
f 450/716/699 461/727/689 460/726/690 449/715/700
f 449/715/700 460/726/690 459/725/691 448/714/701
f 448/714/701 459/725/691 458/724/692 447/713/702
f 447/713/702 458/724/692 457/723/693 446/712/703
f 446/712/703 457/723/693 456/722/694 445/711/704
f 445/711/704 456/722/694 455/721/695 444/710/705
f 444/710/705 455/721/695 454/720/75 443/709/520
f 8/17/7 12/26/6 432/698/567 431/696/706
f 431/696/706 432/698/567 433/699/569 430/694/707
f 430/694/707 433/699/569 434/700/571 429/692/708
f 429/692/708 434/700/571 435/701/573 428/690/709
f 428/690/709 435/701/573 436/702/575 427/688/710
f 427/688/710 436/702/575 437/703/577 426/686/711
f 426/686/711 437/703/577 438/704/579 425/684/712
f 425/684/712 438/704/579 439/705/581 424/682/713
f 424/682/713 439/705/581 440/706/583 423/680/714
f 423/680/714 440/706/583 441/707/585 422/678/715
f 422/678/715 441/707/585 442/708/538 421/676/497
f 27/65/385 99/181/300 418/671/716 417/670/632
f 417/670/632 418/671/716 419/672/717 416/667/633
f 46/105/142 45/104/141 453/719/696 406/647/718
f 406/647/718 453/719/696 452/718/697 405/646/719
f 405/646/719 452/718/697 451/717/698 404/645/720
f 404/645/720 451/717/698 450/716/699 403/644/721
f 403/644/721 450/716/699 449/715/700 402/643/722
f 402/643/722 449/715/700 448/714/701 401/642/723
f 401/642/723 448/714/701 447/713/702 400/641/724
f 400/641/724 447/713/702 446/712/703 399/640/725
f 399/640/725 446/712/703 445/711/704 398/639/726
f 398/639/726 445/711/704 444/710/705 397/638/727
f 397/638/727 444/710/705 443/709/520 396/637/518
f 99/181/300 100/183/299 393/632/728 418/671/716
f 418/671/716 393/632/728 394/633/729 419/672/717
f 796/1100/730 733/1037/731 901/1244/732 962/1320/733
f 748/1052/734 756/1060/735 922/1270/736 913/1259/737
f 949/1304/738 957/1314/739 789/1093/740 781/1085/741
f 906/1250/742 797/1101/743 802/1110/744 740/1044/745
f 866/1197/746 730/1034/747 731/1035/748 862/1192/749
f 862/1192/749 731/1035/748 732/1036/750 858/1187/751
f 47/106/143 46/105/142 406/647/718 392/631/752
f 392/631/752 406/647/718 405/646/719 391/630/753
f 391/630/753 405/646/719 404/645/720 390/629/754
f 390/629/754 404/645/720 403/644/721 389/628/755
f 389/628/755 403/644/721 402/643/722 388/627/756
f 388/627/756 402/643/722 401/642/723 387/626/757
f 387/626/757 401/642/723 400/641/724 386/625/758
f 386/625/758 400/641/724 399/640/725 385/624/759
f 385/624/759 399/640/725 398/639/726 384/623/760
f 384/623/760 398/639/726 397/638/727 383/622/761
f 383/622/761 397/638/727 396/637/518 382/621/516
f 23/56/61 8/18/7 431/697/706 381/620/666
f 381/620/666 431/697/706 430/695/707 380/618/668
f 380/618/668 430/695/707 429/693/708 379/616/670
f 379/616/670 429/693/708 428/691/709 378/614/672
f 378/614/672 428/691/709 427/689/710 377/612/674
f 377/612/674 427/689/710 426/687/711 376/610/676
f 376/610/676 426/687/711 425/685/712 375/608/678
f 375/608/678 425/685/712 424/683/713 374/606/680
f 374/606/680 424/683/713 423/681/714 373/604/682
f 373/604/682 423/681/714 422/679/715 372/602/684
f 372/602/684 422/679/715 421/677/497 371/600/496
f 100/183/299 101/185/303 368/594/762 393/632/728
f 393/632/728 368/594/762 369/595/763 394/633/729
f 716/1020/764 748/1052/734 913/1259/737 841/1162/765
f 756/1060/735 764/1068/766 930/1280/767 922/1270/736
f 858/1187/751 732/1036/750 897/1239/768 853/1178/769
f 407/649/69 408/652/641 857/1186/770 854/1179/771
f 772/1076/772 780/1084/773 946/1300/774 938/1290/775
f 894/1235/776 846/1168/777 717/1021/778 725/1029/779
f 394/634/729 369/596/763 837/1157/780 845/1167/781
f 846/1168/777 838/1158/782 709/1013/783 717/1021/778
f 788/1092/784 796/1100/730 962/1320/733 954/1310/785
f 109/201/363 25/60/385 357/571/667 478/746/562
f 478/746/562 357/571/667 358/572/669 477/744/564
f 733/1037/731 830/1145/786 833/1149/787 901/1244/732
f 925/1274/788 933/1284/789 765/1069/790 757/1061/791
f 734/1038/792 826/1140/793 830/1145/786 733/1037/731
f 941/1294/794 949/1304/738 781/1085/741 773/1077/795
f 732/1036/750 724/1028/796 849/1172/797 897/1239/768
f 735/1039/798 822/1135/799 826/1140/793 734/1038/792
f 889/1226/800 894/1235/776 725/1029/779 886/1222/801
f 370/598/73 395/636/81 850/1173/802 842/1163/803
f 886/1222/801 725/1029/779 726/1030/804 882/1217/805
f 48/107/144 47/106/143 392/631/752 489/757/806
f 489/757/806 392/631/752 391/630/753 488/756/807
f 488/756/807 391/630/753 390/629/754 487/755/808
f 487/755/808 390/629/754 389/628/755 486/754/809
f 486/754/809 389/628/755 388/627/756 485/753/810
f 485/753/810 388/627/756 387/626/757 484/752/811
f 484/752/811 387/626/757 386/625/758 483/751/812
f 483/751/812 386/625/758 385/624/759 482/750/813
f 482/750/813 385/624/759 384/623/760 481/749/814
f 481/749/814 384/623/760 383/622/761 480/748/815
f 480/748/815 383/622/761 382/621/516 479/747/514
f 101/185/303 102/187/305 490/758/816 368/594/762
f 368/594/762 490/758/816 491/759/817 369/595/763
f 957/1314/739 906/1250/742 740/1044/745 789/1093/740
f 736/1040/818 818/1130/819 822/1135/799 735/1039/798
f 910/1255/820 917/1264/821 749/1053/822 741/1045/823
f 737/1041/824 814/1125/825 818/1130/819 736/1040/818
f 882/1217/805 726/1030/804 727/1031/826 878/1212/827
f 764/1068/766 772/1076/772 938/1290/775 930/1280/767
f 838/1158/782 910/1255/820 741/1045/823 709/1013/783
f 738/1042/828 810/1120/829 814/1125/825 737/1041/824
f 878/1212/827 727/1031/826 728/1032/830 874/1207/831
f 49/108/145 48/107/144 489/757/806 503/773/656
f 503/773/656 489/757/806 488/756/807 502/772/657
f 502/772/657 488/756/807 487/755/808 501/771/658
f 501/771/658 487/755/808 486/754/809 500/770/659
f 500/770/659 486/754/809 485/753/810 499/769/660
f 499/769/660 485/753/810 484/752/811 498/768/661
f 498/768/661 484/752/811 483/751/812 497/767/662
f 497/767/662 483/751/812 482/750/813 496/766/663
f 496/766/663 482/750/813 481/749/814 495/765/664
f 495/765/664 481/749/814 480/748/815 494/764/665
f 494/764/665 480/748/815 479/747/514 493/763/51
f 102/187/305 103/189/307 504/774/654 490/758/816
f 490/758/816 504/774/654 505/775/655 491/759/817
f 917/1264/821 925/1274/788 757/1061/791 749/1053/822
f 739/1043/832 806/1115/833 810/1120/829 738/1042/828
f 874/1207/831 728/1032/830 729/1033/834 870/1202/835
f 780/1084/773 788/1092/784 954/1310/785 946/1300/774
f 476/743/86 598/902/85 961/1319/836 902/1245/837
f 933/1284/789 941/1294/794 773/1077/795 765/1069/790
f 740/1044/745 802/1110/744 806/1115/833 739/1043/832
f 870/1202/835 729/1033/834 730/1034/747 866/1197/746
f 358/573/669 359/576/671 801/1109/838 798/1102/839
f 110/203/25 111/205/178 977/1346/840 973/1341/841
f 28/68/21 110/203/25 973/1341/841 970/1335/476
f 165/314/382 209/381/364 1106/1513/842 1018/1398/383
f 119/221/170 120/223/169 1014/1392/843 1009/1386/844
f 118/219/171 119/221/170 1009/1386/844 1005/1381/845
f 117/217/172 118/219/171 1005/1381/845 1001/1376/846
f 116/215/173 117/217/172 1001/1376/846 997/1371/847
f 115/213/174 116/215/173 997/1371/847 993/1366/848
f 114/211/175 115/213/174 993/1366/848 989/1361/849
f 113/209/176 114/211/175 989/1361/849 985/1356/850
f 112/207/177 113/209/176 985/1356/850 981/1351/851
f 111/205/178 112/207/177 981/1351/851 977/1346/840
f 689/993/473 699/1003/349 700/1004/335 690/994/852
f 690/994/852 700/1004/335 701/1005/321 691/995/853
f 691/995/853 701/1005/321 702/1006/324 692/996/854
f 692/996/854 702/1006/324 703/1007/480 693/997/855
f 693/997/855 703/1007/480 704/1008/474 694/998/856
f 694/998/856 704/1008/474 705/1009/404 695/999/857
f 695/999/857 705/1009/404 706/1010/396 696/1000/858
f 696/1000/858 706/1010/396 707/1011/386 697/1001/859
f 697/1001/859 707/1011/386 708/1012/339 698/1002/398
f 218/399/302 219/401/301 1145/1562/860 1142/1558/861
f 679/983/345 689/993/473 690/994/852 680/984/862
f 680/984/862 690/994/852 691/995/853 681/985/863
f 681/985/863 691/995/853 692/996/854 682/986/864
f 682/986/864 692/996/854 693/997/855 683/987/865
f 683/987/865 693/997/855 694/998/856 684/988/866
f 684/988/866 694/998/856 695/999/857 685/989/867
f 685/989/867 695/999/857 696/1000/858 686/990/868
f 686/990/868 696/1000/858 697/1001/859 687/991/869
f 687/991/869 697/1001/859 698/1002/398 688/992/388
f 217/397/304 218/399/302 1142/1558/861 1138/1553/870
f 669/973/346 679/983/345 680/984/862 670/974/871
f 670/974/871 680/984/862 681/985/863 671/975/872
f 671/975/872 681/985/863 682/986/864 672/976/873
f 672/976/873 682/986/864 683/987/865 673/977/874
f 673/977/874 683/987/865 684/988/866 674/978/875
f 674/978/875 684/988/866 685/989/867 675/979/876
f 675/979/876 685/989/867 686/990/868 676/980/877
f 676/980/877 686/990/868 687/991/869 677/981/878
f 677/981/878 687/991/869 688/992/388 678/982/377
f 216/395/306 217/397/304 1138/1553/870 1134/1548/879
f 659/963/362 669/973/346 670/974/871 660/964/880
f 660/964/880 670/974/871 671/975/872 661/965/881
f 661/965/881 671/975/872 672/976/873 662/966/882
f 662/966/882 672/976/873 673/977/874 663/967/883
f 663/967/883 673/977/874 674/978/875 664/968/884
f 664/968/884 674/978/875 675/979/876 665/969/885
f 665/969/885 675/979/876 676/980/877 666/970/886
f 666/970/886 676/980/877 677/981/878 667/971/887
f 667/971/887 677/981/878 678/982/377 668/972/371
f 215/393/308 216/395/306 1134/1548/879 1130/1543/888
f 649/953/376 659/963/362 660/964/880 650/954/889
f 650/954/889 660/964/880 661/965/881 651/955/890
f 651/955/890 661/965/881 662/966/882 652/956/891
f 652/956/891 662/966/882 663/967/883 653/957/892
f 653/957/892 663/967/883 664/968/884 654/958/893
f 654/958/893 664/968/884 665/969/885 655/959/894
f 655/959/894 665/969/885 666/970/886 656/960/895
f 656/960/895 666/970/886 667/971/887 657/961/896
f 657/961/896 667/971/887 668/972/371 658/962/365
f 214/391/310 215/393/308 1130/1543/888 1126/1538/897
f 639/943/401 649/953/376 650/954/889 640/944/898
f 640/944/898 650/954/889 651/955/890 641/945/899
f 641/945/899 651/955/890 652/956/891 642/946/900
f 642/946/900 652/956/891 653/957/892 643/947/901
f 643/947/901 653/957/892 654/958/893 644/948/902
f 644/948/902 654/958/893 655/959/894 645/949/903
f 645/949/903 655/959/894 656/960/895 646/950/904
f 646/950/904 656/960/895 657/961/896 647/951/905
f 647/951/905 657/961/896 658/962/365 648/952/359
f 213/389/312 214/391/310 1126/1538/897 1122/1533/906
f 629/933/327 639/943/401 640/944/898 630/934/907
f 630/934/907 640/944/898 641/945/899 631/935/908
f 631/935/908 641/945/899 642/946/900 632/936/909
f 632/936/909 642/946/900 643/947/901 633/937/910
f 633/937/910 643/947/901 644/948/902 634/938/911
f 634/938/911 644/948/902 645/949/903 635/939/912
f 635/939/912 645/949/903 646/950/904 636/940/913
f 636/940/913 646/950/904 647/951/905 637/941/914
f 637/941/914 647/951/905 648/952/359 638/942/353
f 212/387/314 213/389/312 1122/1533/906 1118/1528/915
f 619/923/328 629/933/327 630/934/907 620/924/916
f 620/924/916 630/934/907 631/935/908 621/925/917
f 621/925/917 631/935/908 632/936/909 622/926/918
f 622/926/918 632/936/909 633/937/910 623/927/919
f 623/927/919 633/937/910 634/938/911 624/928/920
f 624/928/920 634/938/911 635/939/912 625/929/921
f 625/929/921 635/939/912 636/940/913 626/930/922
f 626/930/922 636/940/913 637/941/914 627/931/923
f 627/931/923 637/941/914 638/942/353 628/932/347
f 211/385/316 212/387/314 1118/1528/915 1114/1523/924
f 609/913/352 619/923/328 620/924/916 610/914/925
f 610/914/925 620/924/916 621/925/917 611/915/926
f 611/915/926 621/925/917 622/926/918 612/916/927
f 612/916/927 622/926/918 623/927/919 613/917/928
f 613/917/928 623/927/919 624/928/920 614/918/929
f 614/918/929 624/928/920 625/929/921 615/919/930
f 615/919/930 625/929/921 626/930/922 616/920/931
f 616/920/931 626/930/922 627/931/923 617/921/932
f 617/921/932 627/931/923 628/932/347 618/922/330
f 210/383/338 211/385/316 1114/1523/924 1110/1518/933
f 599/903/318 609/913/352 610/914/925 600/904/319
f 600/904/319 610/914/925 611/915/926 601/905/479
f 601/905/479 611/915/926 612/916/927 602/906/471
f 602/906/471 612/916/927 613/917/928 603/907/403
f 603/907/403 613/917/928 614/918/929 604/908/391
f 604/908/391 614/918/929 615/919/930 605/909/380
f 605/909/380 615/919/930 616/920/931 606/910/374
f 606/910/374 616/920/931 617/921/932 607/911/370
f 607/911/370 617/921/932 618/922/330 608/912/329
f 167/318/462 166/316/381 1022/1405/384 1026/1410/934
f 168/320/463 167/318/462 1026/1410/934 1030/1415/935
f 169/322/464 168/320/463 1030/1415/935 1034/1420/936
f 170/324/465 169/322/464 1034/1420/936 1038/1425/937
f 171/326/466 170/324/465 1038/1425/937 1042/1430/938
f 172/328/467 171/326/466 1042/1430/938 1046/1435/939
f 173/330/468 172/328/467 1046/1435/939 1050/1440/940
f 174/332/469 173/330/468 1050/1440/940 1054/1445/941
f 175/334/55 174/332/469 1054/1445/941 1057/1449/367
f 219/401/301 176/337/392 1062/1456/395 1145/1562/860
f 177/339/393 178/341/454 1069/1467/942 1065/1462/394
f 178/341/454 179/343/455 1073/1472/943 1069/1467/942
f 179/343/455 180/345/456 1077/1477/944 1073/1472/943
f 180/345/456 181/347/457 1081/1482/945 1077/1477/944
f 181/347/457 182/349/458 1085/1487/946 1081/1482/945
f 182/349/458 183/351/459 1089/1492/947 1085/1487/946
f 183/351/459 184/353/460 1093/1497/948 1089/1492/947
f 184/353/460 185/355/461 1097/1502/949 1093/1497/948
f 185/355/461 186/357/58 1102/1508/477 1097/1502/949
f 209/381/364 210/383/338 1110/1518/933 1106/1513/842
f 491/760/817 505/776/655 918/1265/950 909/1254/951
f 789/1093/740 740/1044/745 739/1043/832 790/1094/952
f 790/1094/952 739/1043/832 738/1042/828 791/1095/953
f 791/1095/953 738/1042/828 737/1041/824 792/1096/954
f 792/1096/954 737/1041/824 736/1040/818 793/1097/955
f 793/1097/955 736/1040/818 735/1039/798 794/1098/956
f 794/1098/956 735/1039/798 734/1038/792 795/1099/957
f 795/1099/957 734/1038/792 733/1037/731 796/1100/730
f 597/900/565 477/745/564 905/1249/958 958/1315/959
f 598/902/85 573/864/534 953/1309/960 961/1319/836
f 781/1085/741 789/1093/740 790/1094/952 782/1086/961
f 782/1086/961 790/1094/952 791/1095/953 783/1087/962
f 783/1087/962 791/1095/953 792/1096/954 784/1088/963
f 784/1088/963 792/1096/954 793/1097/955 785/1089/964
f 785/1089/964 793/1097/955 794/1098/956 786/1090/965
f 786/1090/965 794/1098/956 795/1099/957 787/1091/966
f 787/1091/966 795/1099/957 796/1100/730 788/1092/784
f 573/864/534 559/848/528 945/1299/967 953/1309/960
f 773/1077/795 781/1085/741 782/1086/961 774/1078/968
f 774/1078/968 782/1086/961 783/1087/962 775/1079/969
f 775/1079/969 783/1087/962 784/1088/963 776/1080/970
f 776/1080/970 784/1088/963 785/1089/964 777/1081/971
f 777/1081/971 785/1089/964 786/1090/965 778/1082/972
f 778/1082/972 786/1090/965 787/1091/966 779/1083/973
f 779/1083/973 787/1091/966 788/1092/784 780/1084/773
f 572/862/587 597/900/565 958/1315/959 950/1305/974
f 559/848/528 534/810/524 937/1289/975 945/1299/967
f 765/1069/790 773/1077/795 774/1078/968 766/1070/976
f 766/1070/976 774/1078/968 775/1079/969 767/1071/977
f 767/1071/977 775/1079/969 776/1080/970 768/1072/978
f 768/1072/978 776/1080/970 777/1081/971 769/1073/979
f 769/1073/979 777/1081/971 778/1082/972 770/1074/980
f 770/1074/980 778/1082/972 779/1083/973 771/1075/981
f 771/1075/981 779/1083/973 780/1084/773 772/1076/772
f 558/846/609 572/862/587 950/1305/974 942/1295/982
f 534/810/524 520/794/47 929/1279/983 937/1289/975
f 757/1061/791 765/1069/790 766/1070/976 758/1062/984
f 758/1062/984 766/1070/976 767/1071/977 759/1063/985
f 759/1063/985 767/1071/977 768/1072/978 760/1064/986
f 760/1064/986 768/1072/978 769/1073/979 761/1065/987
f 761/1065/987 769/1073/979 770/1074/980 762/1066/988
f 762/1066/988 770/1074/980 771/1075/981 763/1067/989
f 763/1067/989 771/1075/981 772/1076/772 764/1068/766
f 533/808/621 558/846/609 942/1295/982 934/1285/990
f 520/794/47 506/778/46 921/1269/991 929/1279/983
f 749/1053/822 757/1061/791 758/1062/984 750/1054/992
f 750/1054/992 758/1062/984 759/1063/985 751/1055/993
f 751/1055/993 759/1063/985 760/1064/986 752/1056/994
f 752/1056/994 760/1064/986 761/1065/987 753/1057/995
f 753/1057/995 761/1065/987 762/1066/988 754/1058/996
f 754/1058/996 762/1066/988 763/1067/989 755/1059/997
f 755/1059/997 763/1067/989 764/1068/766 756/1060/735
f 519/792/643 533/808/621 934/1285/990 926/1275/998
f 416/668/633 419/673/717 893/1234/999 890/1228/1000
f 415/666/634 416/669/633 890/1227/1000 885/1221/1001
f 414/664/635 415/666/634 885/1221/1001 881/1216/1002
f 413/662/636 414/664/635 881/1216/1002 877/1211/1003
f 412/660/637 413/662/636 877/1211/1003 873/1206/1004
f 411/658/638 412/660/637 873/1206/1004 869/1201/1005
f 410/656/639 411/658/638 869/1201/1005 865/1196/1006
f 409/654/640 410/656/639 865/1196/1006 861/1191/1007
f 408/652/641 409/654/640 861/1191/1007 857/1186/770
f 395/636/81 420/675/70 898/1240/1008 850/1173/802
f 725/1029/779 717/1021/778 718/1022/1009 726/1030/804
f 726/1030/804 718/1022/1009 719/1023/1010 727/1031/826
f 727/1031/826 719/1023/1010 720/1024/1011 728/1032/830
f 728/1032/830 720/1024/1011 721/1025/1012 729/1033/834
f 729/1033/834 721/1025/1012 722/1026/1013 730/1034/747
f 730/1034/747 722/1026/1013 723/1027/1014 731/1035/748
f 731/1035/748 723/1027/1014 724/1028/796 732/1036/750
f 420/675/70 407/650/69 854/1180/771 898/1240/1008
f 492/762/56 370/598/73 842/1163/803 914/1260/1015
f 717/1021/778 709/1013/783 710/1014/1016 718/1022/1009
f 718/1022/1009 710/1014/1016 711/1015/1017 719/1023/1010
f 719/1023/1010 711/1015/1017 712/1016/1018 720/1024/1011
f 720/1024/1011 712/1016/1018 713/1017/1019 721/1025/1012
f 721/1025/1012 713/1017/1019 714/1018/1020 722/1026/1013
f 722/1026/1013 714/1018/1020 715/1019/1021 723/1027/1014
f 723/1027/1014 715/1019/1021 716/1020/764 724/1028/796
f 419/673/717 394/634/729 845/1167/781 893/1234/999
f 359/576/671 360/578/673 805/1114/1022 801/1109/838
f 360/578/673 361/580/675 809/1119/1023 805/1114/1022
f 361/580/675 362/582/677 813/1124/1024 809/1119/1023
f 362/582/677 363/584/679 817/1129/1025 813/1124/1024
f 363/584/679 364/586/681 821/1134/1026 817/1129/1025
f 364/586/681 365/588/683 825/1139/1027 821/1134/1026
f 365/588/683 366/590/685 829/1144/1028 825/1139/1027
f 366/590/685 367/592/508 834/1150/1029 829/1144/1028
f 367/593/508 476/743/86 902/1245/837 834/1151/1029
f 369/596/763 491/760/817 909/1254/951 837/1157/780
f 709/1013/783 741/1045/823 742/1046/1030 710/1014/1016
f 710/1014/1016 742/1046/1030 743/1047/1031 711/1015/1017
f 711/1015/1017 743/1047/1031 744/1048/1032 712/1016/1018
f 712/1016/1018 744/1048/1032 745/1049/1033 713/1017/1019
f 713/1017/1019 745/1049/1033 746/1050/1034 714/1018/1020
f 714/1018/1020 746/1050/1034 747/1051/1035 715/1019/1021
f 715/1019/1021 747/1051/1035 748/1052/734 716/1020/764
f 724/1028/796 716/1020/764 841/1162/765 849/1172/797
f 506/778/46 492/762/56 914/1260/1015 921/1269/991
f 741/1045/823 749/1053/822 750/1054/992 742/1046/1030
f 742/1046/1030 750/1054/992 751/1055/993 743/1047/1031
f 743/1047/1031 751/1055/993 752/1056/994 744/1048/1032
f 744/1048/1032 752/1056/994 753/1057/995 745/1049/1033
f 745/1049/1033 753/1057/995 754/1058/996 746/1050/1034
f 746/1050/1034 754/1058/996 755/1059/997 747/1051/1035
f 747/1051/1035 755/1059/997 756/1060/735 748/1052/734
f 505/776/655 519/792/643 926/1275/998 918/1265/950
f 798/1102/839 801/1109/838 803/1111/1036 800/1107/1037
f 800/1107/1037 803/1111/1036 804/1112/1038 799/1104/1039
f 799/1105/1039 804/1113/1038 802/1110/744 797/1101/743
f 801/1109/838 805/1114/1022 807/1116/1040 803/1111/1036
f 803/1111/1036 807/1116/1040 808/1117/1041 804/1112/1038
f 804/1113/1038 808/1118/1041 806/1115/833 802/1110/744
f 805/1114/1022 809/1119/1023 811/1121/1042 807/1116/1040
f 807/1116/1040 811/1121/1042 812/1122/1043 808/1117/1041
f 808/1118/1041 812/1123/1043 810/1120/829 806/1115/833
f 809/1119/1023 813/1124/1024 815/1126/1044 811/1121/1042
f 811/1121/1042 815/1126/1044 816/1127/1045 812/1122/1043
f 812/1123/1043 816/1128/1045 814/1125/825 810/1120/829
f 813/1124/1024 817/1129/1025 819/1131/1046 815/1126/1044
f 815/1126/1044 819/1131/1046 820/1132/1047 816/1127/1045
f 816/1128/1045 820/1133/1047 818/1130/819 814/1125/825
f 817/1129/1025 821/1134/1026 823/1136/1048 819/1131/1046
f 819/1131/1046 823/1136/1048 824/1137/1049 820/1132/1047
f 820/1133/1047 824/1138/1049 822/1135/799 818/1130/819
f 821/1134/1026 825/1139/1027 827/1141/1050 823/1136/1048
f 823/1136/1048 827/1141/1050 828/1142/1051 824/1137/1049
f 824/1138/1049 828/1143/1051 826/1140/793 822/1135/799
f 825/1139/1027 829/1144/1028 831/1146/1052 827/1141/1050
f 827/1141/1050 831/1146/1052 832/1147/1053 828/1142/1051
f 828/1143/1051 832/1148/1053 830/1145/786 826/1140/793
f 829/1144/1028 834/1150/1029 836/1154/1054 831/1146/1052
f 831/1146/1052 836/1154/1054 835/1152/1055 832/1147/1053
f 832/1148/1053 835/1153/1055 833/1149/787 830/1145/786
f 854/1179/771 857/1186/770 859/1188/1056 856/1183/1057
f 856/1183/1057 859/1188/1056 860/1189/1058 855/1181/1059
f 855/1182/1059 860/1190/1058 858/1187/751 853/1178/769
f 857/1186/770 861/1191/1007 863/1193/1060 859/1188/1056
f 859/1188/1056 863/1193/1060 864/1194/1061 860/1189/1058
f 860/1190/1058 864/1195/1061 862/1192/749 858/1187/751
f 861/1191/1007 865/1196/1006 867/1198/1062 863/1193/1060
f 863/1193/1060 867/1198/1062 868/1199/1063 864/1194/1061
f 864/1195/1061 868/1200/1063 866/1197/746 862/1192/749
f 865/1196/1006 869/1201/1005 871/1203/1064 867/1198/1062
f 867/1198/1062 871/1203/1064 872/1204/1065 868/1199/1063
f 868/1200/1063 872/1205/1065 870/1202/835 866/1197/746
f 869/1201/1005 873/1206/1004 875/1208/1066 871/1203/1064
f 871/1203/1064 875/1208/1066 876/1209/1067 872/1204/1065
f 872/1205/1065 876/1210/1067 874/1207/831 870/1202/835
f 873/1206/1004 877/1211/1003 879/1213/1068 875/1208/1066
f 875/1208/1066 879/1213/1068 880/1214/1069 876/1209/1067
f 876/1210/1067 880/1215/1069 878/1212/827 874/1207/831
f 877/1211/1003 881/1216/1002 883/1218/1070 879/1213/1068
f 879/1213/1068 883/1218/1070 884/1219/1071 880/1214/1069
f 880/1215/1069 884/1220/1071 882/1217/805 878/1212/827
f 881/1216/1002 885/1221/1001 887/1223/1072 883/1218/1070
f 883/1218/1070 887/1223/1072 888/1224/1073 884/1219/1071
f 884/1220/1071 888/1225/1073 886/1222/801 882/1217/805
f 885/1221/1001 890/1227/1000 892/1232/1074 887/1223/1072
f 887/1223/1072 892/1232/1074 891/1229/1075 888/1224/1073
f 888/1225/1073 891/1230/1075 889/1226/800 886/1222/801
f 906/1250/742 957/1314/739 959/1316/1076 908/1252/1077
f 908/1253/1077 959/1317/1076 960/1318/1078 907/1251/1079
f 907/1251/1079 960/1318/1078 958/1315/959 905/1249/958
f 902/1245/837 961/1319/836 963/1322/1080 904/1247/1081
f 904/1248/1081 963/1321/1080 964/1324/1082 903/1246/1083
f 903/1246/1083 964/1324/1082 962/1320/733 901/1244/732
f 957/1314/739 949/1304/738 951/1306/1084 959/1316/1076
f 959/1317/1076 951/1307/1084 952/1308/1085 960/1318/1078
f 960/1318/1078 952/1308/1085 950/1305/974 958/1315/959
f 961/1319/836 953/1309/960 955/1311/1086 963/1322/1080
f 963/1322/1080 955/1311/1086 956/1312/1087 964/1323/1082
f 964/1324/1082 956/1313/1087 954/1310/785 962/1320/733
f 949/1304/738 941/1294/794 943/1296/1088 951/1306/1084
f 951/1307/1084 943/1297/1088 944/1298/1089 952/1308/1085
f 952/1308/1085 944/1298/1089 942/1295/982 950/1305/974
f 953/1309/960 945/1299/967 947/1301/1090 955/1311/1086
f 955/1311/1086 947/1301/1090 948/1302/1091 956/1312/1087
f 956/1313/1087 948/1303/1091 946/1300/774 954/1310/785
f 941/1294/794 933/1284/789 935/1286/1092 943/1296/1088
f 943/1297/1088 935/1287/1092 936/1288/1093 944/1298/1089
f 944/1298/1089 936/1288/1093 934/1285/990 942/1295/982
f 945/1299/967 937/1289/975 939/1291/1094 947/1301/1090
f 947/1301/1090 939/1291/1094 940/1292/1095 948/1302/1091
f 948/1303/1091 940/1293/1095 938/1290/775 946/1300/774
f 933/1284/789 925/1274/788 927/1276/1096 935/1286/1092
f 935/1287/1092 927/1277/1096 928/1278/1097 936/1288/1093
f 936/1288/1093 928/1278/1097 926/1275/998 934/1285/990
f 937/1289/975 929/1279/983 931/1281/1098 939/1291/1094
f 939/1291/1094 931/1281/1098 932/1282/1099 940/1292/1095
f 940/1293/1095 932/1283/1099 930/1280/767 938/1290/775
f 925/1274/788 917/1264/821 919/1266/1100 927/1276/1096
f 927/1277/1096 919/1267/1100 920/1268/1101 928/1278/1097
f 928/1278/1097 920/1268/1101 918/1265/950 926/1275/998
f 929/1279/983 921/1269/991 923/1271/1102 931/1281/1098
f 931/1281/1098 923/1271/1102 924/1272/1103 932/1282/1099
f 932/1283/1099 924/1273/1103 922/1270/736 930/1280/767
f 894/1235/776 889/1226/800 891/1230/1075 896/1237/1104
f 896/1238/1104 891/1231/1075 892/1233/1074 895/1236/1105
f 895/1236/1105 892/1233/1074 890/1228/1000 893/1234/999
f 898/1240/1008 854/1180/771 856/1184/1057 900/1242/1106
f 900/1243/1106 856/1185/1057 855/1182/1059 899/1241/1107
f 899/1241/1107 855/1182/1059 853/1178/769 897/1239/768
f 846/1168/777 894/1235/776 896/1237/1104 848/1170/1108
f 848/1171/1108 896/1238/1104 895/1236/1105 847/1169/1109
f 847/1169/1109 895/1236/1105 893/1234/999 845/1167/781
f 850/1173/802 898/1240/1008 900/1242/1106 852/1177/1110
f 852/1176/1110 900/1243/1106 899/1241/1107 851/1175/1111
f 851/1175/1111 899/1241/1107 897/1239/768 849/1172/797
f 838/1158/782 846/1168/777 848/1170/1108 840/1160/1112
f 840/1161/1112 848/1171/1108 847/1169/1109 839/1159/1113
f 839/1159/1113 847/1169/1109 845/1167/781 837/1157/780
f 842/1163/803 850/1173/802 852/1177/1110 844/1166/1114
f 844/1166/1114 852/1177/1110 851/1174/1111 843/1164/1115
f 843/1165/1115 851/1175/1111 849/1172/797 841/1162/765
f 797/1101/743 906/1250/742 908/1252/1077 799/1105/1039
f 799/1106/1039 908/1253/1077 907/1251/1079 800/1108/1037
f 800/1108/1037 907/1251/1079 905/1249/958 798/1103/839
f 834/1151/1029 902/1245/837 904/1247/1081 836/1155/1054
f 836/1156/1054 904/1248/1081 903/1246/1083 835/1153/1055
f 835/1153/1055 903/1246/1083 901/1244/732 833/1149/787
f 910/1255/820 838/1158/782 840/1160/1112 912/1257/1116
f 912/1258/1116 840/1161/1112 839/1159/1113 911/1256/1117
f 911/1256/1117 839/1159/1113 837/1157/780 909/1254/951
f 914/1260/1015 842/1163/803 844/1166/1114 916/1263/1118
f 916/1263/1118 844/1166/1114 843/1164/1115 915/1261/1119
f 915/1262/1119 843/1165/1115 841/1162/765 913/1259/737
f 917/1264/821 910/1255/820 912/1257/1116 919/1266/1100
f 919/1267/1100 912/1258/1116 911/1256/1117 920/1268/1101
f 920/1268/1101 911/1256/1117 909/1254/951 918/1265/950
f 921/1269/991 914/1260/1015 916/1263/1118 923/1271/1102
f 923/1271/1102 916/1263/1118 915/1261/1119 924/1272/1103
f 924/1273/1103 915/1262/1119 913/1259/737 922/1270/736
f 477/745/564 358/574/669 798/1103/839 905/1249/958
f 1058/1450/357 965/1325/358 967/1330/1120 1060/1452/1121
f 1060/1453/1121 967/1328/1120 968/1331/1122 1059/1451/1123
f 1059/1451/1123 968/1331/1122 966/1326/368 1057/1449/367
f 1102/1508/477 970/1334/476 972/1339/1124 1104/1511/1125
f 1104/1511/1125 972/1339/1124 971/1336/1126 1103/1509/1127
f 1103/1510/1127 971/1338/1126 969/1333/341 1101/1507/340
f 1014/1392/843 966/1327/368 968/1332/1122 1016/1395/1128
f 1016/1395/1128 968/1332/1122 967/1329/1120 1015/1393/1129
f 1015/1394/1129 967/1330/1120 965/1325/358 1013/1391/332
f 970/1335/476 973/1341/841 975/1343/1130 972/1340/1124
f 972/1340/1124 975/1343/1130 976/1344/1131 971/1337/1126
f 971/1338/1126 976/1345/1131 974/1342/342 969/1333/341
f 973/1341/841 977/1346/840 979/1348/1132 975/1343/1130
f 975/1343/1130 979/1348/1132 980/1349/1133 976/1344/1131
f 976/1345/1131 980/1350/1133 978/1347/399 974/1342/342
f 977/1346/840 981/1351/851 983/1353/1134 979/1348/1132
f 979/1348/1132 983/1353/1134 984/1354/1135 980/1349/1133
f 980/1350/1133 984/1355/1135 982/1352/389 978/1347/399
f 981/1351/851 985/1356/850 987/1358/1136 983/1353/1134
f 983/1353/1134 987/1358/1136 988/1359/1137 984/1354/1135
f 984/1355/1135 988/1360/1137 986/1357/378 982/1352/389
f 985/1356/850 989/1361/849 991/1363/1138 987/1358/1136
f 987/1358/1136 991/1363/1138 992/1364/1139 988/1359/1137
f 988/1360/1137 992/1365/1139 990/1362/372 986/1357/378
f 989/1361/849 993/1366/848 995/1368/1140 991/1363/1138
f 991/1363/1138 995/1368/1140 996/1369/1141 992/1364/1139
f 992/1365/1139 996/1370/1141 994/1367/366 990/1362/372
f 993/1366/848 997/1371/847 999/1373/1142 995/1368/1140
f 995/1368/1140 999/1373/1142 1000/1374/1143 996/1369/1141
f 996/1370/1141 1000/1375/1143 998/1372/360 994/1367/366
f 997/1371/847 1001/1376/846 1003/1378/1144 999/1373/1142
f 999/1373/1142 1003/1378/1144 1004/1379/1145 1000/1374/1143
f 1000/1375/1143 1004/1380/1145 1002/1377/354 998/1372/360
f 1001/1376/846 1005/1381/845 1007/1383/1146 1003/1378/1144
f 1003/1378/1144 1007/1383/1146 1008/1384/1147 1004/1379/1145
f 1004/1380/1145 1008/1385/1147 1006/1382/348 1002/1377/354
f 1005/1381/845 1009/1386/844 1011/1388/1148 1007/1383/1146
f 1007/1383/1146 1011/1388/1148 1012/1389/1149 1008/1384/1147
f 1008/1385/1147 1012/1390/1149 1010/1387/331 1006/1382/348
f 1009/1386/844 1014/1392/843 1016/1395/1128 1011/1388/1148
f 1011/1388/1148 1016/1395/1128 1015/1393/1129 1012/1389/1149
f 1012/1390/1149 1015/1394/1129 1013/1391/332 1010/1387/331
f 1017/1396/333 1021/1404/317 1023/1406/1150 1019/1400/1151
f 1019/1399/1151 1023/1407/1150 1024/1408/1152 1020/1402/1153
f 1020/1402/1153 1024/1408/1152 1022/1405/384 1018/1397/383
f 1021/1404/317 1025/1409/320 1027/1411/1154 1023/1406/1150
f 1023/1407/1150 1027/1412/1154 1028/1413/1155 1024/1408/1152
f 1024/1408/1152 1028/1413/1155 1026/1410/934 1022/1405/384
f 1025/1409/320 1029/1414/478 1031/1416/1156 1027/1411/1154
f 1027/1412/1154 1031/1417/1156 1032/1418/1157 1028/1413/1155
f 1028/1413/1155 1032/1418/1157 1030/1415/935 1026/1410/934
f 1029/1414/478 1033/1419/470 1035/1421/1158 1031/1416/1156
f 1031/1417/1156 1035/1422/1158 1036/1423/1159 1032/1418/1157
f 1032/1418/1157 1036/1423/1159 1034/1420/936 1030/1415/935
f 1033/1419/470 1037/1424/402 1039/1426/1160 1035/1421/1158
f 1035/1422/1158 1039/1427/1160 1040/1428/1161 1036/1423/1159
f 1036/1423/1159 1040/1428/1161 1038/1425/937 1034/1420/936
f 1037/1424/402 1041/1429/390 1043/1431/1162 1039/1426/1160
f 1039/1427/1160 1043/1432/1162 1044/1433/1163 1040/1428/1161
f 1040/1428/1161 1044/1433/1163 1042/1430/938 1038/1425/937
f 1041/1429/390 1045/1434/379 1047/1436/1164 1043/1431/1162
f 1043/1432/1162 1047/1437/1164 1048/1438/1165 1044/1433/1163
f 1044/1433/1163 1048/1438/1165 1046/1435/939 1042/1430/938
f 1045/1434/379 1049/1439/373 1051/1441/1166 1047/1436/1164
f 1047/1437/1164 1051/1442/1166 1052/1443/1167 1048/1438/1165
f 1048/1438/1165 1052/1443/1167 1050/1440/940 1046/1435/939
f 1049/1439/373 1053/1444/369 1055/1446/1168 1051/1441/1166
f 1051/1442/1166 1055/1447/1168 1056/1448/1169 1052/1443/1167
f 1052/1443/1167 1056/1448/1169 1054/1445/941 1050/1440/940
f 1053/1444/369 1058/1450/357 1060/1452/1121 1055/1446/1168
f 1055/1447/1168 1060/1453/1121 1059/1451/1123 1056/1448/1169
f 1056/1448/1169 1059/1451/1123 1057/1449/367 1054/1445/941
f 1062/1455/395 1065/1462/394 1067/1464/1170 1064/1460/1171
f 1064/1460/1171 1067/1464/1170 1068/1465/1172 1063/1457/1173
f 1063/1458/1173 1068/1466/1172 1066/1463/350 1061/1454/356
f 1065/1462/394 1069/1467/942 1071/1469/1174 1067/1464/1170
f 1067/1464/1170 1071/1469/1174 1072/1470/1175 1068/1465/1172
f 1068/1466/1172 1072/1471/1175 1070/1468/336 1066/1463/350
f 1069/1467/942 1073/1472/943 1075/1474/1176 1071/1469/1174
f 1071/1469/1174 1075/1474/1176 1076/1475/1177 1072/1470/1175
f 1072/1471/1175 1076/1476/1177 1074/1473/322 1070/1468/336
f 1073/1472/943 1077/1477/944 1079/1479/1178 1075/1474/1176
f 1075/1474/1176 1079/1479/1178 1080/1480/1179 1076/1475/1177
f 1076/1476/1177 1080/1481/1179 1078/1478/323 1074/1473/322
f 1077/1477/944 1081/1482/945 1083/1484/1180 1079/1479/1178
f 1079/1479/1178 1083/1484/1180 1084/1485/1181 1080/1480/1179
f 1080/1481/1179 1084/1486/1181 1082/1483/481 1078/1478/323
f 1081/1482/945 1085/1487/946 1087/1489/1182 1083/1484/1180
f 1083/1484/1180 1087/1489/1182 1088/1490/1183 1084/1485/1181
f 1084/1486/1181 1088/1491/1183 1086/1488/475 1082/1483/481
f 1085/1487/946 1089/1492/947 1091/1494/1184 1087/1489/1182
f 1087/1489/1182 1091/1494/1184 1092/1495/1185 1088/1490/1183
f 1088/1491/1183 1092/1496/1185 1090/1493/405 1086/1488/475
f 1089/1492/947 1093/1497/948 1095/1499/1186 1091/1494/1184
f 1091/1494/1184 1095/1499/1186 1096/1500/1187 1092/1495/1185
f 1092/1496/1185 1096/1501/1187 1094/1498/397 1090/1493/405
f 1093/1497/948 1097/1502/949 1099/1504/1188 1095/1499/1186
f 1095/1499/1186 1099/1504/1188 1100/1505/1189 1096/1500/1187
f 1096/1501/1187 1100/1506/1189 1098/1503/387 1094/1498/397
f 1097/1502/949 1102/1508/477 1104/1511/1125 1099/1504/1188
f 1099/1504/1188 1104/1511/1125 1103/1509/1127 1100/1505/1189
f 1100/1506/1189 1103/1510/1127 1101/1507/340 1098/1503/387
f 1146/1563/355 1141/1557/472 1143/1559/1190 1148/1565/1191
f 1148/1566/1191 1143/1560/1190 1144/1561/1192 1147/1564/1193
f 1147/1564/1193 1144/1561/1192 1142/1558/861 1145/1562/860
f 1141/1557/472 1137/1552/344 1139/1554/1194 1143/1559/1190
f 1143/1560/1190 1139/1555/1194 1140/1556/1195 1144/1561/1192
f 1144/1561/1192 1140/1556/1195 1138/1553/870 1142/1558/861
f 1137/1552/344 1133/1547/343 1135/1549/1196 1139/1554/1194
f 1139/1555/1194 1135/1550/1196 1136/1551/1197 1140/1556/1195
f 1140/1556/1195 1136/1551/1197 1134/1548/879 1138/1553/870
f 1133/1547/343 1129/1542/361 1131/1544/1198 1135/1549/1196
f 1135/1550/1196 1131/1545/1198 1132/1546/1199 1136/1551/1197
f 1136/1551/1197 1132/1546/1199 1130/1543/888 1134/1548/879
f 1129/1542/361 1125/1537/375 1127/1539/1200 1131/1544/1198
f 1131/1545/1198 1127/1540/1200 1128/1541/1201 1132/1546/1199
f 1132/1546/1199 1128/1541/1201 1126/1538/897 1130/1543/888
f 1125/1537/375 1121/1532/400 1123/1534/1202 1127/1539/1200
f 1127/1540/1200 1123/1535/1202 1124/1536/1203 1128/1541/1201
f 1128/1541/1201 1124/1536/1203 1122/1533/906 1126/1538/897
f 1121/1532/400 1117/1527/326 1119/1529/1204 1123/1534/1202
f 1123/1535/1202 1119/1530/1204 1120/1531/1205 1124/1536/1203
f 1124/1536/1203 1120/1531/1205 1118/1528/915 1122/1533/906
f 1117/1527/326 1113/1522/325 1115/1524/1206 1119/1529/1204
f 1119/1530/1204 1115/1525/1206 1116/1526/1207 1120/1531/1205
f 1120/1531/1205 1116/1526/1207 1114/1523/924 1118/1528/915
f 1113/1522/325 1109/1517/351 1111/1519/1208 1115/1524/1206
f 1115/1525/1206 1111/1520/1208 1112/1521/1209 1116/1526/1207
f 1116/1526/1207 1112/1521/1209 1110/1518/933 1114/1523/924
f 1109/1517/351 1105/1512/334 1107/1514/1210 1111/1519/1208
f 1111/1520/1208 1107/1515/1210 1108/1516/1211 1112/1521/1209
f 1112/1521/1209 1108/1516/1211 1106/1513/842 1110/1518/933
f 1105/1512/334 1017/1396/333 1019/1400/1151 1107/1514/1210
f 1107/1515/1210 1019/1401/1151 1020/1403/1153 1108/1516/1211
f 1108/1516/1211 1020/1403/1153 1018/1398/383 1106/1513/842
f 1061/1454/356 1146/1563/355 1148/1565/1191 1063/1458/1173
f 1063/1459/1173 1148/1566/1191 1147/1564/1193 1064/1461/1171
f 1064/1461/1171 1147/1564/1193 1145/1562/860 1062/1456/395
f 120/223/169 26/63/23 966/1327/368 1014/1392/843
f 1158/1586/89 1162/1593/501 1164/1597/500 1160/1588/1212
f 1160/1589/1212 1164/1598/500 1163/1595/499 1159/1587/1213
f 1159/1587/1213 1163/1595/499 1161/1591/498 1157/1585/539
f 1153/1576/540 1165/1599/96 1167/1601/1214 1155/1580/1215
f 1155/1581/1215 1167/1602/1214 1168/1603/1216 1156/1583/1217
f 1156/1583/1217 1168/1603/1216 1166/1600/77 1154/1578/531
f 1170/1605/90 1158/1586/89 1160/1588/1212 1172/1607/1218
f 1172/1608/1218 1160/1589/1212 1159/1587/1213 1171/1606/1219
f 1171/1606/1219 1159/1587/1213 1157/1585/539 1169/1604/495
f 1186/1629/87 1177/1618/509 1179/1620/1220 1188/1632/1221
f 1188/1632/1221 1179/1620/1220 1180/1621/1222 1187/1630/1223
f 1187/1631/1223 1180/1622/1222 1178/1619/92 1185/1628/91
f 1177/1618/509 1174/1612/505 1176/1617/504 1179/1620/1220
f 1179/1620/1220 1176/1617/504 1175/1614/503 1180/1621/1222
f 1180/1622/1222 1175/1615/503 1173/1610/502 1178/1619/92
f 1149/1567/507 1181/1623/72 1183/1625/1224 1151/1571/1225
f 1151/1571/1225 1183/1625/1224 1184/1626/1226 1152/1573/1227
f 1152/1574/1227 1184/1627/1226 1182/1624/97 1150/1569/541
f 1165/1599/96 1189/1633/95 1191/1635/1228 1167/1601/1214
f 1167/1602/1214 1191/1636/1228 1192/1637/1229 1168/1603/1216
f 1168/1603/1216 1192/1637/1229 1190/1634/78 1166/1600/77
f 1189/1633/95 1193/1638/93 1195/1640/1230 1191/1635/1228
f 1191/1636/1228 1195/1641/1230 1196/1642/1231 1192/1637/1229
f 1192/1637/1229 1196/1642/1231 1194/1639/521 1190/1634/78
f 1193/1638/93 1197/1643/83 1199/1645/1232 1195/1640/1230
f 1195/1641/1230 1199/1646/1232 1200/1647/1233 1196/1642/1231
f 1196/1642/1231 1200/1647/1233 1198/1644/519 1194/1639/521
f 1197/1643/83 1201/1648/79 1203/1650/1234 1199/1645/1232
f 1199/1646/1232 1203/1651/1234 1204/1652/1235 1200/1647/1233
f 1200/1647/1233 1204/1652/1235 1202/1649/517 1198/1644/519
f 1201/1648/79 1205/1653/66 1207/1655/1236 1203/1650/1234
f 1203/1651/1234 1207/1656/1236 1208/1657/1237 1204/1652/1235
f 1204/1652/1235 1208/1657/1237 1206/1654/515 1202/1649/517
f 1205/1653/66 1209/1658/65 1211/1660/1238 1207/1655/1236
f 1207/1656/1236 1211/1661/1238 1212/1662/1239 1208/1657/1237
f 1208/1657/1237 1212/1662/1239 1210/1659/52 1206/1654/515
f 1209/1658/65 1213/1663/522 1215/1665/1240 1211/1660/1238
f 1211/1661/1238 1215/1666/1240 1216/1667/1241 1212/1662/1239
f 1212/1662/1239 1216/1667/1241 1214/1664/53 1210/1659/52
f 1213/1663/522 1217/1668/526 1219/1670/1242 1215/1665/1240
f 1215/1666/1240 1219/1671/1242 1220/1672/1243 1216/1667/1241
f 1216/1667/1241 1220/1672/1243 1218/1669/513 1214/1664/53
f 1217/1668/526 1221/1673/532 1223/1675/1244 1219/1670/1242
f 1219/1671/1242 1223/1676/1244 1224/1677/1245 1220/1672/1243
f 1220/1672/1243 1224/1677/1245 1222/1674/511 1218/1669/513
f 1221/1673/532 1225/1678/536 1227/1680/1246 1223/1675/1244
f 1223/1676/1244 1227/1681/1246 1228/1682/1247 1224/1677/1245
f 1224/1677/1245 1228/1682/1247 1226/1679/494 1222/1674/511
f 1225/1678/536 1170/1605/90 1172/1607/1218 1227/1680/1246
f 1227/1681/1246 1172/1608/1218 1171/1606/1219 1228/1682/1247
f 1228/1682/1247 1171/1606/1219 1169/1604/495 1226/1679/494
f 1181/1623/72 1229/1683/71 1231/1685/1248 1183/1625/1224
f 1183/1625/1224 1231/1685/1248 1232/1686/1249 1184/1626/1226
f 1184/1627/1226 1232/1687/1249 1230/1684/98 1182/1624/97
f 1229/1683/71 1233/1688/82 1235/1690/1250 1231/1685/1248
f 1231/1685/1248 1235/1690/1250 1236/1691/1251 1232/1686/1249
f 1232/1687/1249 1236/1692/1251 1234/1689/94 1230/1684/98
f 1233/1688/82 1237/1693/74 1239/1695/1252 1235/1690/1250
f 1235/1690/1250 1239/1695/1252 1240/1696/1253 1236/1691/1251
f 1236/1692/1251 1240/1697/1253 1238/1694/84 1234/1689/94
f 1237/1693/74 1241/1698/57 1243/1700/1254 1239/1695/1252
f 1239/1695/1252 1243/1700/1254 1244/1701/1255 1240/1696/1253
f 1240/1697/1253 1244/1702/1255 1242/1699/80 1238/1694/84
f 1241/1698/57 1245/1703/49 1247/1705/1256 1243/1700/1254
f 1243/1700/1254 1247/1705/1256 1248/1706/1257 1244/1701/1255
f 1244/1702/1255 1248/1707/1257 1246/1704/67 1242/1699/80
f 1245/1703/49 1249/1708/48 1251/1710/1258 1247/1705/1256
f 1247/1705/1256 1251/1710/1258 1252/1711/1259 1248/1706/1257
f 1248/1707/1257 1252/1712/1259 1250/1709/68 1246/1704/67
f 1249/1708/48 1253/1713/525 1255/1715/1260 1251/1710/1258
f 1251/1710/1258 1255/1715/1260 1256/1716/1261 1252/1711/1259
f 1252/1712/1259 1256/1717/1261 1254/1714/523 1250/1709/68
f 1253/1713/525 1257/1718/529 1259/1720/1262 1255/1715/1260
f 1255/1715/1260 1259/1720/1262 1260/1721/1263 1256/1716/1261
f 1256/1717/1261 1260/1722/1263 1258/1719/527 1254/1714/523
f 1257/1718/529 1261/1723/535 1263/1725/1264 1259/1720/1262
f 1259/1720/1262 1263/1725/1264 1264/1726/1265 1260/1721/1263
f 1260/1722/1263 1264/1727/1265 1262/1724/533 1258/1719/527
f 1261/1723/535 1265/1728/88 1267/1730/1266 1263/1725/1264
f 1263/1725/1264 1267/1730/1266 1268/1731/1267 1264/1726/1265
f 1264/1727/1265 1268/1732/1267 1266/1729/537 1262/1724/533
f 1265/1728/88 1186/1629/87 1188/1632/1221 1267/1730/1266
f 1267/1730/1266 1188/1632/1221 1187/1630/1223 1268/1731/1267
f 1268/1732/1267 1187/1631/1223 1185/1628/91 1266/1729/537
f 595/897/530 535/812/506 1149/1568/507 1151/1572/1225 1152/1575/1227 1150/1570/541 1153/1577/540 1155/1582/1215 1156/1584/1217 1154/1579/531
f 18/41/45 30/73/44 1282/1759/1268 1283/1761/1269
f 1283/1761/1269 1282/1759/1268 1281/1757/1270 1284/1763/1271
f 1284/1763/1271 1281/1757/1270 1280/1755/1272 1285/1765/1273
f 1285/1765/1273 1280/1755/1272 1279/1753/1274 1286/1767/1275
f 1286/1767/1275 1279/1753/1274 1278/1751/1276 1287/1769/1277
f 1287/1769/1277 1278/1751/1276 1277/1749/1278 1288/1771/1279
f 1288/1771/1279 1277/1749/1278 1276/1747/488 1289/1773/491
f 13/28/13 1/1/16 1296/1787/1280 1269/1733/1281
f 1269/1733/1281 1296/1787/1280 1295/1785/1282 1270/1735/1283
f 1270/1735/1283 1295/1785/1282 1294/1783/1284 1271/1737/1285
f 1271/1737/1285 1294/1783/1284 1293/1781/1286 1272/1739/1287
f 1272/1739/1287 1293/1781/1286 1292/1779/1288 1273/1741/1289
f 1273/1741/1289 1292/1779/1288 1291/1777/1290 1274/1743/1291
f 1274/1743/1291 1291/1777/1290 1290/1775/490 1275/1745/489
f 1/2/16 18/42/45 1283/1762/1269 1296/1788/1280
f 1296/1788/1280 1283/1762/1269 1284/1764/1271 1295/1786/1282
f 1295/1786/1282 1284/1764/1271 1285/1766/1273 1294/1784/1284
f 1294/1784/1284 1285/1766/1273 1286/1768/1275 1293/1782/1286
f 1293/1782/1286 1286/1768/1275 1287/1770/1277 1292/1780/1288
f 1292/1780/1288 1287/1770/1277 1288/1772/1279 1291/1778/1290
f 1291/1778/1290 1288/1772/1279 1289/1774/491 1290/1776/490
f 30/74/44 13/29/13 1269/1734/1281 1282/1760/1268
f 1282/1760/1268 1269/1734/1281 1270/1736/1283 1281/1758/1270
f 1281/1758/1270 1270/1736/1283 1271/1738/1285 1280/1756/1272
f 1280/1756/1272 1271/1738/1285 1272/1740/1287 1279/1754/1274
f 1279/1754/1274 1272/1740/1287 1273/1742/1289 1278/1752/1276
f 1278/1752/1276 1273/1742/1289 1274/1744/1291 1277/1750/1278
f 1277/1750/1278 1274/1744/1291 1275/1746/489 1276/1748/488
f 32/79/28 21/49/9 1324/1843/1268 1297/1789/1269
f 1297/1789/1269 1324/1843/1268 1323/1841/1270 1298/1791/1271
f 1298/1791/1271 1323/1841/1270 1322/1839/1272 1299/1793/1273
f 1299/1793/1273 1322/1839/1272 1321/1837/1274 1300/1795/1275
f 1300/1795/1275 1321/1837/1274 1320/1835/1276 1301/1797/1277
f 1301/1797/1277 1320/1835/1276 1319/1833/1278 1302/1799/1279
f 1302/1799/1279 1319/1833/1278 1318/1831/488 1303/1801/491
f 5/10/12 14/31/29 1310/1815/1280 1311/1817/1281
f 1311/1817/1281 1310/1815/1280 1309/1813/1282 1312/1819/1283
f 1312/1819/1283 1309/1813/1282 1308/1811/1284 1313/1821/1285
f 1313/1821/1285 1308/1811/1284 1307/1809/1286 1314/1823/1287
f 1314/1823/1287 1307/1809/1286 1306/1807/1288 1315/1825/1289
f 1315/1825/1289 1306/1807/1288 1305/1805/1290 1316/1827/1291
f 1316/1827/1291 1305/1805/1290 1304/1803/490 1317/1829/489
f 21/50/9 5/11/12 1311/1818/1281 1324/1844/1268
f 1324/1844/1268 1311/1818/1281 1312/1820/1283 1323/1842/1270
f 1323/1842/1270 1312/1820/1283 1313/1822/1285 1322/1840/1272
f 1322/1840/1272 1313/1822/1285 1314/1824/1287 1321/1838/1274
f 1321/1838/1274 1314/1824/1287 1315/1826/1289 1320/1836/1276
f 1320/1836/1276 1315/1826/1289 1316/1828/1291 1319/1834/1278
f 1319/1834/1278 1316/1828/1291 1317/1830/489 1318/1832/488
f 14/32/29 32/80/28 1297/1790/1269 1310/1816/1280
f 1310/1816/1280 1297/1790/1269 1298/1792/1271 1309/1814/1282
f 1309/1814/1282 1298/1792/1271 1299/1794/1273 1308/1812/1284
f 1308/1812/1284 1299/1794/1273 1300/1796/1275 1307/1810/1286
f 1307/1810/1286 1300/1796/1275 1301/1798/1277 1306/1808/1288
f 1306/1808/1288 1301/1798/1277 1302/1800/1279 1305/1806/1290
f 1305/1806/1290 1302/1800/1279 1303/1802/491 1304/1804/490
f 22/52/62 31/76/36 1345/1885/1292 1346/1887/1293
f 1346/1887/1293 1345/1885/1292 1344/1883/1294 1347/1889/1295
f 1347/1889/1295 1344/1883/1294 1343/1881/1296 1348/1891/1297
f 1348/1891/1297 1343/1881/1296 1342/1879/1298 1349/1893/1299
f 1349/1893/1299 1342/1879/1298 1341/1877/1300 1350/1895/1301
f 1350/1895/1301 1341/1877/1300 1340/1875/1302 1351/1897/1303
f 1351/1897/1303 1340/1875/1302 1339/1873/17 1352/1899/487
f 7/15/8 22/53/62 1346/1888/1293 1325/1845/1304
f 1325/1845/1304 1346/1888/1293 1347/1890/1295 1326/1847/1305
f 1326/1847/1305 1347/1890/1295 1348/1892/1297 1327/1849/1306
f 1327/1849/1306 1348/1892/1297 1349/1894/1299 1328/1851/1307
f 1328/1851/1307 1349/1894/1299 1350/1896/1301 1329/1853/1308
f 1329/1853/1308 1350/1896/1301 1351/1898/1303 1330/1855/1309
f 1330/1855/1309 1351/1898/1303 1352/1900/487 1331/1857/40
f 9/20/5 7/16/8 1325/1846/1304 1338/1871/1310
f 1338/1871/1310 1325/1846/1304 1326/1848/1305 1337/1869/1311
f 1337/1869/1311 1326/1848/1305 1327/1850/1306 1336/1867/1312
f 1336/1867/1312 1327/1850/1306 1328/1852/1307 1335/1865/1313
f 1335/1865/1313 1328/1852/1307 1329/1854/1308 1334/1863/1314
f 1334/1863/1314 1329/1854/1308 1330/1856/1309 1333/1861/1315
f 1333/1861/1315 1330/1856/1309 1331/1858/40 1332/1859/18
f 31/77/36 9/21/5 1338/1872/1310 1345/1886/1292
f 1345/1886/1292 1338/1872/1310 1337/1870/1311 1344/1884/1294
f 1344/1884/1294 1337/1870/1311 1336/1868/1312 1343/1882/1296
f 1343/1882/1296 1336/1868/1312 1335/1866/1313 1342/1880/1298
f 1342/1880/1298 1335/1866/1313 1334/1864/1314 1341/1878/1300
f 1341/1878/1300 1334/1864/1314 1333/1862/1315 1340/1876/1302
f 1340/1876/1302 1333/1862/1315 1332/1860/18 1339/1874/17
f 10/23/33 29/70/121 1380/1955/1293 1353/1901/1304
f 1353/1901/1304 1380/1955/1293 1379/1953/1295 1354/1903/1305
f 1354/1903/1305 1379/1953/1295 1378/1951/1297 1355/1905/1306
f 1355/1905/1306 1378/1951/1297 1377/1949/1299 1356/1907/1307
f 1356/1907/1307 1377/1949/1299 1376/1947/1301 1357/1909/1308
f 1357/1909/1308 1376/1947/1301 1375/1945/1303 1358/1911/1309
f 1358/1911/1309 1375/1945/1303 1374/1943/487 1359/1913/40
f 29/71/121 17/38/1 1373/1941/1292 1380/1956/1293
f 1380/1956/1293 1373/1941/1292 1372/1939/1294 1379/1954/1295
f 1379/1954/1295 1372/1939/1294 1371/1937/1296 1378/1952/1297
f 1378/1952/1297 1371/1937/1296 1370/1935/1298 1377/1950/1299
f 1377/1950/1299 1370/1935/1298 1369/1933/1300 1376/1948/1301
f 1376/1948/1301 1369/1933/1300 1368/1931/1302 1375/1946/1303
f 1375/1946/1303 1368/1931/1302 1367/1929/17 1374/1944/487
f 3/6/4 10/24/33 1353/1902/1304 1366/1927/1310
f 1366/1927/1310 1353/1902/1304 1354/1904/1305 1365/1925/1311
f 1365/1925/1311 1354/1904/1305 1355/1906/1306 1364/1923/1312
f 1364/1923/1312 1355/1906/1306 1356/1908/1307 1363/1921/1313
f 1363/1921/1313 1356/1908/1307 1357/1910/1308 1362/1919/1314
f 1362/1919/1314 1357/1910/1308 1358/1912/1309 1361/1917/1315
f 1361/1917/1315 1358/1912/1309 1359/1914/40 1360/1915/18
f 17/39/1 3/7/4 1366/1928/1310 1373/1942/1292
f 1373/1942/1292 1366/1928/1310 1365/1926/1311 1372/1940/1294
f 1372/1940/1294 1365/1926/1311 1364/1924/1312 1371/1938/1296
f 1371/1938/1296 1364/1924/1312 1363/1922/1313 1370/1936/1298
f 1370/1936/1298 1363/1922/1313 1362/1920/1314 1369/1934/1300
f 1369/1934/1300 1362/1920/1314 1361/1918/1315 1368/1932/1302
f 1368/1932/1302 1361/1918/1315 1360/1916/18 1367/1930/17
